vGBL Period,vGBL Version,vGBL Account,vGBL Cost Centre,vCST Cost Pool,vCST Service Line,vCST Account Config Measure,vAmount
2026-04,Budget,4001,D001,Input,Input,Amount,621905
2026-04,Budget,4001,D002,Input,Input,Amount,628540
2026-04,Budget,4001,D003,Input,Input,Amount,619453
2026-04,Budget,4001,D004,Input,Input,Amount,618618
2026-04,Budget,4001,D005,Input,Input,Amount,602059
2026-04,Budget,4001,D006,Input,Input,Amount,610108
2026-04,Budget,4001,D007,Input,Input,Amount,592601
2026-04,Budget,4001,D008,Input,Input,Amount,598217
2026-04,Budget,4001,D009,Input,Input,Amount,624796
2026-04,Budget,4001,D010,Input,Input,Amount,604867
2026-04,Budget,4001,D011,Input,Input,Amount,63658
2026-04,Budget,4001,D012,Input,Input,Amount,52630
2026-04,Budget,4001,D013,Input,Input,Amount,450414
2026-04,Budget,4001,D014,Input,Input,Amount,384891
2026-04,Budget,4001,D015,Input,Input,Amount,302212
2026-04,Budget,4001,D016,Input,Input,Amount,274805
2026-04,Budget,4001,D017,Input,Input,Amount,464614
2026-04,Budget,4002,D001,Input,Input,Amount,587296
2026-04,Budget,4002,D002,Input,Input,Amount,615741
2026-04,Budget,4002,D003,Input,Input,Amount,581739
2026-04,Budget,4002,D004,Input,Input,Amount,598231
2026-04,Budget,4002,D005,Input,Input,Amount,586698
2026-04,Budget,4002,D006,Input,Input,Amount,615142
2026-04,Budget,4002,D007,Input,Input,Amount,626174
2026-04,Budget,4002,D008,Input,Input,Amount,609714
2026-04,Budget,4002,D009,Input,Input,Amount,622469
2026-04,Budget,4002,D010,Input,Input,Amount,597691
2026-04,Budget,4002,D011,Input,Input,Amount,110986
2026-04,Budget,4002,D012,Input,Input,Amount,605587
2026-04,Budget,4002,D013,Input,Input,Amount,572525
2026-04,Budget,4002,D014,Input,Input,Amount,482995
2026-04,Budget,4002,D015,Input,Input,Amount,307645
2026-04,Budget,4002,D016,Input,Input,Amount,327405
2026-04,Budget,4002,D017,Input,Input,Amount,101521
2026-04,Budget,4003,D001,Input,Input,Amount,581639
2026-04,Budget,4003,D002,Input,Input,Amount,585697
2026-04,Budget,4003,D003,Input,Input,Amount,616781
2026-04,Budget,4003,D004,Input,Input,Amount,580425
2026-04,Budget,4003,D005,Input,Input,Amount,586078
2026-04,Budget,4003,D006,Input,Input,Amount,588180
2026-04,Budget,4003,D007,Input,Input,Amount,584558
2026-04,Budget,4003,D008,Input,Input,Amount,621660
2026-04,Budget,4003,D009,Input,Input,Amount,584679
2026-04,Budget,4003,D010,Input,Input,Amount,621943
2026-04,Budget,4003,D011,Input,Input,Amount,595429
2026-04,Budget,4003,D012,Input,Input,Amount,258177
2026-04,Budget,4003,D013,Input,Input,Amount,284652
2026-04,Budget,4003,D014,Input,Input,Amount,514627
2026-04,Budget,4003,D015,Input,Input,Amount,236849
2026-04,Budget,4003,D016,Input,Input,Amount,71949
2026-04,Budget,4003,D017,Input,Input,Amount,64742
2026-04,Budget,4004,D001,Input,Input,Amount,250772
2026-04,Budget,4004,D002,Input,Input,Amount,299006
2026-04,Budget,4004,D003,Input,Input,Amount,267432
2026-04,Budget,4004,D004,Input,Input,Amount,614501
2026-04,Budget,4004,D005,Input,Input,Amount,186938
2026-04,Budget,4004,D006,Input,Input,Amount,439992
2026-04,Budget,4004,D007,Input,Input,Amount,135718
2026-04,Budget,4004,D008,Input,Input,Amount,105062
2026-04,Budget,4004,D009,Input,Input,Amount,73798
2026-04,Budget,4004,D010,Input,Input,Amount,230459
2026-04,Budget,4004,D011,Input,Input,Amount,258191
2026-04,Budget,4004,D012,Input,Input,Amount,310568
2026-04,Budget,4004,D013,Input,Input,Amount,197517
2026-04,Budget,4004,D014,Input,Input,Amount,343171
2026-04,Budget,4004,D015,Input,Input,Amount,275206
2026-04,Budget,4004,D016,Input,Input,Amount,48757
2026-04,Budget,4004,D017,Input,Input,Amount,358483
2026-04,Budget,4005,D001,Input,Input,Amount,609974
2026-04,Budget,4005,D002,Input,Input,Amount,475146
2026-04,Budget,4005,D003,Input,Input,Amount,261495
2026-04,Budget,4005,D004,Input,Input,Amount,90008
2026-04,Budget,4005,D005,Input,Input,Amount,445769
2026-04,Budget,4005,D006,Input,Input,Amount,203165
2026-04,Budget,4005,D007,Input,Input,Amount,278344
2026-04,Budget,4005,D008,Input,Input,Amount,98274
2026-04,Budget,4005,D009,Input,Input,Amount,95274
2026-04,Budget,4005,D010,Input,Input,Amount,588239
2026-04,Budget,4005,D011,Input,Input,Amount,621162
2026-04,Budget,4005,D012,Input,Input,Amount,251980
2026-04,Budget,4005,D013,Input,Input,Amount,356750
2026-04,Budget,4005,D014,Input,Input,Amount,551636
2026-04,Budget,4005,D015,Input,Input,Amount,252387
2026-04,Budget,4005,D016,Input,Input,Amount,517829
2026-04,Budget,4005,D017,Input,Input,Amount,485199
2026-04,Budget,5001,D001,Input,Input,Amount,378598
2026-04,Budget,5001,D002,Input,Input,Amount,368698
2026-04,Budget,5001,D003,Input,Input,Amount,343031
2026-04,Budget,5001,D004,Input,Input,Amount,379729
2026-04,Budget,5001,D005,Input,Input,Amount,354898
2026-04,Budget,5001,D006,Input,Input,Amount,354807
2026-04,Budget,5001,D007,Input,Input,Amount,333003
2026-04,Budget,5001,D008,Input,Input,Amount,353909
2026-04,Budget,5001,D009,Input,Input,Amount,369920
2026-04,Budget,5001,D010,Input,Input,Amount,375099
2026-04,Budget,5001,D011,Input,Input,Amount,562998
2026-04,Budget,5001,D012,Input,Input,Amount,507909
2026-04,Budget,5001,D013,Input,Input,Amount,583162
2026-04,Budget,5001,D014,Input,Input,Amount,518181
2026-04,Budget,5001,D015,Input,Input,Amount,433874
2026-04,Budget,5001,D016,Input,Input,Amount,280784
2026-04,Budget,5001,D017,Input,Input,Amount,212702
2026-04,Budget,5002,D001,Input,Input,Amount,348024
2026-04,Budget,5002,D002,Input,Input,Amount,357651
2026-04,Budget,5002,D003,Input,Input,Amount,376925
2026-04,Budget,5002,D004,Input,Input,Amount,340463
2026-04,Budget,5002,D005,Input,Input,Amount,336338
2026-04,Budget,5002,D006,Input,Input,Amount,335164
2026-04,Budget,5002,D007,Input,Input,Amount,373336
2026-04,Budget,5002,D008,Input,Input,Amount,340659
2026-04,Budget,5002,D009,Input,Input,Amount,371613
2026-04,Budget,5002,D010,Input,Input,Amount,366500
2026-04,Budget,5002,D011,Input,Input,Amount,451024
2026-04,Budget,5002,D012,Input,Input,Amount,460158
2026-04,Budget,5002,D013,Input,Input,Amount,261508
2026-04,Budget,5002,D014,Input,Input,Amount,82627
2026-04,Budget,5002,D015,Input,Input,Amount,185321
2026-04,Budget,5002,D016,Input,Input,Amount,205683
2026-04,Budget,5002,D017,Input,Input,Amount,566933
2026-04,Budget,5003,D001,Input,Input,Amount,346049
2026-04,Budget,5003,D002,Input,Input,Amount,332082
2026-04,Budget,5003,D003,Input,Input,Amount,372590
2026-04,Budget,5003,D004,Input,Input,Amount,375753
2026-04,Budget,5003,D005,Input,Input,Amount,353526
2026-04,Budget,5003,D006,Input,Input,Amount,366178
2026-04,Budget,5003,D007,Input,Input,Amount,344935
2026-04,Budget,5003,D008,Input,Input,Amount,354260
2026-04,Budget,5003,D009,Input,Input,Amount,341215
2026-04,Budget,5003,D010,Input,Input,Amount,344392
2026-04,Budget,5003,D011,Input,Input,Amount,488707
2026-04,Budget,5003,D012,Input,Input,Amount,399503
2026-04,Budget,5003,D013,Input,Input,Amount,402566
2026-04,Budget,5003,D014,Input,Input,Amount,562485
2026-04,Budget,5003,D015,Input,Input,Amount,363352
2026-04,Budget,5003,D016,Input,Input,Amount,169891
2026-04,Budget,5003,D017,Input,Input,Amount,531079
2026-04,Budget,6001,D001,Input,Input,Amount,79628
2026-04,Budget,6001,D002,Input,Input,Amount,66952
2026-04,Budget,6001,D003,Input,Input,Amount,110962
2026-04,Budget,6001,D004,Input,Input,Amount,92696
2026-04,Budget,6001,D005,Input,Input,Amount,87541
2026-04,Budget,6001,D006,Input,Input,Amount,84213
2026-04,Budget,6001,D007,Input,Input,Amount,83965
2026-04,Budget,6001,D008,Input,Input,Amount,88283
2026-04,Budget,6001,D009,Input,Input,Amount,100005
2026-04,Budget,6001,D010,Input,Input,Amount,109866
2026-04,Budget,6001,D011,Input,Input,Amount,194337
2026-04,Budget,6001,D012,Input,Input,Amount,484344
2026-04,Budget,6001,D013,Input,Input,Amount,565376
2026-04,Budget,6001,D014,Input,Input,Amount,71967
2026-04,Budget,6001,D015,Input,Input,Amount,192689
2026-04,Budget,6001,D016,Input,Input,Amount,584692
2026-04,Budget,6001,D017,Input,Input,Amount,293223
2026-04,Budget,6002,D001,Input,Input,Amount,74144
2026-04,Budget,6002,D002,Input,Input,Amount,71140
2026-04,Budget,6002,D003,Input,Input,Amount,100713
2026-04,Budget,6002,D004,Input,Input,Amount,87298
2026-04,Budget,6002,D005,Input,Input,Amount,104565
2026-04,Budget,6002,D006,Input,Input,Amount,106198
2026-04,Budget,6002,D007,Input,Input,Amount,70229
2026-04,Budget,6002,D008,Input,Input,Amount,78730
2026-04,Budget,6002,D009,Input,Input,Amount,112784
2026-04,Budget,6002,D010,Input,Input,Amount,86252
2026-04,Budget,6002,D011,Input,Input,Amount,55539
2026-04,Budget,6002,D012,Input,Input,Amount,611760
2026-04,Budget,6002,D013,Input,Input,Amount,277808
2026-04,Budget,6002,D014,Input,Input,Amount,424534
2026-04,Budget,6002,D015,Input,Input,Amount,131525
2026-04,Budget,6002,D016,Input,Input,Amount,222321
2026-04,Budget,6002,D017,Input,Input,Amount,308869
2026-04,Budget,6003,D001,Input,Input,Amount,113265
2026-04,Budget,6003,D002,Input,Input,Amount,79328
2026-04,Budget,6003,D003,Input,Input,Amount,92493
2026-04,Budget,6003,D004,Input,Input,Amount,83210
2026-04,Budget,6003,D005,Input,Input,Amount,82335
2026-04,Budget,6003,D006,Input,Input,Amount,105535
2026-04,Budget,6003,D007,Input,Input,Amount,80256
2026-04,Budget,6003,D008,Input,Input,Amount,108920
2026-04,Budget,6003,D009,Input,Input,Amount,81043
2026-04,Budget,6003,D010,Input,Input,Amount,68665
2026-04,Budget,6003,D011,Input,Input,Amount,250386
2026-04,Budget,6003,D012,Input,Input,Amount,242965
2026-04,Budget,6003,D013,Input,Input,Amount,591654
2026-04,Budget,6003,D014,Input,Input,Amount,395890
2026-04,Budget,6003,D015,Input,Input,Amount,215151
2026-04,Budget,6003,D016,Input,Input,Amount,40442
2026-04,Budget,6003,D017,Input,Input,Amount,211159
2026-04,Budget,6004,D001,Input,Input,Amount,71717
2026-04,Budget,6004,D002,Input,Input,Amount,80247
2026-04,Budget,6004,D003,Input,Input,Amount,79446
2026-04,Budget,6004,D004,Input,Input,Amount,75189
2026-04,Budget,6004,D005,Input,Input,Amount,67847
2026-04,Budget,6004,D006,Input,Input,Amount,88700
2026-04,Budget,6004,D007,Input,Input,Amount,71619
2026-04,Budget,6004,D008,Input,Input,Amount,82496
2026-04,Budget,6004,D009,Input,Input,Amount,75708
2026-04,Budget,6004,D010,Input,Input,Amount,80010
2026-04,Budget,6004,D011,Input,Input,Amount,507740
2026-04,Budget,6004,D012,Input,Input,Amount,66549
2026-04,Budget,6004,D013,Input,Input,Amount,370149
2026-04,Budget,6004,D014,Input,Input,Amount,590876
2026-04,Budget,6004,D015,Input,Input,Amount,392948
2026-04,Budget,6004,D016,Input,Input,Amount,204222
2026-04,Budget,6004,D017,Input,Input,Amount,243386
2026-04,Budget,6005,D001,Input,Input,Amount,109348
2026-04,Budget,6005,D002,Input,Input,Amount,98118
2026-04,Budget,6005,D003,Input,Input,Amount,94439
2026-04,Budget,6005,D004,Input,Input,Amount,79110
2026-04,Budget,6005,D005,Input,Input,Amount,112823
2026-04,Budget,6005,D006,Input,Input,Amount,102837
2026-04,Budget,6005,D007,Input,Input,Amount,89911
2026-04,Budget,6005,D008,Input,Input,Amount,110994
2026-04,Budget,6005,D009,Input,Input,Amount,95294
2026-04,Budget,6005,D010,Input,Input,Amount,67103
2026-04,Budget,6005,D011,Input,Input,Amount,120514
2026-04,Budget,6005,D012,Input,Input,Amount,347706
2026-04,Budget,6005,D013,Input,Input,Amount,36391
2026-04,Budget,6005,D014,Input,Input,Amount,415198
2026-04,Budget,6005,D015,Input,Input,Amount,71433
2026-04,Budget,6005,D016,Input,Input,Amount,330305
2026-04,Budget,6005,D017,Input,Input,Amount,289117
2026-04,Budget,6006,D001,Input,Input,Amount,541718
2026-04,Budget,6006,D002,Input,Input,Amount,79013
2026-04,Budget,6006,D003,Input,Input,Amount,202386
2026-04,Budget,6006,D004,Input,Input,Amount,131923
2026-04,Budget,6006,D005,Input,Input,Amount,398377
2026-04,Budget,6006,D006,Input,Input,Amount,136216
2026-04,Budget,6006,D007,Input,Input,Amount,136591
2026-04,Budget,6006,D008,Input,Input,Amount,222768
2026-04,Budget,6006,D009,Input,Input,Amount,542498
2026-04,Budget,6006,D010,Input,Input,Amount,338891
2026-04,Budget,6006,D011,Input,Input,Amount,252705
2026-04,Budget,6006,D012,Input,Input,Amount,606650
2026-04,Budget,6006,D013,Input,Input,Amount,395227
2026-04,Budget,6006,D014,Input,Input,Amount,452150
2026-04,Budget,6006,D015,Input,Input,Amount,71402
2026-04,Budget,6006,D016,Input,Input,Amount,588763
2026-04,Budget,6006,D017,Input,Input,Amount,554141
2026-04,Budget,6007,D001,Input,Input,Amount,44742
2026-04,Budget,6007,D002,Input,Input,Amount,410516
2026-04,Budget,6007,D003,Input,Input,Amount,65895
2026-04,Budget,6007,D004,Input,Input,Amount,286297
2026-04,Budget,6007,D005,Input,Input,Amount,230612
2026-04,Budget,6007,D006,Input,Input,Amount,117581
2026-04,Budget,6007,D007,Input,Input,Amount,86304
2026-04,Budget,6007,D008,Input,Input,Amount,352894
2026-04,Budget,6007,D009,Input,Input,Amount,310299
2026-04,Budget,6007,D010,Input,Input,Amount,381462
2026-04,Budget,6007,D011,Input,Input,Amount,362385
2026-04,Budget,6007,D012,Input,Input,Amount,427985
2026-04,Budget,6007,D013,Input,Input,Amount,222326
2026-04,Budget,6007,D014,Input,Input,Amount,269223
2026-04,Budget,6007,D015,Input,Input,Amount,444516
2026-04,Budget,6007,D016,Input,Input,Amount,384479
2026-04,Budget,6007,D017,Input,Input,Amount,433870
2026-04,Budget,6008,D001,Input,Input,Amount,68000
2026-04,Budget,6008,D002,Input,Input,Amount,369422
2026-04,Budget,6008,D003,Input,Input,Amount,184286
2026-04,Budget,6008,D004,Input,Input,Amount,555783
2026-04,Budget,6008,D005,Input,Input,Amount,275738
2026-04,Budget,6008,D006,Input,Input,Amount,76319
2026-04,Budget,6008,D007,Input,Input,Amount,68126
2026-04,Budget,6008,D008,Input,Input,Amount,305631
2026-04,Budget,6008,D009,Input,Input,Amount,92185
2026-04,Budget,6008,D010,Input,Input,Amount,527259
2026-04,Budget,6008,D011,Input,Input,Amount,590735
2026-04,Budget,6008,D012,Input,Input,Amount,197890
2026-04,Budget,6008,D013,Input,Input,Amount,162389
2026-04,Budget,6008,D014,Input,Input,Amount,198313
2026-04,Budget,6008,D015,Input,Input,Amount,381853
2026-04,Budget,6008,D016,Input,Input,Amount,621719
2026-04,Budget,6008,D017,Input,Input,Amount,254002
2026-04,Budget,6009,D001,Input,Input,Amount,561009
2026-04,Budget,6009,D002,Input,Input,Amount,181148
2026-04,Budget,6009,D003,Input,Input,Amount,195602
2026-04,Budget,6009,D004,Input,Input,Amount,200877
2026-04,Budget,6009,D005,Input,Input,Amount,186603
2026-04,Budget,6009,D006,Input,Input,Amount,227674
2026-04,Budget,6009,D007,Input,Input,Amount,141347
2026-04,Budget,6009,D008,Input,Input,Amount,226250
2026-04,Budget,6009,D009,Input,Input,Amount,496353
2026-04,Budget,6009,D010,Input,Input,Amount,512281
2026-04,Budget,6009,D011,Input,Input,Amount,523701
2026-04,Budget,6009,D012,Input,Input,Amount,267856
2026-04,Budget,6009,D013,Input,Input,Amount,507682
2026-04,Budget,6009,D014,Input,Input,Amount,130821
2026-04,Budget,6009,D015,Input,Input,Amount,112548
2026-04,Budget,6009,D016,Input,Input,Amount,184716
2026-04,Budget,6009,D017,Input,Input,Amount,487892
2026-04,Budget,6010,D001,Input,Input,Amount,221368
2026-04,Budget,6010,D002,Input,Input,Amount,136134
2026-04,Budget,6010,D003,Input,Input,Amount,223939
2026-04,Budget,6010,D004,Input,Input,Amount,359137
2026-04,Budget,6010,D005,Input,Input,Amount,284742
2026-04,Budget,6010,D006,Input,Input,Amount,146563
2026-04,Budget,6010,D007,Input,Input,Amount,549387
2026-04,Budget,6010,D008,Input,Input,Amount,415708
2026-04,Budget,6010,D009,Input,Input,Amount,215377
2026-04,Budget,6010,D010,Input,Input,Amount,556021
2026-04,Budget,6010,D011,Input,Input,Amount,249771
2026-04,Budget,6010,D012,Input,Input,Amount,426482
2026-04,Budget,6010,D013,Input,Input,Amount,143566
2026-04,Budget,6010,D014,Input,Input,Amount,510182
2026-04,Budget,6010,D015,Input,Input,Amount,464021
2026-04,Budget,6010,D016,Input,Input,Amount,188914
2026-04,Budget,6010,D017,Input,Input,Amount,623229
2026-04,Budget,6011,D001,Input,Input,Amount,614732
2026-04,Budget,6011,D002,Input,Input,Amount,559380
2026-04,Budget,6011,D003,Input,Input,Amount,125364
2026-04,Budget,6011,D004,Input,Input,Amount,383192
2026-04,Budget,6011,D005,Input,Input,Amount,199382
2026-04,Budget,6011,D006,Input,Input,Amount,420703
2026-04,Budget,6011,D007,Input,Input,Amount,145657
2026-04,Budget,6011,D008,Input,Input,Amount,381475
2026-04,Budget,6011,D009,Input,Input,Amount,530467
2026-04,Budget,6011,D010,Input,Input,Amount,94468
2026-04,Budget,6011,D011,Input,Input,Amount,548729
2026-04,Budget,6011,D012,Input,Input,Amount,501114
2026-04,Budget,6011,D013,Input,Input,Amount,600725
2026-04,Budget,6011,D014,Input,Input,Amount,372070
2026-04,Budget,6011,D015,Input,Input,Amount,430523
2026-04,Budget,6011,D016,Input,Input,Amount,540645
2026-04,Budget,6011,D017,Input,Input,Amount,603312
2026-04,Budget,6012,D001,Input,Input,Amount,277723
2026-04,Budget,6012,D002,Input,Input,Amount,362906
2026-04,Budget,6012,D003,Input,Input,Amount,436938
2026-04,Budget,6012,D004,Input,Input,Amount,55424
2026-04,Budget,6012,D005,Input,Input,Amount,202977
2026-04,Budget,6012,D006,Input,Input,Amount,329415
2026-04,Budget,6012,D007,Input,Input,Amount,342303
2026-04,Budget,6012,D008,Input,Input,Amount,61480
2026-04,Budget,6012,D009,Input,Input,Amount,215672
2026-04,Budget,6012,D010,Input,Input,Amount,412752
2026-04,Budget,6012,D011,Input,Input,Amount,191744
2026-04,Budget,6012,D012,Input,Input,Amount,121438
2026-04,Budget,6012,D013,Input,Input,Amount,59714
2026-04,Budget,6012,D014,Input,Input,Amount,92282
2026-04,Budget,6012,D015,Input,Input,Amount,91395
2026-04,Budget,6012,D016,Input,Input,Amount,204871
2026-04,Budget,6012,D017,Input,Input,Amount,335465
2026-04,Budget,6013,D001,Input,Input,Amount,382950
2026-04,Budget,6013,D002,Input,Input,Amount,378459
2026-04,Budget,6013,D003,Input,Input,Amount,200489
2026-04,Budget,6013,D004,Input,Input,Amount,216445
2026-04,Budget,6013,D005,Input,Input,Amount,585785
2026-04,Budget,6013,D006,Input,Input,Amount,504770
2026-04,Budget,6013,D007,Input,Input,Amount,404169
2026-04,Budget,6013,D008,Input,Input,Amount,486276
2026-04,Budget,6013,D009,Input,Input,Amount,350087
2026-04,Budget,6013,D010,Input,Input,Amount,390858
2026-04,Budget,6013,D011,Input,Input,Amount,32707
2026-04,Budget,6013,D012,Input,Input,Amount,178268
2026-04,Budget,6013,D013,Input,Input,Amount,538128
2026-04,Budget,6013,D014,Input,Input,Amount,153699
2026-04,Budget,6013,D015,Input,Input,Amount,120618
2026-04,Budget,6013,D016,Input,Input,Amount,199914
2026-04,Budget,6013,D017,Input,Input,Amount,364452
2026-04,Budget,6014,D001,Input,Input,Amount,390877
2026-04,Budget,6014,D002,Input,Input,Amount,318256
2026-04,Budget,6014,D003,Input,Input,Amount,269388
2026-04,Budget,6014,D004,Input,Input,Amount,306077
2026-04,Budget,6014,D005,Input,Input,Amount,192645
2026-04,Budget,6014,D006,Input,Input,Amount,69770
2026-04,Budget,6014,D007,Input,Input,Amount,195297
2026-04,Budget,6014,D008,Input,Input,Amount,289101
2026-04,Budget,6014,D009,Input,Input,Amount,520084
2026-04,Budget,6014,D010,Input,Input,Amount,436954
2026-04,Budget,6014,D011,Input,Input,Amount,489440
2026-04,Budget,6014,D012,Input,Input,Amount,443990
2026-04,Budget,6014,D013,Input,Input,Amount,156140
2026-04,Budget,6014,D014,Input,Input,Amount,546524
2026-04,Budget,6014,D015,Input,Input,Amount,477780
2026-04,Budget,6014,D016,Input,Input,Amount,624913
2026-04,Budget,6014,D017,Input,Input,Amount,484955
2026-04,Budget,6015,D001,Input,Input,Amount,560650
2026-04,Budget,6015,D002,Input,Input,Amount,84974
2026-04,Budget,6015,D003,Input,Input,Amount,227348
2026-04,Budget,6015,D004,Input,Input,Amount,489772
2026-04,Budget,6015,D005,Input,Input,Amount,395413
2026-04,Budget,6015,D006,Input,Input,Amount,89523
2026-04,Budget,6015,D007,Input,Input,Amount,239212
2026-04,Budget,6015,D008,Input,Input,Amount,270553
2026-04,Budget,6015,D009,Input,Input,Amount,562232
2026-04,Budget,6015,D010,Input,Input,Amount,179245
2026-04,Budget,6015,D011,Input,Input,Amount,483034
2026-04,Budget,6015,D012,Input,Input,Amount,518727
2026-04,Budget,6015,D013,Input,Input,Amount,570758
2026-04,Budget,6015,D014,Input,Input,Amount,204785
2026-04,Budget,6015,D015,Input,Input,Amount,38310
2026-04,Budget,6015,D016,Input,Input,Amount,73131
2026-04,Budget,6015,D017,Input,Input,Amount,270833
2026-04,Budget,6016,D001,Input,Input,Amount,240060
2026-04,Budget,6016,D002,Input,Input,Amount,161277
2026-04,Budget,6016,D003,Input,Input,Amount,199734
2026-04,Budget,6016,D004,Input,Input,Amount,560941
2026-04,Budget,6016,D005,Input,Input,Amount,53411
2026-04,Budget,6016,D006,Input,Input,Amount,509011
2026-04,Budget,6016,D007,Input,Input,Amount,59535
2026-04,Budget,6016,D008,Input,Input,Amount,280296
2026-04,Budget,6016,D009,Input,Input,Amount,368457
2026-04,Budget,6016,D010,Input,Input,Amount,242557
2026-04,Budget,6016,D011,Input,Input,Amount,361012
2026-04,Budget,6016,D012,Input,Input,Amount,369455
2026-04,Budget,6016,D013,Input,Input,Amount,403272
2026-04,Budget,6016,D014,Input,Input,Amount,323573
2026-04,Budget,6016,D015,Input,Input,Amount,260961
2026-04,Budget,6016,D016,Input,Input,Amount,610572
2026-04,Budget,6016,D017,Input,Input,Amount,338092
2026-04,Budget,6017,D001,Input,Input,Amount,334033
2026-04,Budget,6017,D002,Input,Input,Amount,153243
2026-04,Budget,6017,D003,Input,Input,Amount,406333
2026-04,Budget,6017,D004,Input,Input,Amount,581563
2026-04,Budget,6017,D005,Input,Input,Amount,475052
2026-04,Budget,6017,D006,Input,Input,Amount,111087
2026-04,Budget,6017,D007,Input,Input,Amount,600623
2026-04,Budget,6017,D008,Input,Input,Amount,594016
2026-04,Budget,6017,D009,Input,Input,Amount,396941
2026-04,Budget,6017,D010,Input,Input,Amount,509767
2026-04,Budget,6017,D011,Input,Input,Amount,163423
2026-04,Budget,6017,D012,Input,Input,Amount,553306
2026-04,Budget,6017,D013,Input,Input,Amount,616723
2026-04,Budget,6017,D014,Input,Input,Amount,490097
2026-04,Budget,6017,D015,Input,Input,Amount,215849
2026-04,Budget,6017,D016,Input,Input,Amount,49853
2026-04,Budget,6017,D017,Input,Input,Amount,551323
2026-04,Budget,6018,D001,Input,Input,Amount,287969
2026-04,Budget,6018,D002,Input,Input,Amount,203699
2026-04,Budget,6018,D003,Input,Input,Amount,234609
2026-04,Budget,6018,D004,Input,Input,Amount,579085
2026-04,Budget,6018,D005,Input,Input,Amount,128384
2026-04,Budget,6018,D006,Input,Input,Amount,231020
2026-04,Budget,6018,D007,Input,Input,Amount,486965
2026-04,Budget,6018,D008,Input,Input,Amount,44800
2026-04,Budget,6018,D009,Input,Input,Amount,485913
2026-04,Budget,6018,D010,Input,Input,Amount,365940
2026-04,Budget,6018,D011,Input,Input,Amount,197013
2026-04,Budget,6018,D012,Input,Input,Amount,575700
2026-04,Budget,6018,D013,Input,Input,Amount,339457
2026-04,Budget,6018,D014,Input,Input,Amount,547968
2026-04,Budget,6018,D015,Input,Input,Amount,352339
2026-04,Budget,6018,D016,Input,Input,Amount,153679
2026-04,Budget,6018,D017,Input,Input,Amount,139491
2026-04,Budget,6019,D001,Input,Input,Amount,512551
2026-04,Budget,6019,D002,Input,Input,Amount,545520
2026-04,Budget,6019,D003,Input,Input,Amount,203269
2026-04,Budget,6019,D004,Input,Input,Amount,544048
2026-04,Budget,6019,D005,Input,Input,Amount,127119
2026-04,Budget,6019,D006,Input,Input,Amount,98956
2026-04,Budget,6019,D007,Input,Input,Amount,136444
2026-04,Budget,6019,D008,Input,Input,Amount,565991
2026-04,Budget,6019,D009,Input,Input,Amount,366840
2026-04,Budget,6019,D010,Input,Input,Amount,441605
2026-04,Budget,6019,D011,Input,Input,Amount,475533
2026-04,Budget,6019,D012,Input,Input,Amount,416838
2026-04,Budget,6019,D013,Input,Input,Amount,234617
2026-04,Budget,6019,D014,Input,Input,Amount,64277
2026-04,Budget,6019,D015,Input,Input,Amount,490214
2026-04,Budget,6019,D016,Input,Input,Amount,406788
2026-04,Budget,6019,D017,Input,Input,Amount,581318
2026-04,Budget,6020,D001,Input,Input,Amount,156894
2026-04,Budget,6020,D002,Input,Input,Amount,326833
2026-04,Budget,6020,D003,Input,Input,Amount,196852
2026-04,Budget,6020,D004,Input,Input,Amount,188585
2026-04,Budget,6020,D005,Input,Input,Amount,64546
2026-04,Budget,6020,D006,Input,Input,Amount,103988
2026-04,Budget,6020,D007,Input,Input,Amount,60746
2026-04,Budget,6020,D008,Input,Input,Amount,403574
2026-04,Budget,6020,D009,Input,Input,Amount,566830
2026-04,Budget,6020,D010,Input,Input,Amount,473228
2026-04,Budget,6020,D011,Input,Input,Amount,91539
2026-04,Budget,6020,D012,Input,Input,Amount,457097
2026-04,Budget,6020,D013,Input,Input,Amount,415569
2026-04,Budget,6020,D014,Input,Input,Amount,392284
2026-04,Budget,6020,D015,Input,Input,Amount,591290
2026-04,Budget,6020,D016,Input,Input,Amount,464814
2026-04,Budget,6020,D017,Input,Input,Amount,86984
2026-04,Budget,6021,D001,Input,Input,Amount,424374
2026-04,Budget,6021,D002,Input,Input,Amount,335985
2026-04,Budget,6021,D003,Input,Input,Amount,348140
2026-04,Budget,6021,D004,Input,Input,Amount,217504
2026-04,Budget,6021,D005,Input,Input,Amount,374042
2026-04,Budget,6021,D006,Input,Input,Amount,301885
2026-04,Budget,6021,D007,Input,Input,Amount,397151
2026-04,Budget,6021,D008,Input,Input,Amount,446114
2026-04,Budget,6021,D009,Input,Input,Amount,288716
2026-04,Budget,6021,D010,Input,Input,Amount,82722
2026-04,Budget,6021,D011,Input,Input,Amount,348674
2026-04,Budget,6021,D012,Input,Input,Amount,219451
2026-04,Budget,6021,D013,Input,Input,Amount,352565
2026-04,Budget,6021,D014,Input,Input,Amount,260744
2026-04,Budget,6021,D015,Input,Input,Amount,362055
2026-04,Budget,6021,D016,Input,Input,Amount,272945
2026-04,Budget,6021,D017,Input,Input,Amount,592618
2026-04,Budget,6022,D001,Input,Input,Amount,451648
2026-04,Budget,6022,D002,Input,Input,Amount,279518
2026-04,Budget,6022,D003,Input,Input,Amount,444671
2026-04,Budget,6022,D004,Input,Input,Amount,240115
2026-04,Budget,6022,D005,Input,Input,Amount,600930
2026-04,Budget,6022,D006,Input,Input,Amount,152386
2026-04,Budget,6022,D007,Input,Input,Amount,264337
2026-04,Budget,6022,D008,Input,Input,Amount,56415
2026-04,Budget,6022,D009,Input,Input,Amount,368123
2026-04,Budget,6022,D010,Input,Input,Amount,627613
2026-04,Budget,6022,D011,Input,Input,Amount,101479
2026-04,Budget,6022,D012,Input,Input,Amount,518045
2026-04,Budget,6022,D013,Input,Input,Amount,497042
2026-04,Budget,6022,D014,Input,Input,Amount,63788
2026-04,Budget,6022,D015,Input,Input,Amount,66874
2026-04,Budget,6022,D016,Input,Input,Amount,298508
2026-04,Budget,6022,D017,Input,Input,Amount,486179
2026-04,Budget,6023,D001,Input,Input,Amount,287110
2026-04,Budget,6023,D002,Input,Input,Amount,434044
2026-04,Budget,6023,D003,Input,Input,Amount,352559
2026-04,Budget,6023,D004,Input,Input,Amount,483059
2026-04,Budget,6023,D005,Input,Input,Amount,541470
2026-04,Budget,6023,D006,Input,Input,Amount,483658
2026-04,Budget,6023,D007,Input,Input,Amount,321249
2026-04,Budget,6023,D008,Input,Input,Amount,311915
2026-04,Budget,6023,D009,Input,Input,Amount,410116
2026-04,Budget,6023,D010,Input,Input,Amount,230426
2026-04,Budget,6023,D011,Input,Input,Amount,30332
2026-04,Budget,6023,D012,Input,Input,Amount,511193
2026-04,Budget,6023,D013,Input,Input,Amount,589651
2026-04,Budget,6023,D014,Input,Input,Amount,534698
2026-04,Budget,6023,D015,Input,Input,Amount,147342
2026-04,Budget,6023,D016,Input,Input,Amount,616979
2026-04,Budget,6023,D017,Input,Input,Amount,287494
2026-04,Budget,6024,D001,Input,Input,Amount,550044
2026-04,Budget,6024,D002,Input,Input,Amount,259877
2026-04,Budget,6024,D003,Input,Input,Amount,264853
2026-04,Budget,6024,D004,Input,Input,Amount,144401
2026-04,Budget,6024,D005,Input,Input,Amount,356163
2026-04,Budget,6024,D006,Input,Input,Amount,263659
2026-04,Budget,6024,D007,Input,Input,Amount,202764
2026-04,Budget,6024,D008,Input,Input,Amount,293173
2026-04,Budget,6024,D009,Input,Input,Amount,537051
2026-04,Budget,6024,D010,Input,Input,Amount,183192
2026-04,Budget,6024,D011,Input,Input,Amount,41815
2026-04,Budget,6024,D012,Input,Input,Amount,359491
2026-04,Budget,6024,D013,Input,Input,Amount,65170
2026-04,Budget,6024,D014,Input,Input,Amount,464181
2026-04,Budget,6024,D015,Input,Input,Amount,581077
2026-04,Budget,6024,D016,Input,Input,Amount,209546
2026-04,Budget,6024,D017,Input,Input,Amount,563305
2026-04,Budget,6025,D001,Input,Input,Amount,283951
2026-04,Budget,6025,D002,Input,Input,Amount,594782
2026-04,Budget,6025,D003,Input,Input,Amount,238412
2026-04,Budget,6025,D004,Input,Input,Amount,599460
2026-04,Budget,6025,D005,Input,Input,Amount,340905
2026-04,Budget,6025,D006,Input,Input,Amount,161258
2026-04,Budget,6025,D007,Input,Input,Amount,355419
2026-04,Budget,6025,D008,Input,Input,Amount,174467
2026-04,Budget,6025,D009,Input,Input,Amount,115879
2026-04,Budget,6025,D010,Input,Input,Amount,463366
2026-04,Budget,6025,D011,Input,Input,Amount,604012
2026-04,Budget,6025,D012,Input,Input,Amount,231109
2026-04,Budget,6025,D013,Input,Input,Amount,492638
2026-04,Budget,6025,D014,Input,Input,Amount,512627
2026-04,Budget,6025,D015,Input,Input,Amount,468825
2026-04,Budget,6025,D016,Input,Input,Amount,200179
2026-04,Budget,6025,D017,Input,Input,Amount,425836
2026-04,Budget,6026,D001,Input,Input,Amount,102844
2026-04,Budget,6026,D002,Input,Input,Amount,395224
2026-04,Budget,6026,D003,Input,Input,Amount,93134
2026-04,Budget,6026,D004,Input,Input,Amount,389650
2026-04,Budget,6026,D005,Input,Input,Amount,290627
2026-04,Budget,6026,D006,Input,Input,Amount,518950
2026-04,Budget,6026,D007,Input,Input,Amount,295006
2026-04,Budget,6026,D008,Input,Input,Amount,514740
2026-04,Budget,6026,D009,Input,Input,Amount,596514
2026-04,Budget,6026,D010,Input,Input,Amount,474722
2026-04,Budget,6026,D011,Input,Input,Amount,261691
2026-04,Budget,6026,D012,Input,Input,Amount,104193
2026-04,Budget,6026,D013,Input,Input,Amount,490499
2026-04,Budget,6026,D014,Input,Input,Amount,368369
2026-04,Budget,6026,D015,Input,Input,Amount,288708
2026-04,Budget,6026,D016,Input,Input,Amount,239183
2026-04,Budget,6026,D017,Input,Input,Amount,229953
2026-05,Budget,4001,D001,Input,Input,Amount,600673
2026-05,Budget,4001,D002,Input,Input,Amount,605928
2026-05,Budget,4001,D003,Input,Input,Amount,628956
2026-05,Budget,4001,D004,Input,Input,Amount,629530
2026-05,Budget,4001,D005,Input,Input,Amount,605009
2026-05,Budget,4001,D006,Input,Input,Amount,615190
2026-05,Budget,4001,D007,Input,Input,Amount,627323
2026-05,Budget,4001,D008,Input,Input,Amount,613270
2026-05,Budget,4001,D009,Input,Input,Amount,601243
2026-05,Budget,4001,D010,Input,Input,Amount,585613
2026-05,Budget,4001,D011,Input,Input,Amount,177625
2026-05,Budget,4001,D012,Input,Input,Amount,240525
2026-05,Budget,4001,D013,Input,Input,Amount,515162
2026-05,Budget,4001,D014,Input,Input,Amount,63999
2026-05,Budget,4001,D015,Input,Input,Amount,356198
2026-05,Budget,4001,D016,Input,Input,Amount,359745
2026-05,Budget,4001,D017,Input,Input,Amount,208959
2026-05,Budget,4002,D001,Input,Input,Amount,606290
2026-05,Budget,4002,D002,Input,Input,Amount,622129
2026-05,Budget,4002,D003,Input,Input,Amount,618311
2026-05,Budget,4002,D004,Input,Input,Amount,583087
2026-05,Budget,4002,D005,Input,Input,Amount,619052
2026-05,Budget,4002,D006,Input,Input,Amount,629209
2026-05,Budget,4002,D007,Input,Input,Amount,627164
2026-05,Budget,4002,D008,Input,Input,Amount,619909
2026-05,Budget,4002,D009,Input,Input,Amount,612021
2026-05,Budget,4002,D010,Input,Input,Amount,627966
2026-05,Budget,4002,D011,Input,Input,Amount,499960
2026-05,Budget,4002,D012,Input,Input,Amount,410536
2026-05,Budget,4002,D013,Input,Input,Amount,58884
2026-05,Budget,4002,D014,Input,Input,Amount,295688
2026-05,Budget,4002,D015,Input,Input,Amount,290338
2026-05,Budget,4002,D016,Input,Input,Amount,491653
2026-05,Budget,4002,D017,Input,Input,Amount,35004
2026-05,Budget,4003,D001,Input,Input,Amount,597546
2026-05,Budget,4003,D002,Input,Input,Amount,610071
2026-05,Budget,4003,D003,Input,Input,Amount,608077
2026-05,Budget,4003,D004,Input,Input,Amount,587185
2026-05,Budget,4003,D005,Input,Input,Amount,610674
2026-05,Budget,4003,D006,Input,Input,Amount,597486
2026-05,Budget,4003,D007,Input,Input,Amount,597261
2026-05,Budget,4003,D008,Input,Input,Amount,593035
2026-05,Budget,4003,D009,Input,Input,Amount,581276
2026-05,Budget,4003,D010,Input,Input,Amount,611849
2026-05,Budget,4003,D011,Input,Input,Amount,571250
2026-05,Budget,4003,D012,Input,Input,Amount,619949
2026-05,Budget,4003,D013,Input,Input,Amount,537637
2026-05,Budget,4003,D014,Input,Input,Amount,448909
2026-05,Budget,4003,D015,Input,Input,Amount,267747
2026-05,Budget,4003,D016,Input,Input,Amount,572953
2026-05,Budget,4003,D017,Input,Input,Amount,431712
2026-05,Budget,4004,D001,Input,Input,Amount,79126
2026-05,Budget,4004,D002,Input,Input,Amount,260850
2026-05,Budget,4004,D003,Input,Input,Amount,401338
2026-05,Budget,4004,D004,Input,Input,Amount,294185
2026-05,Budget,4004,D005,Input,Input,Amount,503070
2026-05,Budget,4004,D006,Input,Input,Amount,528875
2026-05,Budget,4004,D007,Input,Input,Amount,360846
2026-05,Budget,4004,D008,Input,Input,Amount,442994
2026-05,Budget,4004,D009,Input,Input,Amount,164047
2026-05,Budget,4004,D010,Input,Input,Amount,186275
2026-05,Budget,4004,D011,Input,Input,Amount,561074
2026-05,Budget,4004,D012,Input,Input,Amount,82015
2026-05,Budget,4004,D013,Input,Input,Amount,162952
2026-05,Budget,4004,D014,Input,Input,Amount,468225
2026-05,Budget,4004,D015,Input,Input,Amount,77563
2026-05,Budget,4004,D016,Input,Input,Amount,369698
2026-05,Budget,4004,D017,Input,Input,Amount,532429
2026-05,Budget,4005,D001,Input,Input,Amount,352894
2026-05,Budget,4005,D002,Input,Input,Amount,93876
2026-05,Budget,4005,D003,Input,Input,Amount,566200
2026-05,Budget,4005,D004,Input,Input,Amount,532871
2026-05,Budget,4005,D005,Input,Input,Amount,161155
2026-05,Budget,4005,D006,Input,Input,Amount,358458
2026-05,Budget,4005,D007,Input,Input,Amount,562155
2026-05,Budget,4005,D008,Input,Input,Amount,491098
2026-05,Budget,4005,D009,Input,Input,Amount,159043
2026-05,Budget,4005,D010,Input,Input,Amount,203784
2026-05,Budget,4005,D011,Input,Input,Amount,451945
2026-05,Budget,4005,D012,Input,Input,Amount,531516
2026-05,Budget,4005,D013,Input,Input,Amount,332531
2026-05,Budget,4005,D014,Input,Input,Amount,411486
2026-05,Budget,4005,D015,Input,Input,Amount,276808
2026-05,Budget,4005,D016,Input,Input,Amount,105792
2026-05,Budget,4005,D017,Input,Input,Amount,31995
2026-05,Budget,5001,D001,Input,Input,Amount,334337
2026-05,Budget,5001,D002,Input,Input,Amount,339363
2026-05,Budget,5001,D003,Input,Input,Amount,368242
2026-05,Budget,5001,D004,Input,Input,Amount,340016
2026-05,Budget,5001,D005,Input,Input,Amount,364676
2026-05,Budget,5001,D006,Input,Input,Amount,372006
2026-05,Budget,5001,D007,Input,Input,Amount,362806
2026-05,Budget,5001,D008,Input,Input,Amount,340016
2026-05,Budget,5001,D009,Input,Input,Amount,337331
2026-05,Budget,5001,D010,Input,Input,Amount,334535
2026-05,Budget,5001,D011,Input,Input,Amount,448022
2026-05,Budget,5001,D012,Input,Input,Amount,394463
2026-05,Budget,5001,D013,Input,Input,Amount,215585
2026-05,Budget,5001,D014,Input,Input,Amount,101158
2026-05,Budget,5001,D015,Input,Input,Amount,160427
2026-05,Budget,5001,D016,Input,Input,Amount,448359
2026-05,Budget,5001,D017,Input,Input,Amount,90114
2026-05,Budget,5002,D001,Input,Input,Amount,343826
2026-05,Budget,5002,D002,Input,Input,Amount,347359
2026-05,Budget,5002,D003,Input,Input,Amount,356175
2026-05,Budget,5002,D004,Input,Input,Amount,371120
2026-05,Budget,5002,D005,Input,Input,Amount,346476
2026-05,Budget,5002,D006,Input,Input,Amount,352293
2026-05,Budget,5002,D007,Input,Input,Amount,379935
2026-05,Budget,5002,D008,Input,Input,Amount,354504
2026-05,Budget,5002,D009,Input,Input,Amount,353788
2026-05,Budget,5002,D010,Input,Input,Amount,379846
2026-05,Budget,5002,D011,Input,Input,Amount,89394
2026-05,Budget,5002,D012,Input,Input,Amount,162641
2026-05,Budget,5002,D013,Input,Input,Amount,504791
2026-05,Budget,5002,D014,Input,Input,Amount,414219
2026-05,Budget,5002,D015,Input,Input,Amount,60883
2026-05,Budget,5002,D016,Input,Input,Amount,247796
2026-05,Budget,5002,D017,Input,Input,Amount,240667
2026-05,Budget,5003,D001,Input,Input,Amount,367170
2026-05,Budget,5003,D002,Input,Input,Amount,339150
2026-05,Budget,5003,D003,Input,Input,Amount,353723
2026-05,Budget,5003,D004,Input,Input,Amount,340484
2026-05,Budget,5003,D005,Input,Input,Amount,366256
2026-05,Budget,5003,D006,Input,Input,Amount,337310
2026-05,Budget,5003,D007,Input,Input,Amount,341708
2026-05,Budget,5003,D008,Input,Input,Amount,379971
2026-05,Budget,5003,D009,Input,Input,Amount,350153
2026-05,Budget,5003,D010,Input,Input,Amount,364911
2026-05,Budget,5003,D011,Input,Input,Amount,152266
2026-05,Budget,5003,D012,Input,Input,Amount,582188
2026-05,Budget,5003,D013,Input,Input,Amount,531185
2026-05,Budget,5003,D014,Input,Input,Amount,413555
2026-05,Budget,5003,D015,Input,Input,Amount,177326
2026-05,Budget,5003,D016,Input,Input,Amount,358523
2026-05,Budget,5003,D017,Input,Input,Amount,147901
2026-05,Budget,6001,D001,Input,Input,Amount,112049
2026-05,Budget,6001,D002,Input,Input,Amount,81162
2026-05,Budget,6001,D003,Input,Input,Amount,79373
2026-05,Budget,6001,D004,Input,Input,Amount,109596
2026-05,Budget,6001,D005,Input,Input,Amount,65752
2026-05,Budget,6001,D006,Input,Input,Amount,84234
2026-05,Budget,6001,D007,Input,Input,Amount,98271
2026-05,Budget,6001,D008,Input,Input,Amount,75587
2026-05,Budget,6001,D009,Input,Input,Amount,80692
2026-05,Budget,6001,D010,Input,Input,Amount,73241
2026-05,Budget,6001,D011,Input,Input,Amount,557767
2026-05,Budget,6001,D012,Input,Input,Amount,515929
2026-05,Budget,6001,D013,Input,Input,Amount,388888
2026-05,Budget,6001,D014,Input,Input,Amount,449536
2026-05,Budget,6001,D015,Input,Input,Amount,446354
2026-05,Budget,6001,D016,Input,Input,Amount,363879
2026-05,Budget,6001,D017,Input,Input,Amount,554394
2026-05,Budget,6002,D001,Input,Input,Amount,85622
2026-05,Budget,6002,D002,Input,Input,Amount,113823
2026-05,Budget,6002,D003,Input,Input,Amount,74065
2026-05,Budget,6002,D004,Input,Input,Amount,92666
2026-05,Budget,6002,D005,Input,Input,Amount,109583
2026-05,Budget,6002,D006,Input,Input,Amount,93492
2026-05,Budget,6002,D007,Input,Input,Amount,71973
2026-05,Budget,6002,D008,Input,Input,Amount,100348
2026-05,Budget,6002,D009,Input,Input,Amount,68796
2026-05,Budget,6002,D010,Input,Input,Amount,73414
2026-05,Budget,6002,D011,Input,Input,Amount,448316
2026-05,Budget,6002,D012,Input,Input,Amount,611859
2026-05,Budget,6002,D013,Input,Input,Amount,613965
2026-05,Budget,6002,D014,Input,Input,Amount,273721
2026-05,Budget,6002,D015,Input,Input,Amount,388834
2026-05,Budget,6002,D016,Input,Input,Amount,63152
2026-05,Budget,6002,D017,Input,Input,Amount,428887
2026-05,Budget,6003,D001,Input,Input,Amount,78934
2026-05,Budget,6003,D002,Input,Input,Amount,101789
2026-05,Budget,6003,D003,Input,Input,Amount,98392
2026-05,Budget,6003,D004,Input,Input,Amount,104086
2026-05,Budget,6003,D005,Input,Input,Amount,112233
2026-05,Budget,6003,D006,Input,Input,Amount,75365
2026-05,Budget,6003,D007,Input,Input,Amount,105979
2026-05,Budget,6003,D008,Input,Input,Amount,99757
2026-05,Budget,6003,D009,Input,Input,Amount,80785
2026-05,Budget,6003,D010,Input,Input,Amount,108237
2026-05,Budget,6003,D011,Input,Input,Amount,609102
2026-05,Budget,6003,D012,Input,Input,Amount,85445
2026-05,Budget,6003,D013,Input,Input,Amount,505813
2026-05,Budget,6003,D014,Input,Input,Amount,452962
2026-05,Budget,6003,D015,Input,Input,Amount,86327
2026-05,Budget,6003,D016,Input,Input,Amount,87303
2026-05,Budget,6003,D017,Input,Input,Amount,450389
2026-05,Budget,6004,D001,Input,Input,Amount,107954
2026-05,Budget,6004,D002,Input,Input,Amount,100322
2026-05,Budget,6004,D003,Input,Input,Amount,97343
2026-05,Budget,6004,D004,Input,Input,Amount,69163
2026-05,Budget,6004,D005,Input,Input,Amount,72507
2026-05,Budget,6004,D006,Input,Input,Amount,94735
2026-05,Budget,6004,D007,Input,Input,Amount,84558
2026-05,Budget,6004,D008,Input,Input,Amount,65037
2026-05,Budget,6004,D009,Input,Input,Amount,102182
2026-05,Budget,6004,D010,Input,Input,Amount,96148
2026-05,Budget,6004,D011,Input,Input,Amount,351108
2026-05,Budget,6004,D012,Input,Input,Amount,534683
2026-05,Budget,6004,D013,Input,Input,Amount,372699
2026-05,Budget,6004,D014,Input,Input,Amount,534890
2026-05,Budget,6004,D015,Input,Input,Amount,545724
2026-05,Budget,6004,D016,Input,Input,Amount,188000
2026-05,Budget,6004,D017,Input,Input,Amount,531759
2026-05,Budget,6005,D001,Input,Input,Amount,97717
2026-05,Budget,6005,D002,Input,Input,Amount,82219
2026-05,Budget,6005,D003,Input,Input,Amount,70957
2026-05,Budget,6005,D004,Input,Input,Amount,90216
2026-05,Budget,6005,D005,Input,Input,Amount,109676
2026-05,Budget,6005,D006,Input,Input,Amount,65212
2026-05,Budget,6005,D007,Input,Input,Amount,106874
2026-05,Budget,6005,D008,Input,Input,Amount,104252
2026-05,Budget,6005,D009,Input,Input,Amount,70161
2026-05,Budget,6005,D010,Input,Input,Amount,101031
2026-05,Budget,6005,D011,Input,Input,Amount,77775
2026-05,Budget,6005,D012,Input,Input,Amount,361634
2026-05,Budget,6005,D013,Input,Input,Amount,306954
2026-05,Budget,6005,D014,Input,Input,Amount,219595
2026-05,Budget,6005,D015,Input,Input,Amount,422484
2026-05,Budget,6005,D016,Input,Input,Amount,356607
2026-05,Budget,6005,D017,Input,Input,Amount,261503
2026-05,Budget,6006,D001,Input,Input,Amount,119390
2026-05,Budget,6006,D002,Input,Input,Amount,188220
2026-05,Budget,6006,D003,Input,Input,Amount,120697
2026-05,Budget,6006,D004,Input,Input,Amount,176189
2026-05,Budget,6006,D005,Input,Input,Amount,103681
2026-05,Budget,6006,D006,Input,Input,Amount,493651
2026-05,Budget,6006,D007,Input,Input,Amount,570832
2026-05,Budget,6006,D008,Input,Input,Amount,283218
2026-05,Budget,6006,D009,Input,Input,Amount,63176
2026-05,Budget,6006,D010,Input,Input,Amount,412987
2026-05,Budget,6006,D011,Input,Input,Amount,100787
2026-05,Budget,6006,D012,Input,Input,Amount,577717
2026-05,Budget,6006,D013,Input,Input,Amount,353590
2026-05,Budget,6006,D014,Input,Input,Amount,36206
2026-05,Budget,6006,D015,Input,Input,Amount,498718
2026-05,Budget,6006,D016,Input,Input,Amount,482628
2026-05,Budget,6006,D017,Input,Input,Amount,340608
2026-05,Budget,6007,D001,Input,Input,Amount,68317
2026-05,Budget,6007,D002,Input,Input,Amount,174629
2026-05,Budget,6007,D003,Input,Input,Amount,305553
2026-05,Budget,6007,D004,Input,Input,Amount,117906
2026-05,Budget,6007,D005,Input,Input,Amount,438070
2026-05,Budget,6007,D006,Input,Input,Amount,354440
2026-05,Budget,6007,D007,Input,Input,Amount,573496
2026-05,Budget,6007,D008,Input,Input,Amount,123899
2026-05,Budget,6007,D009,Input,Input,Amount,566743
2026-05,Budget,6007,D010,Input,Input,Amount,332981
2026-05,Budget,6007,D011,Input,Input,Amount,594743
2026-05,Budget,6007,D012,Input,Input,Amount,395257
2026-05,Budget,6007,D013,Input,Input,Amount,109007
2026-05,Budget,6007,D014,Input,Input,Amount,140167
2026-05,Budget,6007,D015,Input,Input,Amount,428780
2026-05,Budget,6007,D016,Input,Input,Amount,621976
2026-05,Budget,6007,D017,Input,Input,Amount,130825
2026-05,Budget,6008,D001,Input,Input,Amount,342374
2026-05,Budget,6008,D002,Input,Input,Amount,103630
2026-05,Budget,6008,D003,Input,Input,Amount,244151
2026-05,Budget,6008,D004,Input,Input,Amount,482294
2026-05,Budget,6008,D005,Input,Input,Amount,578237
2026-05,Budget,6008,D006,Input,Input,Amount,458841
2026-05,Budget,6008,D007,Input,Input,Amount,606964
2026-05,Budget,6008,D008,Input,Input,Amount,118371
2026-05,Budget,6008,D009,Input,Input,Amount,240779
2026-05,Budget,6008,D010,Input,Input,Amount,255218
2026-05,Budget,6008,D011,Input,Input,Amount,343476
2026-05,Budget,6008,D012,Input,Input,Amount,549987
2026-05,Budget,6008,D013,Input,Input,Amount,315217
2026-05,Budget,6008,D014,Input,Input,Amount,149756
2026-05,Budget,6008,D015,Input,Input,Amount,318113
2026-05,Budget,6008,D016,Input,Input,Amount,130626
2026-05,Budget,6008,D017,Input,Input,Amount,505456
2026-05,Budget,6009,D001,Input,Input,Amount,264853
2026-05,Budget,6009,D002,Input,Input,Amount,145616
2026-05,Budget,6009,D003,Input,Input,Amount,589876
2026-05,Budget,6009,D004,Input,Input,Amount,190319
2026-05,Budget,6009,D005,Input,Input,Amount,39848
2026-05,Budget,6009,D006,Input,Input,Amount,243348
2026-05,Budget,6009,D007,Input,Input,Amount,442466
2026-05,Budget,6009,D008,Input,Input,Amount,457601
2026-05,Budget,6009,D009,Input,Input,Amount,256270
2026-05,Budget,6009,D010,Input,Input,Amount,271502
2026-05,Budget,6009,D011,Input,Input,Amount,552262
2026-05,Budget,6009,D012,Input,Input,Amount,591119
2026-05,Budget,6009,D013,Input,Input,Amount,56062
2026-05,Budget,6009,D014,Input,Input,Amount,51554
2026-05,Budget,6009,D015,Input,Input,Amount,376338
2026-05,Budget,6009,D016,Input,Input,Amount,464863
2026-05,Budget,6009,D017,Input,Input,Amount,504224
2026-05,Budget,6010,D001,Input,Input,Amount,501203
2026-05,Budget,6010,D002,Input,Input,Amount,405452
2026-05,Budget,6010,D003,Input,Input,Amount,418147
2026-05,Budget,6010,D004,Input,Input,Amount,143283
2026-05,Budget,6010,D005,Input,Input,Amount,494998
2026-05,Budget,6010,D006,Input,Input,Amount,443635
2026-05,Budget,6010,D007,Input,Input,Amount,73387
2026-05,Budget,6010,D008,Input,Input,Amount,313642
2026-05,Budget,6010,D009,Input,Input,Amount,190426
2026-05,Budget,6010,D010,Input,Input,Amount,535984
2026-05,Budget,6010,D011,Input,Input,Amount,368683
2026-05,Budget,6010,D012,Input,Input,Amount,552614
2026-05,Budget,6010,D013,Input,Input,Amount,87382
2026-05,Budget,6010,D014,Input,Input,Amount,267702
2026-05,Budget,6010,D015,Input,Input,Amount,456030
2026-05,Budget,6010,D016,Input,Input,Amount,504578
2026-05,Budget,6010,D017,Input,Input,Amount,312482
2026-05,Budget,6011,D001,Input,Input,Amount,59409
2026-05,Budget,6011,D002,Input,Input,Amount,336799
2026-05,Budget,6011,D003,Input,Input,Amount,315392
2026-05,Budget,6011,D004,Input,Input,Amount,50391
2026-05,Budget,6011,D005,Input,Input,Amount,89587
2026-05,Budget,6011,D006,Input,Input,Amount,156049
2026-05,Budget,6011,D007,Input,Input,Amount,379897
2026-05,Budget,6011,D008,Input,Input,Amount,541058
2026-05,Budget,6011,D009,Input,Input,Amount,91045
2026-05,Budget,6011,D010,Input,Input,Amount,349744
2026-05,Budget,6011,D011,Input,Input,Amount,33192
2026-05,Budget,6011,D012,Input,Input,Amount,88711
2026-05,Budget,6011,D013,Input,Input,Amount,524732
2026-05,Budget,6011,D014,Input,Input,Amount,68998
2026-05,Budget,6011,D015,Input,Input,Amount,525000
2026-05,Budget,6011,D016,Input,Input,Amount,543353
2026-05,Budget,6011,D017,Input,Input,Amount,500920
2026-05,Budget,6012,D001,Input,Input,Amount,312246
2026-05,Budget,6012,D002,Input,Input,Amount,131493
2026-05,Budget,6012,D003,Input,Input,Amount,457064
2026-05,Budget,6012,D004,Input,Input,Amount,438348
2026-05,Budget,6012,D005,Input,Input,Amount,436166
2026-05,Budget,6012,D006,Input,Input,Amount,291917
2026-05,Budget,6012,D007,Input,Input,Amount,163467
2026-05,Budget,6012,D008,Input,Input,Amount,114923
2026-05,Budget,6012,D009,Input,Input,Amount,229188
2026-05,Budget,6012,D010,Input,Input,Amount,349142
2026-05,Budget,6012,D011,Input,Input,Amount,165695
2026-05,Budget,6012,D012,Input,Input,Amount,489265
2026-05,Budget,6012,D013,Input,Input,Amount,200903
2026-05,Budget,6012,D014,Input,Input,Amount,55300
2026-05,Budget,6012,D015,Input,Input,Amount,99189
2026-05,Budget,6012,D016,Input,Input,Amount,536461
2026-05,Budget,6012,D017,Input,Input,Amount,177254
2026-05,Budget,6013,D001,Input,Input,Amount,378092
2026-05,Budget,6013,D002,Input,Input,Amount,353633
2026-05,Budget,6013,D003,Input,Input,Amount,627972
2026-05,Budget,6013,D004,Input,Input,Amount,574797
2026-05,Budget,6013,D005,Input,Input,Amount,603783
2026-05,Budget,6013,D006,Input,Input,Amount,323994
2026-05,Budget,6013,D007,Input,Input,Amount,616573
2026-05,Budget,6013,D008,Input,Input,Amount,53958
2026-05,Budget,6013,D009,Input,Input,Amount,115941
2026-05,Budget,6013,D010,Input,Input,Amount,98763
2026-05,Budget,6013,D011,Input,Input,Amount,628580
2026-05,Budget,6013,D012,Input,Input,Amount,467561
2026-05,Budget,6013,D013,Input,Input,Amount,589165
2026-05,Budget,6013,D014,Input,Input,Amount,502173
2026-05,Budget,6013,D015,Input,Input,Amount,422750
2026-05,Budget,6013,D016,Input,Input,Amount,448516
2026-05,Budget,6013,D017,Input,Input,Amount,269046
2026-05,Budget,6014,D001,Input,Input,Amount,38404
2026-05,Budget,6014,D002,Input,Input,Amount,374140
2026-05,Budget,6014,D003,Input,Input,Amount,503440
2026-05,Budget,6014,D004,Input,Input,Amount,243904
2026-05,Budget,6014,D005,Input,Input,Amount,528790
2026-05,Budget,6014,D006,Input,Input,Amount,605968
2026-05,Budget,6014,D007,Input,Input,Amount,574629
2026-05,Budget,6014,D008,Input,Input,Amount,629964
2026-05,Budget,6014,D009,Input,Input,Amount,473002
2026-05,Budget,6014,D010,Input,Input,Amount,295168
2026-05,Budget,6014,D011,Input,Input,Amount,231474
2026-05,Budget,6014,D012,Input,Input,Amount,608435
2026-05,Budget,6014,D013,Input,Input,Amount,543052
2026-05,Budget,6014,D014,Input,Input,Amount,176429
2026-05,Budget,6014,D015,Input,Input,Amount,204618
2026-05,Budget,6014,D016,Input,Input,Amount,420589
2026-05,Budget,6014,D017,Input,Input,Amount,61155
2026-05,Budget,6015,D001,Input,Input,Amount,127659
2026-05,Budget,6015,D002,Input,Input,Amount,62623
2026-05,Budget,6015,D003,Input,Input,Amount,236229
2026-05,Budget,6015,D004,Input,Input,Amount,608467
2026-05,Budget,6015,D005,Input,Input,Amount,296902
2026-05,Budget,6015,D006,Input,Input,Amount,469412
2026-05,Budget,6015,D007,Input,Input,Amount,271081
2026-05,Budget,6015,D008,Input,Input,Amount,295517
2026-05,Budget,6015,D009,Input,Input,Amount,478042
2026-05,Budget,6015,D010,Input,Input,Amount,218349
2026-05,Budget,6015,D011,Input,Input,Amount,376027
2026-05,Budget,6015,D012,Input,Input,Amount,129292
2026-05,Budget,6015,D013,Input,Input,Amount,262104
2026-05,Budget,6015,D014,Input,Input,Amount,113717
2026-05,Budget,6015,D015,Input,Input,Amount,557402
2026-05,Budget,6015,D016,Input,Input,Amount,86440
2026-05,Budget,6015,D017,Input,Input,Amount,609591
2026-05,Budget,6016,D001,Input,Input,Amount,389332
2026-05,Budget,6016,D002,Input,Input,Amount,272250
2026-05,Budget,6016,D003,Input,Input,Amount,480424
2026-05,Budget,6016,D004,Input,Input,Amount,290358
2026-05,Budget,6016,D005,Input,Input,Amount,588276
2026-05,Budget,6016,D006,Input,Input,Amount,324152
2026-05,Budget,6016,D007,Input,Input,Amount,300321
2026-05,Budget,6016,D008,Input,Input,Amount,66920
2026-05,Budget,6016,D009,Input,Input,Amount,446750
2026-05,Budget,6016,D010,Input,Input,Amount,522426
2026-05,Budget,6016,D011,Input,Input,Amount,502746
2026-05,Budget,6016,D012,Input,Input,Amount,613949
2026-05,Budget,6016,D013,Input,Input,Amount,528031
2026-05,Budget,6016,D014,Input,Input,Amount,430915
2026-05,Budget,6016,D015,Input,Input,Amount,481573
2026-05,Budget,6016,D016,Input,Input,Amount,409691
2026-05,Budget,6016,D017,Input,Input,Amount,548016
2026-05,Budget,6017,D001,Input,Input,Amount,579131
2026-05,Budget,6017,D002,Input,Input,Amount,55289
2026-05,Budget,6017,D003,Input,Input,Amount,456494
2026-05,Budget,6017,D004,Input,Input,Amount,614781
2026-05,Budget,6017,D005,Input,Input,Amount,125153
2026-05,Budget,6017,D006,Input,Input,Amount,154776
2026-05,Budget,6017,D007,Input,Input,Amount,316157
2026-05,Budget,6017,D008,Input,Input,Amount,581163
2026-05,Budget,6017,D009,Input,Input,Amount,151021
2026-05,Budget,6017,D010,Input,Input,Amount,164578
2026-05,Budget,6017,D011,Input,Input,Amount,154107
2026-05,Budget,6017,D012,Input,Input,Amount,552707
2026-05,Budget,6017,D013,Input,Input,Amount,207041
2026-05,Budget,6017,D014,Input,Input,Amount,297911
2026-05,Budget,6017,D015,Input,Input,Amount,97768
2026-05,Budget,6017,D016,Input,Input,Amount,521116
2026-05,Budget,6017,D017,Input,Input,Amount,80328
2026-05,Budget,6018,D001,Input,Input,Amount,501461
2026-05,Budget,6018,D002,Input,Input,Amount,489302
2026-05,Budget,6018,D003,Input,Input,Amount,351656
2026-05,Budget,6018,D004,Input,Input,Amount,268899
2026-05,Budget,6018,D005,Input,Input,Amount,436591
2026-05,Budget,6018,D006,Input,Input,Amount,434548
2026-05,Budget,6018,D007,Input,Input,Amount,105245
2026-05,Budget,6018,D008,Input,Input,Amount,98776
2026-05,Budget,6018,D009,Input,Input,Amount,162809
2026-05,Budget,6018,D010,Input,Input,Amount,435328
2026-05,Budget,6018,D011,Input,Input,Amount,217189
2026-05,Budget,6018,D012,Input,Input,Amount,163096
2026-05,Budget,6018,D013,Input,Input,Amount,446354
2026-05,Budget,6018,D014,Input,Input,Amount,518252
2026-05,Budget,6018,D015,Input,Input,Amount,371119
2026-05,Budget,6018,D016,Input,Input,Amount,317668
2026-05,Budget,6018,D017,Input,Input,Amount,414782
2026-05,Budget,6019,D001,Input,Input,Amount,318742
2026-05,Budget,6019,D002,Input,Input,Amount,69527
2026-05,Budget,6019,D003,Input,Input,Amount,158241
2026-05,Budget,6019,D004,Input,Input,Amount,355130
2026-05,Budget,6019,D005,Input,Input,Amount,393842
2026-05,Budget,6019,D006,Input,Input,Amount,594492
2026-05,Budget,6019,D007,Input,Input,Amount,248577
2026-05,Budget,6019,D008,Input,Input,Amount,136507
2026-05,Budget,6019,D009,Input,Input,Amount,329976
2026-05,Budget,6019,D010,Input,Input,Amount,88470
2026-05,Budget,6019,D011,Input,Input,Amount,85277
2026-05,Budget,6019,D012,Input,Input,Amount,282647
2026-05,Budget,6019,D013,Input,Input,Amount,397644
2026-05,Budget,6019,D014,Input,Input,Amount,267624
2026-05,Budget,6019,D015,Input,Input,Amount,170687
2026-05,Budget,6019,D016,Input,Input,Amount,297097
2026-05,Budget,6019,D017,Input,Input,Amount,188118
2026-05,Budget,6020,D001,Input,Input,Amount,415552
2026-05,Budget,6020,D002,Input,Input,Amount,344339
2026-05,Budget,6020,D003,Input,Input,Amount,356885
2026-05,Budget,6020,D004,Input,Input,Amount,480187
2026-05,Budget,6020,D005,Input,Input,Amount,35577
2026-05,Budget,6020,D006,Input,Input,Amount,540749
2026-05,Budget,6020,D007,Input,Input,Amount,100925
2026-05,Budget,6020,D008,Input,Input,Amount,428300
2026-05,Budget,6020,D009,Input,Input,Amount,541557
2026-05,Budget,6020,D010,Input,Input,Amount,604139
2026-05,Budget,6020,D011,Input,Input,Amount,30170
2026-05,Budget,6020,D012,Input,Input,Amount,207728
2026-05,Budget,6020,D013,Input,Input,Amount,437545
2026-05,Budget,6020,D014,Input,Input,Amount,240263
2026-05,Budget,6020,D015,Input,Input,Amount,514567
2026-05,Budget,6020,D016,Input,Input,Amount,46994
2026-05,Budget,6020,D017,Input,Input,Amount,202002
2026-05,Budget,6021,D001,Input,Input,Amount,121162
2026-05,Budget,6021,D002,Input,Input,Amount,314937
2026-05,Budget,6021,D003,Input,Input,Amount,456898
2026-05,Budget,6021,D004,Input,Input,Amount,367749
2026-05,Budget,6021,D005,Input,Input,Amount,102175
2026-05,Budget,6021,D006,Input,Input,Amount,269040
2026-05,Budget,6021,D007,Input,Input,Amount,106304
2026-05,Budget,6021,D008,Input,Input,Amount,629598
2026-05,Budget,6021,D009,Input,Input,Amount,545445
2026-05,Budget,6021,D010,Input,Input,Amount,210719
2026-05,Budget,6021,D011,Input,Input,Amount,173021
2026-05,Budget,6021,D012,Input,Input,Amount,447418
2026-05,Budget,6021,D013,Input,Input,Amount,396467
2026-05,Budget,6021,D014,Input,Input,Amount,460708
2026-05,Budget,6021,D015,Input,Input,Amount,389535
2026-05,Budget,6021,D016,Input,Input,Amount,40183
2026-05,Budget,6021,D017,Input,Input,Amount,85903
2026-05,Budget,6022,D001,Input,Input,Amount,502192
2026-05,Budget,6022,D002,Input,Input,Amount,502517
2026-05,Budget,6022,D003,Input,Input,Amount,598061
2026-05,Budget,6022,D004,Input,Input,Amount,527888
2026-05,Budget,6022,D005,Input,Input,Amount,287640
2026-05,Budget,6022,D006,Input,Input,Amount,377495
2026-05,Budget,6022,D007,Input,Input,Amount,465137
2026-05,Budget,6022,D008,Input,Input,Amount,315951
2026-05,Budget,6022,D009,Input,Input,Amount,212738
2026-05,Budget,6022,D010,Input,Input,Amount,165221
2026-05,Budget,6022,D011,Input,Input,Amount,432194
2026-05,Budget,6022,D012,Input,Input,Amount,151845
2026-05,Budget,6022,D013,Input,Input,Amount,108272
2026-05,Budget,6022,D014,Input,Input,Amount,273056
2026-05,Budget,6022,D015,Input,Input,Amount,572832
2026-05,Budget,6022,D016,Input,Input,Amount,366324
2026-05,Budget,6022,D017,Input,Input,Amount,37605
2026-05,Budget,6023,D001,Input,Input,Amount,306206
2026-05,Budget,6023,D002,Input,Input,Amount,111339
2026-05,Budget,6023,D003,Input,Input,Amount,287636
2026-05,Budget,6023,D004,Input,Input,Amount,209466
2026-05,Budget,6023,D005,Input,Input,Amount,610380
2026-05,Budget,6023,D006,Input,Input,Amount,522588
2026-05,Budget,6023,D007,Input,Input,Amount,153862
2026-05,Budget,6023,D008,Input,Input,Amount,157205
2026-05,Budget,6023,D009,Input,Input,Amount,372434
2026-05,Budget,6023,D010,Input,Input,Amount,134267
2026-05,Budget,6023,D011,Input,Input,Amount,329683
2026-05,Budget,6023,D012,Input,Input,Amount,553494
2026-05,Budget,6023,D013,Input,Input,Amount,124319
2026-05,Budget,6023,D014,Input,Input,Amount,312890
2026-05,Budget,6023,D015,Input,Input,Amount,352827
2026-05,Budget,6023,D016,Input,Input,Amount,187707
2026-05,Budget,6023,D017,Input,Input,Amount,506801
2026-05,Budget,6024,D001,Input,Input,Amount,503473
2026-05,Budget,6024,D002,Input,Input,Amount,501528
2026-05,Budget,6024,D003,Input,Input,Amount,292032
2026-05,Budget,6024,D004,Input,Input,Amount,405062
2026-05,Budget,6024,D005,Input,Input,Amount,542380
2026-05,Budget,6024,D006,Input,Input,Amount,118050
2026-05,Budget,6024,D007,Input,Input,Amount,140191
2026-05,Budget,6024,D008,Input,Input,Amount,312561
2026-05,Budget,6024,D009,Input,Input,Amount,422334
2026-05,Budget,6024,D010,Input,Input,Amount,75617
2026-05,Budget,6024,D011,Input,Input,Amount,202166
2026-05,Budget,6024,D012,Input,Input,Amount,289702
2026-05,Budget,6024,D013,Input,Input,Amount,564045
2026-05,Budget,6024,D014,Input,Input,Amount,282215
2026-05,Budget,6024,D015,Input,Input,Amount,271255
2026-05,Budget,6024,D016,Input,Input,Amount,140468
2026-05,Budget,6024,D017,Input,Input,Amount,279396
2026-05,Budget,6025,D001,Input,Input,Amount,244227
2026-05,Budget,6025,D002,Input,Input,Amount,462199
2026-05,Budget,6025,D003,Input,Input,Amount,446769
2026-05,Budget,6025,D004,Input,Input,Amount,602668
2026-05,Budget,6025,D005,Input,Input,Amount,252820
2026-05,Budget,6025,D006,Input,Input,Amount,482273
2026-05,Budget,6025,D007,Input,Input,Amount,300213
2026-05,Budget,6025,D008,Input,Input,Amount,364493
2026-05,Budget,6025,D009,Input,Input,Amount,623095
2026-05,Budget,6025,D010,Input,Input,Amount,253924
2026-05,Budget,6025,D011,Input,Input,Amount,275014
2026-05,Budget,6025,D012,Input,Input,Amount,610928
2026-05,Budget,6025,D013,Input,Input,Amount,474976
2026-05,Budget,6025,D014,Input,Input,Amount,432962
2026-05,Budget,6025,D015,Input,Input,Amount,510222
2026-05,Budget,6025,D016,Input,Input,Amount,116537
2026-05,Budget,6025,D017,Input,Input,Amount,516191
2026-05,Budget,6026,D001,Input,Input,Amount,526443
2026-05,Budget,6026,D002,Input,Input,Amount,417967
2026-05,Budget,6026,D003,Input,Input,Amount,159505
2026-05,Budget,6026,D004,Input,Input,Amount,624826
2026-05,Budget,6026,D005,Input,Input,Amount,153162
2026-05,Budget,6026,D006,Input,Input,Amount,584755
2026-05,Budget,6026,D007,Input,Input,Amount,322679
2026-05,Budget,6026,D008,Input,Input,Amount,92618
2026-05,Budget,6026,D009,Input,Input,Amount,195750
2026-05,Budget,6026,D010,Input,Input,Amount,84552
2026-05,Budget,6026,D011,Input,Input,Amount,63001
2026-05,Budget,6026,D012,Input,Input,Amount,378822
2026-05,Budget,6026,D013,Input,Input,Amount,575516
2026-05,Budget,6026,D014,Input,Input,Amount,605437
2026-05,Budget,6026,D015,Input,Input,Amount,283110
2026-05,Budget,6026,D016,Input,Input,Amount,609127
2026-05,Budget,6026,D017,Input,Input,Amount,415869
2026-06,Budget,4001,D001,Input,Input,Amount,590821
2026-06,Budget,4001,D002,Input,Input,Amount,626723
2026-06,Budget,4001,D003,Input,Input,Amount,594725
2026-06,Budget,4001,D004,Input,Input,Amount,626389
2026-06,Budget,4001,D005,Input,Input,Amount,623842
2026-06,Budget,4001,D006,Input,Input,Amount,606677
2026-06,Budget,4001,D007,Input,Input,Amount,583550
2026-06,Budget,4001,D008,Input,Input,Amount,592556
2026-06,Budget,4001,D009,Input,Input,Amount,609041
2026-06,Budget,4001,D010,Input,Input,Amount,606634
2026-06,Budget,4001,D011,Input,Input,Amount,209297
2026-06,Budget,4001,D012,Input,Input,Amount,205575
2026-06,Budget,4001,D013,Input,Input,Amount,52442
2026-06,Budget,4001,D014,Input,Input,Amount,407288
2026-06,Budget,4001,D015,Input,Input,Amount,64788
2026-06,Budget,4001,D016,Input,Input,Amount,303547
2026-06,Budget,4001,D017,Input,Input,Amount,264460
2026-06,Budget,4002,D001,Input,Input,Amount,597370
2026-06,Budget,4002,D002,Input,Input,Amount,600428
2026-06,Budget,4002,D003,Input,Input,Amount,584196
2026-06,Budget,4002,D004,Input,Input,Amount,621359
2026-06,Budget,4002,D005,Input,Input,Amount,611812
2026-06,Budget,4002,D006,Input,Input,Amount,592478
2026-06,Budget,4002,D007,Input,Input,Amount,624129
2026-06,Budget,4002,D008,Input,Input,Amount,592465
2026-06,Budget,4002,D009,Input,Input,Amount,616066
2026-06,Budget,4002,D010,Input,Input,Amount,611826
2026-06,Budget,4002,D011,Input,Input,Amount,458035
2026-06,Budget,4002,D012,Input,Input,Amount,68796
2026-06,Budget,4002,D013,Input,Input,Amount,379520
2026-06,Budget,4002,D014,Input,Input,Amount,564742
2026-06,Budget,4002,D015,Input,Input,Amount,486185
2026-06,Budget,4002,D016,Input,Input,Amount,342948
2026-06,Budget,4002,D017,Input,Input,Amount,284998
2026-06,Budget,4003,D001,Input,Input,Amount,614581
2026-06,Budget,4003,D002,Input,Input,Amount,606148
2026-06,Budget,4003,D003,Input,Input,Amount,602156
2026-06,Budget,4003,D004,Input,Input,Amount,583858
2026-06,Budget,4003,D005,Input,Input,Amount,594040
2026-06,Budget,4003,D006,Input,Input,Amount,586181
2026-06,Budget,4003,D007,Input,Input,Amount,622824
2026-06,Budget,4003,D008,Input,Input,Amount,615146
2026-06,Budget,4003,D009,Input,Input,Amount,586416
2026-06,Budget,4003,D010,Input,Input,Amount,611546
2026-06,Budget,4003,D011,Input,Input,Amount,304513
2026-06,Budget,4003,D012,Input,Input,Amount,577504
2026-06,Budget,4003,D013,Input,Input,Amount,462716
2026-06,Budget,4003,D014,Input,Input,Amount,444563
2026-06,Budget,4003,D015,Input,Input,Amount,55146
2026-06,Budget,4003,D016,Input,Input,Amount,296358
2026-06,Budget,4003,D017,Input,Input,Amount,102230
2026-06,Budget,4004,D001,Input,Input,Amount,81845
2026-06,Budget,4004,D002,Input,Input,Amount,252611
2026-06,Budget,4004,D003,Input,Input,Amount,555547
2026-06,Budget,4004,D004,Input,Input,Amount,170654
2026-06,Budget,4004,D005,Input,Input,Amount,168923
2026-06,Budget,4004,D006,Input,Input,Amount,309341
2026-06,Budget,4004,D007,Input,Input,Amount,461639
2026-06,Budget,4004,D008,Input,Input,Amount,53816
2026-06,Budget,4004,D009,Input,Input,Amount,587679
2026-06,Budget,4004,D010,Input,Input,Amount,333040
2026-06,Budget,4004,D011,Input,Input,Amount,254492
2026-06,Budget,4004,D012,Input,Input,Amount,311647
2026-06,Budget,4004,D013,Input,Input,Amount,412471
2026-06,Budget,4004,D014,Input,Input,Amount,577501
2026-06,Budget,4004,D015,Input,Input,Amount,222532
2026-06,Budget,4004,D016,Input,Input,Amount,66315
2026-06,Budget,4004,D017,Input,Input,Amount,215797
2026-06,Budget,4005,D001,Input,Input,Amount,504322
2026-06,Budget,4005,D002,Input,Input,Amount,268755
2026-06,Budget,4005,D003,Input,Input,Amount,178693
2026-06,Budget,4005,D004,Input,Input,Amount,241647
2026-06,Budget,4005,D005,Input,Input,Amount,85622
2026-06,Budget,4005,D006,Input,Input,Amount,147915
2026-06,Budget,4005,D007,Input,Input,Amount,133352
2026-06,Budget,4005,D008,Input,Input,Amount,566809
2026-06,Budget,4005,D009,Input,Input,Amount,544664
2026-06,Budget,4005,D010,Input,Input,Amount,418726
2026-06,Budget,4005,D011,Input,Input,Amount,212957
2026-06,Budget,4005,D012,Input,Input,Amount,115275
2026-06,Budget,4005,D013,Input,Input,Amount,200360
2026-06,Budget,4005,D014,Input,Input,Amount,301701
2026-06,Budget,4005,D015,Input,Input,Amount,173514
2026-06,Budget,4005,D016,Input,Input,Amount,221320
2026-06,Budget,4005,D017,Input,Input,Amount,395112
2026-06,Budget,5001,D001,Input,Input,Amount,369753
2026-06,Budget,5001,D002,Input,Input,Amount,374019
2026-06,Budget,5001,D003,Input,Input,Amount,331378
2026-06,Budget,5001,D004,Input,Input,Amount,345003
2026-06,Budget,5001,D005,Input,Input,Amount,365339
2026-06,Budget,5001,D006,Input,Input,Amount,336352
2026-06,Budget,5001,D007,Input,Input,Amount,372348
2026-06,Budget,5001,D008,Input,Input,Amount,359400
2026-06,Budget,5001,D009,Input,Input,Amount,333315
2026-06,Budget,5001,D010,Input,Input,Amount,344008
2026-06,Budget,5001,D011,Input,Input,Amount,511502
2026-06,Budget,5001,D012,Input,Input,Amount,355141
2026-06,Budget,5001,D013,Input,Input,Amount,68466
2026-06,Budget,5001,D014,Input,Input,Amount,525384
2026-06,Budget,5001,D015,Input,Input,Amount,416420
2026-06,Budget,5001,D016,Input,Input,Amount,163596
2026-06,Budget,5001,D017,Input,Input,Amount,49528
2026-06,Budget,5002,D001,Input,Input,Amount,357730
2026-06,Budget,5002,D002,Input,Input,Amount,372590
2026-06,Budget,5002,D003,Input,Input,Amount,368555
2026-06,Budget,5002,D004,Input,Input,Amount,334417
2026-06,Budget,5002,D005,Input,Input,Amount,338671
2026-06,Budget,5002,D006,Input,Input,Amount,373187
2026-06,Budget,5002,D007,Input,Input,Amount,336449
2026-06,Budget,5002,D008,Input,Input,Amount,339186
2026-06,Budget,5002,D009,Input,Input,Amount,372738
2026-06,Budget,5002,D010,Input,Input,Amount,356282
2026-06,Budget,5002,D011,Input,Input,Amount,594123
2026-06,Budget,5002,D012,Input,Input,Amount,252419
2026-06,Budget,5002,D013,Input,Input,Amount,238726
2026-06,Budget,5002,D014,Input,Input,Amount,454734
2026-06,Budget,5002,D015,Input,Input,Amount,533938
2026-06,Budget,5002,D016,Input,Input,Amount,90251
2026-06,Budget,5002,D017,Input,Input,Amount,556882
2026-06,Budget,5003,D001,Input,Input,Amount,343880
2026-06,Budget,5003,D002,Input,Input,Amount,354472
2026-06,Budget,5003,D003,Input,Input,Amount,366301
2026-06,Budget,5003,D004,Input,Input,Amount,332058
2026-06,Budget,5003,D005,Input,Input,Amount,377405
2026-06,Budget,5003,D006,Input,Input,Amount,358249
2026-06,Budget,5003,D007,Input,Input,Amount,333972
2026-06,Budget,5003,D008,Input,Input,Amount,357648
2026-06,Budget,5003,D009,Input,Input,Amount,365427
2026-06,Budget,5003,D010,Input,Input,Amount,333842
2026-06,Budget,5003,D011,Input,Input,Amount,204469
2026-06,Budget,5003,D012,Input,Input,Amount,161474
2026-06,Budget,5003,D013,Input,Input,Amount,481313
2026-06,Budget,5003,D014,Input,Input,Amount,353235
2026-06,Budget,5003,D015,Input,Input,Amount,629807
2026-06,Budget,5003,D016,Input,Input,Amount,479309
2026-06,Budget,5003,D017,Input,Input,Amount,37304
2026-06,Budget,6001,D001,Input,Input,Amount,100343
2026-06,Budget,6001,D002,Input,Input,Amount,93711
2026-06,Budget,6001,D003,Input,Input,Amount,80080
2026-06,Budget,6001,D004,Input,Input,Amount,86654
2026-06,Budget,6001,D005,Input,Input,Amount,102423
2026-06,Budget,6001,D006,Input,Input,Amount,88219
2026-06,Budget,6001,D007,Input,Input,Amount,91386
2026-06,Budget,6001,D008,Input,Input,Amount,77025
2026-06,Budget,6001,D009,Input,Input,Amount,65967
2026-06,Budget,6001,D010,Input,Input,Amount,75789
2026-06,Budget,6001,D011,Input,Input,Amount,311006
2026-06,Budget,6001,D012,Input,Input,Amount,295833
2026-06,Budget,6001,D013,Input,Input,Amount,63444
2026-06,Budget,6001,D014,Input,Input,Amount,243926
2026-06,Budget,6001,D015,Input,Input,Amount,475977
2026-06,Budget,6001,D016,Input,Input,Amount,66675
2026-06,Budget,6001,D017,Input,Input,Amount,608849
2026-06,Budget,6002,D001,Input,Input,Amount,114497
2026-06,Budget,6002,D002,Input,Input,Amount,98919
2026-06,Budget,6002,D003,Input,Input,Amount,103564
2026-06,Budget,6002,D004,Input,Input,Amount,69643
2026-06,Budget,6002,D005,Input,Input,Amount,102762
2026-06,Budget,6002,D006,Input,Input,Amount,92759
2026-06,Budget,6002,D007,Input,Input,Amount,112724
2026-06,Budget,6002,D008,Input,Input,Amount,83254
2026-06,Budget,6002,D009,Input,Input,Amount,71112
2026-06,Budget,6002,D010,Input,Input,Amount,89836
2026-06,Budget,6002,D011,Input,Input,Amount,485128
2026-06,Budget,6002,D012,Input,Input,Amount,165677
2026-06,Budget,6002,D013,Input,Input,Amount,350387
2026-06,Budget,6002,D014,Input,Input,Amount,487982
2026-06,Budget,6002,D015,Input,Input,Amount,279284
2026-06,Budget,6002,D016,Input,Input,Amount,260589
2026-06,Budget,6002,D017,Input,Input,Amount,618825
2026-06,Budget,6003,D001,Input,Input,Amount,112836
2026-06,Budget,6003,D002,Input,Input,Amount,94588
2026-06,Budget,6003,D003,Input,Input,Amount,79432
2026-06,Budget,6003,D004,Input,Input,Amount,98695
2026-06,Budget,6003,D005,Input,Input,Amount,95976
2026-06,Budget,6003,D006,Input,Input,Amount,91941
2026-06,Budget,6003,D007,Input,Input,Amount,87236
2026-06,Budget,6003,D008,Input,Input,Amount,95318
2026-06,Budget,6003,D009,Input,Input,Amount,114385
2026-06,Budget,6003,D010,Input,Input,Amount,65141
2026-06,Budget,6003,D011,Input,Input,Amount,364709
2026-06,Budget,6003,D012,Input,Input,Amount,241551
2026-06,Budget,6003,D013,Input,Input,Amount,577249
2026-06,Budget,6003,D014,Input,Input,Amount,480349
2026-06,Budget,6003,D015,Input,Input,Amount,485332
2026-06,Budget,6003,D016,Input,Input,Amount,166164
2026-06,Budget,6003,D017,Input,Input,Amount,151240
2026-06,Budget,6004,D001,Input,Input,Amount,110211
2026-06,Budget,6004,D002,Input,Input,Amount,72930
2026-06,Budget,6004,D003,Input,Input,Amount,65471
2026-06,Budget,6004,D004,Input,Input,Amount,80597
2026-06,Budget,6004,D005,Input,Input,Amount,80925
2026-06,Budget,6004,D006,Input,Input,Amount,95606
2026-06,Budget,6004,D007,Input,Input,Amount,72161
2026-06,Budget,6004,D008,Input,Input,Amount,81371
2026-06,Budget,6004,D009,Input,Input,Amount,80491
2026-06,Budget,6004,D010,Input,Input,Amount,90586
2026-06,Budget,6004,D011,Input,Input,Amount,314964
2026-06,Budget,6004,D012,Input,Input,Amount,178562
2026-06,Budget,6004,D013,Input,Input,Amount,218541
2026-06,Budget,6004,D014,Input,Input,Amount,457197
2026-06,Budget,6004,D015,Input,Input,Amount,356052
2026-06,Budget,6004,D016,Input,Input,Amount,328986
2026-06,Budget,6004,D017,Input,Input,Amount,577072
2026-06,Budget,6005,D001,Input,Input,Amount,78182
2026-06,Budget,6005,D002,Input,Input,Amount,81246
2026-06,Budget,6005,D003,Input,Input,Amount,69652
2026-06,Budget,6005,D004,Input,Input,Amount,83250
2026-06,Budget,6005,D005,Input,Input,Amount,95996
2026-06,Budget,6005,D006,Input,Input,Amount,112780
2026-06,Budget,6005,D007,Input,Input,Amount,81295
2026-06,Budget,6005,D008,Input,Input,Amount,69940
2026-06,Budget,6005,D009,Input,Input,Amount,75899
2026-06,Budget,6005,D010,Input,Input,Amount,82380
2026-06,Budget,6005,D011,Input,Input,Amount,300781
2026-06,Budget,6005,D012,Input,Input,Amount,144596
2026-06,Budget,6005,D013,Input,Input,Amount,304517
2026-06,Budget,6005,D014,Input,Input,Amount,346882
2026-06,Budget,6005,D015,Input,Input,Amount,176274
2026-06,Budget,6005,D016,Input,Input,Amount,230818
2026-06,Budget,6005,D017,Input,Input,Amount,131031
2026-06,Budget,6006,D001,Input,Input,Amount,379061
2026-06,Budget,6006,D002,Input,Input,Amount,212326
2026-06,Budget,6006,D003,Input,Input,Amount,347731
2026-06,Budget,6006,D004,Input,Input,Amount,528583
2026-06,Budget,6006,D005,Input,Input,Amount,456296
2026-06,Budget,6006,D006,Input,Input,Amount,134664
2026-06,Budget,6006,D007,Input,Input,Amount,447901
2026-06,Budget,6006,D008,Input,Input,Amount,149697
2026-06,Budget,6006,D009,Input,Input,Amount,577317
2026-06,Budget,6006,D010,Input,Input,Amount,100720
2026-06,Budget,6006,D011,Input,Input,Amount,392103
2026-06,Budget,6006,D012,Input,Input,Amount,102208
2026-06,Budget,6006,D013,Input,Input,Amount,531266
2026-06,Budget,6006,D014,Input,Input,Amount,134057
2026-06,Budget,6006,D015,Input,Input,Amount,70217
2026-06,Budget,6006,D016,Input,Input,Amount,504421
2026-06,Budget,6006,D017,Input,Input,Amount,446288
2026-06,Budget,6007,D001,Input,Input,Amount,450874
2026-06,Budget,6007,D002,Input,Input,Amount,202632
2026-06,Budget,6007,D003,Input,Input,Amount,178727
2026-06,Budget,6007,D004,Input,Input,Amount,251213
2026-06,Budget,6007,D005,Input,Input,Amount,215423
2026-06,Budget,6007,D006,Input,Input,Amount,406076
2026-06,Budget,6007,D007,Input,Input,Amount,306545
2026-06,Budget,6007,D008,Input,Input,Amount,44022
2026-06,Budget,6007,D009,Input,Input,Amount,231422
2026-06,Budget,6007,D010,Input,Input,Amount,333530
2026-06,Budget,6007,D011,Input,Input,Amount,477801
2026-06,Budget,6007,D012,Input,Input,Amount,417898
2026-06,Budget,6007,D013,Input,Input,Amount,591652
2026-06,Budget,6007,D014,Input,Input,Amount,264971
2026-06,Budget,6007,D015,Input,Input,Amount,581702
2026-06,Budget,6007,D016,Input,Input,Amount,430875
2026-06,Budget,6007,D017,Input,Input,Amount,145893
2026-06,Budget,6008,D001,Input,Input,Amount,33418
2026-06,Budget,6008,D002,Input,Input,Amount,577888
2026-06,Budget,6008,D003,Input,Input,Amount,129978
2026-06,Budget,6008,D004,Input,Input,Amount,565491
2026-06,Budget,6008,D005,Input,Input,Amount,144110
2026-06,Budget,6008,D006,Input,Input,Amount,204860
2026-06,Budget,6008,D007,Input,Input,Amount,425976
2026-06,Budget,6008,D008,Input,Input,Amount,348165
2026-06,Budget,6008,D009,Input,Input,Amount,287530
2026-06,Budget,6008,D010,Input,Input,Amount,44670
2026-06,Budget,6008,D011,Input,Input,Amount,628555
2026-06,Budget,6008,D012,Input,Input,Amount,374277
2026-06,Budget,6008,D013,Input,Input,Amount,39033
2026-06,Budget,6008,D014,Input,Input,Amount,351602
2026-06,Budget,6008,D015,Input,Input,Amount,431184
2026-06,Budget,6008,D016,Input,Input,Amount,34553
2026-06,Budget,6008,D017,Input,Input,Amount,162325
2026-06,Budget,6009,D001,Input,Input,Amount,44537
2026-06,Budget,6009,D002,Input,Input,Amount,176294
2026-06,Budget,6009,D003,Input,Input,Amount,220273
2026-06,Budget,6009,D004,Input,Input,Amount,469024
2026-06,Budget,6009,D005,Input,Input,Amount,350748
2026-06,Budget,6009,D006,Input,Input,Amount,230312
2026-06,Budget,6009,D007,Input,Input,Amount,92182
2026-06,Budget,6009,D008,Input,Input,Amount,420387
2026-06,Budget,6009,D009,Input,Input,Amount,94765
2026-06,Budget,6009,D010,Input,Input,Amount,478083
2026-06,Budget,6009,D011,Input,Input,Amount,90384
2026-06,Budget,6009,D012,Input,Input,Amount,41745
2026-06,Budget,6009,D013,Input,Input,Amount,611592
2026-06,Budget,6009,D014,Input,Input,Amount,427660
2026-06,Budget,6009,D015,Input,Input,Amount,471820
2026-06,Budget,6009,D016,Input,Input,Amount,558914
2026-06,Budget,6009,D017,Input,Input,Amount,276756
2026-06,Budget,6010,D001,Input,Input,Amount,283382
2026-06,Budget,6010,D002,Input,Input,Amount,62648
2026-06,Budget,6010,D003,Input,Input,Amount,533295
2026-06,Budget,6010,D004,Input,Input,Amount,264760
2026-06,Budget,6010,D005,Input,Input,Amount,414544
2026-06,Budget,6010,D006,Input,Input,Amount,543003
2026-06,Budget,6010,D007,Input,Input,Amount,232805
2026-06,Budget,6010,D008,Input,Input,Amount,485373
2026-06,Budget,6010,D009,Input,Input,Amount,160409
2026-06,Budget,6010,D010,Input,Input,Amount,473217
2026-06,Budget,6010,D011,Input,Input,Amount,586724
2026-06,Budget,6010,D012,Input,Input,Amount,278045
2026-06,Budget,6010,D013,Input,Input,Amount,160243
2026-06,Budget,6010,D014,Input,Input,Amount,468206
2026-06,Budget,6010,D015,Input,Input,Amount,490061
2026-06,Budget,6010,D016,Input,Input,Amount,57872
2026-06,Budget,6010,D017,Input,Input,Amount,34132
2026-06,Budget,6011,D001,Input,Input,Amount,87062
2026-06,Budget,6011,D002,Input,Input,Amount,556081
2026-06,Budget,6011,D003,Input,Input,Amount,330908
2026-06,Budget,6011,D004,Input,Input,Amount,373979
2026-06,Budget,6011,D005,Input,Input,Amount,186300
2026-06,Budget,6011,D006,Input,Input,Amount,257476
2026-06,Budget,6011,D007,Input,Input,Amount,493683
2026-06,Budget,6011,D008,Input,Input,Amount,323067
2026-06,Budget,6011,D009,Input,Input,Amount,545717
2026-06,Budget,6011,D010,Input,Input,Amount,606490
2026-06,Budget,6011,D011,Input,Input,Amount,501873
2026-06,Budget,6011,D012,Input,Input,Amount,447140
2026-06,Budget,6011,D013,Input,Input,Amount,510657
2026-06,Budget,6011,D014,Input,Input,Amount,238381
2026-06,Budget,6011,D015,Input,Input,Amount,400326
2026-06,Budget,6011,D016,Input,Input,Amount,142494
2026-06,Budget,6011,D017,Input,Input,Amount,600776
2026-06,Budget,6012,D001,Input,Input,Amount,208864
2026-06,Budget,6012,D002,Input,Input,Amount,170801
2026-06,Budget,6012,D003,Input,Input,Amount,291069
2026-06,Budget,6012,D004,Input,Input,Amount,75571
2026-06,Budget,6012,D005,Input,Input,Amount,171873
2026-06,Budget,6012,D006,Input,Input,Amount,38944
2026-06,Budget,6012,D007,Input,Input,Amount,309177
2026-06,Budget,6012,D008,Input,Input,Amount,418704
2026-06,Budget,6012,D009,Input,Input,Amount,213458
2026-06,Budget,6012,D010,Input,Input,Amount,421988
2026-06,Budget,6012,D011,Input,Input,Amount,402907
2026-06,Budget,6012,D012,Input,Input,Amount,521697
2026-06,Budget,6012,D013,Input,Input,Amount,487203
2026-06,Budget,6012,D014,Input,Input,Amount,189635
2026-06,Budget,6012,D015,Input,Input,Amount,299809
2026-06,Budget,6012,D016,Input,Input,Amount,456056
2026-06,Budget,6012,D017,Input,Input,Amount,41195
2026-06,Budget,6013,D001,Input,Input,Amount,457890
2026-06,Budget,6013,D002,Input,Input,Amount,156986
2026-06,Budget,6013,D003,Input,Input,Amount,307069
2026-06,Budget,6013,D004,Input,Input,Amount,388157
2026-06,Budget,6013,D005,Input,Input,Amount,443457
2026-06,Budget,6013,D006,Input,Input,Amount,407425
2026-06,Budget,6013,D007,Input,Input,Amount,594317
2026-06,Budget,6013,D008,Input,Input,Amount,582136
2026-06,Budget,6013,D009,Input,Input,Amount,274108
2026-06,Budget,6013,D010,Input,Input,Amount,495232
2026-06,Budget,6013,D011,Input,Input,Amount,286816
2026-06,Budget,6013,D012,Input,Input,Amount,219969
2026-06,Budget,6013,D013,Input,Input,Amount,420216
2026-06,Budget,6013,D014,Input,Input,Amount,61013
2026-06,Budget,6013,D015,Input,Input,Amount,410759
2026-06,Budget,6013,D016,Input,Input,Amount,394212
2026-06,Budget,6013,D017,Input,Input,Amount,590300
2026-06,Budget,6014,D001,Input,Input,Amount,567958
2026-06,Budget,6014,D002,Input,Input,Amount,508416
2026-06,Budget,6014,D003,Input,Input,Amount,379809
2026-06,Budget,6014,D004,Input,Input,Amount,274728
2026-06,Budget,6014,D005,Input,Input,Amount,97671
2026-06,Budget,6014,D006,Input,Input,Amount,171989
2026-06,Budget,6014,D007,Input,Input,Amount,254365
2026-06,Budget,6014,D008,Input,Input,Amount,368107
2026-06,Budget,6014,D009,Input,Input,Amount,443741
2026-06,Budget,6014,D010,Input,Input,Amount,341539
2026-06,Budget,6014,D011,Input,Input,Amount,416792
2026-06,Budget,6014,D012,Input,Input,Amount,611126
2026-06,Budget,6014,D013,Input,Input,Amount,274396
2026-06,Budget,6014,D014,Input,Input,Amount,132992
2026-06,Budget,6014,D015,Input,Input,Amount,490376
2026-06,Budget,6014,D016,Input,Input,Amount,346995
2026-06,Budget,6014,D017,Input,Input,Amount,187924
2026-06,Budget,6015,D001,Input,Input,Amount,578418
2026-06,Budget,6015,D002,Input,Input,Amount,303381
2026-06,Budget,6015,D003,Input,Input,Amount,345360
2026-06,Budget,6015,D004,Input,Input,Amount,220210
2026-06,Budget,6015,D005,Input,Input,Amount,143795
2026-06,Budget,6015,D006,Input,Input,Amount,464343
2026-06,Budget,6015,D007,Input,Input,Amount,115780
2026-06,Budget,6015,D008,Input,Input,Amount,383183
2026-06,Budget,6015,D009,Input,Input,Amount,140245
2026-06,Budget,6015,D010,Input,Input,Amount,462592
2026-06,Budget,6015,D011,Input,Input,Amount,505363
2026-06,Budget,6015,D012,Input,Input,Amount,105574
2026-06,Budget,6015,D013,Input,Input,Amount,122067
2026-06,Budget,6015,D014,Input,Input,Amount,323112
2026-06,Budget,6015,D015,Input,Input,Amount,550758
2026-06,Budget,6015,D016,Input,Input,Amount,340172
2026-06,Budget,6015,D017,Input,Input,Amount,273829
2026-06,Budget,6016,D001,Input,Input,Amount,504669
2026-06,Budget,6016,D002,Input,Input,Amount,220069
2026-06,Budget,6016,D003,Input,Input,Amount,556645
2026-06,Budget,6016,D004,Input,Input,Amount,592251
2026-06,Budget,6016,D005,Input,Input,Amount,502149
2026-06,Budget,6016,D006,Input,Input,Amount,541735
2026-06,Budget,6016,D007,Input,Input,Amount,497592
2026-06,Budget,6016,D008,Input,Input,Amount,198263
2026-06,Budget,6016,D009,Input,Input,Amount,565920
2026-06,Budget,6016,D010,Input,Input,Amount,327824
2026-06,Budget,6016,D011,Input,Input,Amount,496583
2026-06,Budget,6016,D012,Input,Input,Amount,166262
2026-06,Budget,6016,D013,Input,Input,Amount,49969
2026-06,Budget,6016,D014,Input,Input,Amount,133408
2026-06,Budget,6016,D015,Input,Input,Amount,574752
2026-06,Budget,6016,D016,Input,Input,Amount,343768
2026-06,Budget,6016,D017,Input,Input,Amount,170897
2026-06,Budget,6017,D001,Input,Input,Amount,221392
2026-06,Budget,6017,D002,Input,Input,Amount,114336
2026-06,Budget,6017,D003,Input,Input,Amount,188309
2026-06,Budget,6017,D004,Input,Input,Amount,58275
2026-06,Budget,6017,D005,Input,Input,Amount,563809
2026-06,Budget,6017,D006,Input,Input,Amount,450807
2026-06,Budget,6017,D007,Input,Input,Amount,68835
2026-06,Budget,6017,D008,Input,Input,Amount,272639
2026-06,Budget,6017,D009,Input,Input,Amount,111913
2026-06,Budget,6017,D010,Input,Input,Amount,568569
2026-06,Budget,6017,D011,Input,Input,Amount,162069
2026-06,Budget,6017,D012,Input,Input,Amount,75467
2026-06,Budget,6017,D013,Input,Input,Amount,345460
2026-06,Budget,6017,D014,Input,Input,Amount,345828
2026-06,Budget,6017,D015,Input,Input,Amount,255494
2026-06,Budget,6017,D016,Input,Input,Amount,627903
2026-06,Budget,6017,D017,Input,Input,Amount,592118
2026-06,Budget,6018,D001,Input,Input,Amount,585601
2026-06,Budget,6018,D002,Input,Input,Amount,184416
2026-06,Budget,6018,D003,Input,Input,Amount,54092
2026-06,Budget,6018,D004,Input,Input,Amount,623226
2026-06,Budget,6018,D005,Input,Input,Amount,295515
2026-06,Budget,6018,D006,Input,Input,Amount,251335
2026-06,Budget,6018,D007,Input,Input,Amount,351269
2026-06,Budget,6018,D008,Input,Input,Amount,432499
2026-06,Budget,6018,D009,Input,Input,Amount,566992
2026-06,Budget,6018,D010,Input,Input,Amount,211840
2026-06,Budget,6018,D011,Input,Input,Amount,360558
2026-06,Budget,6018,D012,Input,Input,Amount,462838
2026-06,Budget,6018,D013,Input,Input,Amount,128274
2026-06,Budget,6018,D014,Input,Input,Amount,308825
2026-06,Budget,6018,D015,Input,Input,Amount,621176
2026-06,Budget,6018,D016,Input,Input,Amount,502275
2026-06,Budget,6018,D017,Input,Input,Amount,459441
2026-06,Budget,6019,D001,Input,Input,Amount,458610
2026-06,Budget,6019,D002,Input,Input,Amount,585883
2026-06,Budget,6019,D003,Input,Input,Amount,484924
2026-06,Budget,6019,D004,Input,Input,Amount,67760
2026-06,Budget,6019,D005,Input,Input,Amount,233256
2026-06,Budget,6019,D006,Input,Input,Amount,501264
2026-06,Budget,6019,D007,Input,Input,Amount,78552
2026-06,Budget,6019,D008,Input,Input,Amount,500175
2026-06,Budget,6019,D009,Input,Input,Amount,46511
2026-06,Budget,6019,D010,Input,Input,Amount,475999
2026-06,Budget,6019,D011,Input,Input,Amount,596285
2026-06,Budget,6019,D012,Input,Input,Amount,248319
2026-06,Budget,6019,D013,Input,Input,Amount,561032
2026-06,Budget,6019,D014,Input,Input,Amount,137595
2026-06,Budget,6019,D015,Input,Input,Amount,194684
2026-06,Budget,6019,D016,Input,Input,Amount,437200
2026-06,Budget,6019,D017,Input,Input,Amount,580004
2026-06,Budget,6020,D001,Input,Input,Amount,80008
2026-06,Budget,6020,D002,Input,Input,Amount,218968
2026-06,Budget,6020,D003,Input,Input,Amount,251039
2026-06,Budget,6020,D004,Input,Input,Amount,436425
2026-06,Budget,6020,D005,Input,Input,Amount,371092
2026-06,Budget,6020,D006,Input,Input,Amount,290123
2026-06,Budget,6020,D007,Input,Input,Amount,348952
2026-06,Budget,6020,D008,Input,Input,Amount,390767
2026-06,Budget,6020,D009,Input,Input,Amount,613863
2026-06,Budget,6020,D010,Input,Input,Amount,491850
2026-06,Budget,6020,D011,Input,Input,Amount,192279
2026-06,Budget,6020,D012,Input,Input,Amount,552754
2026-06,Budget,6020,D013,Input,Input,Amount,598558
2026-06,Budget,6020,D014,Input,Input,Amount,577210
2026-06,Budget,6020,D015,Input,Input,Amount,41599
2026-06,Budget,6020,D016,Input,Input,Amount,186536
2026-06,Budget,6020,D017,Input,Input,Amount,228295
2026-06,Budget,6021,D001,Input,Input,Amount,290957
2026-06,Budget,6021,D002,Input,Input,Amount,554487
2026-06,Budget,6021,D003,Input,Input,Amount,346875
2026-06,Budget,6021,D004,Input,Input,Amount,628054
2026-06,Budget,6021,D005,Input,Input,Amount,262714
2026-06,Budget,6021,D006,Input,Input,Amount,371821
2026-06,Budget,6021,D007,Input,Input,Amount,419310
2026-06,Budget,6021,D008,Input,Input,Amount,552863
2026-06,Budget,6021,D009,Input,Input,Amount,314430
2026-06,Budget,6021,D010,Input,Input,Amount,321158
2026-06,Budget,6021,D011,Input,Input,Amount,346866
2026-06,Budget,6021,D012,Input,Input,Amount,139972
2026-06,Budget,6021,D013,Input,Input,Amount,368803
2026-06,Budget,6021,D014,Input,Input,Amount,502674
2026-06,Budget,6021,D015,Input,Input,Amount,499981
2026-06,Budget,6021,D016,Input,Input,Amount,159676
2026-06,Budget,6021,D017,Input,Input,Amount,503266
2026-06,Budget,6022,D001,Input,Input,Amount,627798
2026-06,Budget,6022,D002,Input,Input,Amount,528205
2026-06,Budget,6022,D003,Input,Input,Amount,397057
2026-06,Budget,6022,D004,Input,Input,Amount,546284
2026-06,Budget,6022,D005,Input,Input,Amount,157422
2026-06,Budget,6022,D006,Input,Input,Amount,470768
2026-06,Budget,6022,D007,Input,Input,Amount,621547
2026-06,Budget,6022,D008,Input,Input,Amount,510646
2026-06,Budget,6022,D009,Input,Input,Amount,544105
2026-06,Budget,6022,D010,Input,Input,Amount,37617
2026-06,Budget,6022,D011,Input,Input,Amount,143382
2026-06,Budget,6022,D012,Input,Input,Amount,118733
2026-06,Budget,6022,D013,Input,Input,Amount,211895
2026-06,Budget,6022,D014,Input,Input,Amount,212847
2026-06,Budget,6022,D015,Input,Input,Amount,189097
2026-06,Budget,6022,D016,Input,Input,Amount,530631
2026-06,Budget,6022,D017,Input,Input,Amount,329725
2026-06,Budget,6023,D001,Input,Input,Amount,97249
2026-06,Budget,6023,D002,Input,Input,Amount,155409
2026-06,Budget,6023,D003,Input,Input,Amount,391953
2026-06,Budget,6023,D004,Input,Input,Amount,518782
2026-06,Budget,6023,D005,Input,Input,Amount,441936
2026-06,Budget,6023,D006,Input,Input,Amount,497689
2026-06,Budget,6023,D007,Input,Input,Amount,154236
2026-06,Budget,6023,D008,Input,Input,Amount,188094
2026-06,Budget,6023,D009,Input,Input,Amount,552609
2026-06,Budget,6023,D010,Input,Input,Amount,47255
2026-06,Budget,6023,D011,Input,Input,Amount,522362
2026-06,Budget,6023,D012,Input,Input,Amount,89832
2026-06,Budget,6023,D013,Input,Input,Amount,418350
2026-06,Budget,6023,D014,Input,Input,Amount,472714
2026-06,Budget,6023,D015,Input,Input,Amount,38901
2026-06,Budget,6023,D016,Input,Input,Amount,388254
2026-06,Budget,6023,D017,Input,Input,Amount,243919
2026-06,Budget,6024,D001,Input,Input,Amount,345819
2026-06,Budget,6024,D002,Input,Input,Amount,328596
2026-06,Budget,6024,D003,Input,Input,Amount,37841
2026-06,Budget,6024,D004,Input,Input,Amount,391557
2026-06,Budget,6024,D005,Input,Input,Amount,110433
2026-06,Budget,6024,D006,Input,Input,Amount,251777
2026-06,Budget,6024,D007,Input,Input,Amount,556165
2026-06,Budget,6024,D008,Input,Input,Amount,355950
2026-06,Budget,6024,D009,Input,Input,Amount,539102
2026-06,Budget,6024,D010,Input,Input,Amount,252357
2026-06,Budget,6024,D011,Input,Input,Amount,498308
2026-06,Budget,6024,D012,Input,Input,Amount,380541
2026-06,Budget,6024,D013,Input,Input,Amount,368341
2026-06,Budget,6024,D014,Input,Input,Amount,559906
2026-06,Budget,6024,D015,Input,Input,Amount,183131
2026-06,Budget,6024,D016,Input,Input,Amount,109167
2026-06,Budget,6024,D017,Input,Input,Amount,610845
2026-06,Budget,6025,D001,Input,Input,Amount,466765
2026-06,Budget,6025,D002,Input,Input,Amount,384677
2026-06,Budget,6025,D003,Input,Input,Amount,147660
2026-06,Budget,6025,D004,Input,Input,Amount,530662
2026-06,Budget,6025,D005,Input,Input,Amount,449151
2026-06,Budget,6025,D006,Input,Input,Amount,581026
2026-06,Budget,6025,D007,Input,Input,Amount,581752
2026-06,Budget,6025,D008,Input,Input,Amount,430697
2026-06,Budget,6025,D009,Input,Input,Amount,410862
2026-06,Budget,6025,D010,Input,Input,Amount,439052
2026-06,Budget,6025,D011,Input,Input,Amount,494808
2026-06,Budget,6025,D012,Input,Input,Amount,174655
2026-06,Budget,6025,D013,Input,Input,Amount,131145
2026-06,Budget,6025,D014,Input,Input,Amount,323745
2026-06,Budget,6025,D015,Input,Input,Amount,311122
2026-06,Budget,6025,D016,Input,Input,Amount,449742
2026-06,Budget,6025,D017,Input,Input,Amount,415708
2026-06,Budget,6026,D001,Input,Input,Amount,255310
2026-06,Budget,6026,D002,Input,Input,Amount,424624
2026-06,Budget,6026,D003,Input,Input,Amount,159738
2026-06,Budget,6026,D004,Input,Input,Amount,207374
2026-06,Budget,6026,D005,Input,Input,Amount,549677
2026-06,Budget,6026,D006,Input,Input,Amount,135863
2026-06,Budget,6026,D007,Input,Input,Amount,37488
2026-06,Budget,6026,D008,Input,Input,Amount,100310
2026-06,Budget,6026,D009,Input,Input,Amount,560462
2026-06,Budget,6026,D010,Input,Input,Amount,110698
2026-06,Budget,6026,D011,Input,Input,Amount,433248
2026-06,Budget,6026,D012,Input,Input,Amount,550205
2026-06,Budget,6026,D013,Input,Input,Amount,74702
2026-06,Budget,6026,D014,Input,Input,Amount,84496
2026-06,Budget,6026,D015,Input,Input,Amount,526269
2026-06,Budget,6026,D016,Input,Input,Amount,243058
2026-06,Budget,6026,D017,Input,Input,Amount,527267
2026-07,Budget,4001,D001,Input,Input,Amount,609819
2026-07,Budget,4001,D002,Input,Input,Amount,599445
2026-07,Budget,4001,D003,Input,Input,Amount,618284
2026-07,Budget,4001,D004,Input,Input,Amount,584453
2026-07,Budget,4001,D005,Input,Input,Amount,585372
2026-07,Budget,4001,D006,Input,Input,Amount,600590
2026-07,Budget,4001,D007,Input,Input,Amount,584754
2026-07,Budget,4001,D008,Input,Input,Amount,588680
2026-07,Budget,4001,D009,Input,Input,Amount,620086
2026-07,Budget,4001,D010,Input,Input,Amount,587564
2026-07,Budget,4001,D011,Input,Input,Amount,325604
2026-07,Budget,4001,D012,Input,Input,Amount,258626
2026-07,Budget,4001,D013,Input,Input,Amount,53236
2026-07,Budget,4001,D014,Input,Input,Amount,531175
2026-07,Budget,4001,D015,Input,Input,Amount,593909
2026-07,Budget,4001,D016,Input,Input,Amount,303595
2026-07,Budget,4001,D017,Input,Input,Amount,601630
2026-07,Budget,4002,D001,Input,Input,Amount,598694
2026-07,Budget,4002,D002,Input,Input,Amount,594267
2026-07,Budget,4002,D003,Input,Input,Amount,611246
2026-07,Budget,4002,D004,Input,Input,Amount,624250
2026-07,Budget,4002,D005,Input,Input,Amount,607474
2026-07,Budget,4002,D006,Input,Input,Amount,595642
2026-07,Budget,4002,D007,Input,Input,Amount,580610
2026-07,Budget,4002,D008,Input,Input,Amount,602872
2026-07,Budget,4002,D009,Input,Input,Amount,622858
2026-07,Budget,4002,D010,Input,Input,Amount,587014
2026-07,Budget,4002,D011,Input,Input,Amount,596886
2026-07,Budget,4002,D012,Input,Input,Amount,361851
2026-07,Budget,4002,D013,Input,Input,Amount,66723
2026-07,Budget,4002,D014,Input,Input,Amount,189793
2026-07,Budget,4002,D015,Input,Input,Amount,587691
2026-07,Budget,4002,D016,Input,Input,Amount,401370
2026-07,Budget,4002,D017,Input,Input,Amount,215594
2026-07,Budget,4003,D001,Input,Input,Amount,607722
2026-07,Budget,4003,D002,Input,Input,Amount,583832
2026-07,Budget,4003,D003,Input,Input,Amount,612954
2026-07,Budget,4003,D004,Input,Input,Amount,595414
2026-07,Budget,4003,D005,Input,Input,Amount,623081
2026-07,Budget,4003,D006,Input,Input,Amount,597407
2026-07,Budget,4003,D007,Input,Input,Amount,610034
2026-07,Budget,4003,D008,Input,Input,Amount,584508
2026-07,Budget,4003,D009,Input,Input,Amount,614664
2026-07,Budget,4003,D010,Input,Input,Amount,628655
2026-07,Budget,4003,D011,Input,Input,Amount,202546
2026-07,Budget,4003,D012,Input,Input,Amount,592587
2026-07,Budget,4003,D013,Input,Input,Amount,415542
2026-07,Budget,4003,D014,Input,Input,Amount,184227
2026-07,Budget,4003,D015,Input,Input,Amount,107708
2026-07,Budget,4003,D016,Input,Input,Amount,313515
2026-07,Budget,4003,D017,Input,Input,Amount,140006
2026-07,Budget,4004,D001,Input,Input,Amount,178824
2026-07,Budget,4004,D002,Input,Input,Amount,466309
2026-07,Budget,4004,D003,Input,Input,Amount,87136
2026-07,Budget,4004,D004,Input,Input,Amount,303732
2026-07,Budget,4004,D005,Input,Input,Amount,298134
2026-07,Budget,4004,D006,Input,Input,Amount,148924
2026-07,Budget,4004,D007,Input,Input,Amount,96683
2026-07,Budget,4004,D008,Input,Input,Amount,112493
2026-07,Budget,4004,D009,Input,Input,Amount,465773
2026-07,Budget,4004,D010,Input,Input,Amount,215878
2026-07,Budget,4004,D011,Input,Input,Amount,43126
2026-07,Budget,4004,D012,Input,Input,Amount,339570
2026-07,Budget,4004,D013,Input,Input,Amount,152494
2026-07,Budget,4004,D014,Input,Input,Amount,451375
2026-07,Budget,4004,D015,Input,Input,Amount,400938
2026-07,Budget,4004,D016,Input,Input,Amount,376031
2026-07,Budget,4004,D017,Input,Input,Amount,443247
2026-07,Budget,4005,D001,Input,Input,Amount,303045
2026-07,Budget,4005,D002,Input,Input,Amount,155523
2026-07,Budget,4005,D003,Input,Input,Amount,562609
2026-07,Budget,4005,D004,Input,Input,Amount,146521
2026-07,Budget,4005,D005,Input,Input,Amount,189400
2026-07,Budget,4005,D006,Input,Input,Amount,568377
2026-07,Budget,4005,D007,Input,Input,Amount,384293
2026-07,Budget,4005,D008,Input,Input,Amount,357470
2026-07,Budget,4005,D009,Input,Input,Amount,311232
2026-07,Budget,4005,D010,Input,Input,Amount,591987
2026-07,Budget,4005,D011,Input,Input,Amount,325890
2026-07,Budget,4005,D012,Input,Input,Amount,589924
2026-07,Budget,4005,D013,Input,Input,Amount,35387
2026-07,Budget,4005,D014,Input,Input,Amount,61358
2026-07,Budget,4005,D015,Input,Input,Amount,238111
2026-07,Budget,4005,D016,Input,Input,Amount,150076
2026-07,Budget,4005,D017,Input,Input,Amount,317161
2026-07,Budget,5001,D001,Input,Input,Amount,375651
2026-07,Budget,5001,D002,Input,Input,Amount,367957
2026-07,Budget,5001,D003,Input,Input,Amount,364807
2026-07,Budget,5001,D004,Input,Input,Amount,356461
2026-07,Budget,5001,D005,Input,Input,Amount,368251
2026-07,Budget,5001,D006,Input,Input,Amount,355938
2026-07,Budget,5001,D007,Input,Input,Amount,370708
2026-07,Budget,5001,D008,Input,Input,Amount,346009
2026-07,Budget,5001,D009,Input,Input,Amount,330512
2026-07,Budget,5001,D010,Input,Input,Amount,366256
2026-07,Budget,5001,D011,Input,Input,Amount,364537
2026-07,Budget,5001,D012,Input,Input,Amount,132784
2026-07,Budget,5001,D013,Input,Input,Amount,192818
2026-07,Budget,5001,D014,Input,Input,Amount,425202
2026-07,Budget,5001,D015,Input,Input,Amount,290909
2026-07,Budget,5001,D016,Input,Input,Amount,269440
2026-07,Budget,5001,D017,Input,Input,Amount,236293
2026-07,Budget,5002,D001,Input,Input,Amount,377874
2026-07,Budget,5002,D002,Input,Input,Amount,378217
2026-07,Budget,5002,D003,Input,Input,Amount,340317
2026-07,Budget,5002,D004,Input,Input,Amount,337856
2026-07,Budget,5002,D005,Input,Input,Amount,367042
2026-07,Budget,5002,D006,Input,Input,Amount,338577
2026-07,Budget,5002,D007,Input,Input,Amount,366896
2026-07,Budget,5002,D008,Input,Input,Amount,354217
2026-07,Budget,5002,D009,Input,Input,Amount,373769
2026-07,Budget,5002,D010,Input,Input,Amount,340187
2026-07,Budget,5002,D011,Input,Input,Amount,169314
2026-07,Budget,5002,D012,Input,Input,Amount,120151
2026-07,Budget,5002,D013,Input,Input,Amount,192029
2026-07,Budget,5002,D014,Input,Input,Amount,357612
2026-07,Budget,5002,D015,Input,Input,Amount,73742
2026-07,Budget,5002,D016,Input,Input,Amount,30312
2026-07,Budget,5002,D017,Input,Input,Amount,495917
2026-07,Budget,5003,D001,Input,Input,Amount,366422
2026-07,Budget,5003,D002,Input,Input,Amount,365533
2026-07,Budget,5003,D003,Input,Input,Amount,333727
2026-07,Budget,5003,D004,Input,Input,Amount,367334
2026-07,Budget,5003,D005,Input,Input,Amount,364261
2026-07,Budget,5003,D006,Input,Input,Amount,374019
2026-07,Budget,5003,D007,Input,Input,Amount,336552
2026-07,Budget,5003,D008,Input,Input,Amount,348676
2026-07,Budget,5003,D009,Input,Input,Amount,366346
2026-07,Budget,5003,D010,Input,Input,Amount,347848
2026-07,Budget,5003,D011,Input,Input,Amount,278659
2026-07,Budget,5003,D012,Input,Input,Amount,493612
2026-07,Budget,5003,D013,Input,Input,Amount,299983
2026-07,Budget,5003,D014,Input,Input,Amount,279651
2026-07,Budget,5003,D015,Input,Input,Amount,186120
2026-07,Budget,5003,D016,Input,Input,Amount,123017
2026-07,Budget,5003,D017,Input,Input,Amount,130556
2026-07,Budget,6001,D001,Input,Input,Amount,108376
2026-07,Budget,6001,D002,Input,Input,Amount,68994
2026-07,Budget,6001,D003,Input,Input,Amount,98281
2026-07,Budget,6001,D004,Input,Input,Amount,81135
2026-07,Budget,6001,D005,Input,Input,Amount,85733
2026-07,Budget,6001,D006,Input,Input,Amount,107303
2026-07,Budget,6001,D007,Input,Input,Amount,69801
2026-07,Budget,6001,D008,Input,Input,Amount,75338
2026-07,Budget,6001,D009,Input,Input,Amount,84620
2026-07,Budget,6001,D010,Input,Input,Amount,83465
2026-07,Budget,6001,D011,Input,Input,Amount,59561
2026-07,Budget,6001,D012,Input,Input,Amount,85077
2026-07,Budget,6001,D013,Input,Input,Amount,557361
2026-07,Budget,6001,D014,Input,Input,Amount,208425
2026-07,Budget,6001,D015,Input,Input,Amount,375413
2026-07,Budget,6001,D016,Input,Input,Amount,590936
2026-07,Budget,6001,D017,Input,Input,Amount,514885
2026-07,Budget,6002,D001,Input,Input,Amount,112081
2026-07,Budget,6002,D002,Input,Input,Amount,114019
2026-07,Budget,6002,D003,Input,Input,Amount,70250
2026-07,Budget,6002,D004,Input,Input,Amount,102940
2026-07,Budget,6002,D005,Input,Input,Amount,82089
2026-07,Budget,6002,D006,Input,Input,Amount,84660
2026-07,Budget,6002,D007,Input,Input,Amount,100234
2026-07,Budget,6002,D008,Input,Input,Amount,93716
2026-07,Budget,6002,D009,Input,Input,Amount,108475
2026-07,Budget,6002,D010,Input,Input,Amount,104638
2026-07,Budget,6002,D011,Input,Input,Amount,418636
2026-07,Budget,6002,D012,Input,Input,Amount,165114
2026-07,Budget,6002,D013,Input,Input,Amount,339246
2026-07,Budget,6002,D014,Input,Input,Amount,184844
2026-07,Budget,6002,D015,Input,Input,Amount,50278
2026-07,Budget,6002,D016,Input,Input,Amount,310896
2026-07,Budget,6002,D017,Input,Input,Amount,519963
2026-07,Budget,6003,D001,Input,Input,Amount,96894
2026-07,Budget,6003,D002,Input,Input,Amount,85552
2026-07,Budget,6003,D003,Input,Input,Amount,77178
2026-07,Budget,6003,D004,Input,Input,Amount,103962
2026-07,Budget,6003,D005,Input,Input,Amount,78386
2026-07,Budget,6003,D006,Input,Input,Amount,94964
2026-07,Budget,6003,D007,Input,Input,Amount,78969
2026-07,Budget,6003,D008,Input,Input,Amount,100600
2026-07,Budget,6003,D009,Input,Input,Amount,71788
2026-07,Budget,6003,D010,Input,Input,Amount,78803
2026-07,Budget,6003,D011,Input,Input,Amount,197634
2026-07,Budget,6003,D012,Input,Input,Amount,462951
2026-07,Budget,6003,D013,Input,Input,Amount,303377
2026-07,Budget,6003,D014,Input,Input,Amount,450070
2026-07,Budget,6003,D015,Input,Input,Amount,170523
2026-07,Budget,6003,D016,Input,Input,Amount,442968
2026-07,Budget,6003,D017,Input,Input,Amount,576608
2026-07,Budget,6004,D001,Input,Input,Amount,75144
2026-07,Budget,6004,D002,Input,Input,Amount,68746
2026-07,Budget,6004,D003,Input,Input,Amount,69490
2026-07,Budget,6004,D004,Input,Input,Amount,67604
2026-07,Budget,6004,D005,Input,Input,Amount,108891
2026-07,Budget,6004,D006,Input,Input,Amount,85720
2026-07,Budget,6004,D007,Input,Input,Amount,98153
2026-07,Budget,6004,D008,Input,Input,Amount,111107
2026-07,Budget,6004,D009,Input,Input,Amount,73800
2026-07,Budget,6004,D010,Input,Input,Amount,112029
2026-07,Budget,6004,D011,Input,Input,Amount,200729
2026-07,Budget,6004,D012,Input,Input,Amount,393472
2026-07,Budget,6004,D013,Input,Input,Amount,105685
2026-07,Budget,6004,D014,Input,Input,Amount,413544
2026-07,Budget,6004,D015,Input,Input,Amount,272028
2026-07,Budget,6004,D016,Input,Input,Amount,271068
2026-07,Budget,6004,D017,Input,Input,Amount,464101
2026-07,Budget,6005,D001,Input,Input,Amount,77445
2026-07,Budget,6005,D002,Input,Input,Amount,68286
2026-07,Budget,6005,D003,Input,Input,Amount,103996
2026-07,Budget,6005,D004,Input,Input,Amount,105591
2026-07,Budget,6005,D005,Input,Input,Amount,111936
2026-07,Budget,6005,D006,Input,Input,Amount,114274
2026-07,Budget,6005,D007,Input,Input,Amount,82380
2026-07,Budget,6005,D008,Input,Input,Amount,84825
2026-07,Budget,6005,D009,Input,Input,Amount,82332
2026-07,Budget,6005,D010,Input,Input,Amount,87471
2026-07,Budget,6005,D011,Input,Input,Amount,476000
2026-07,Budget,6005,D012,Input,Input,Amount,101722
2026-07,Budget,6005,D013,Input,Input,Amount,447351
2026-07,Budget,6005,D014,Input,Input,Amount,490779
2026-07,Budget,6005,D015,Input,Input,Amount,294952
2026-07,Budget,6005,D016,Input,Input,Amount,115592
2026-07,Budget,6005,D017,Input,Input,Amount,222077
2026-07,Budget,6006,D001,Input,Input,Amount,226677
2026-07,Budget,6006,D002,Input,Input,Amount,352478
2026-07,Budget,6006,D003,Input,Input,Amount,39183
2026-07,Budget,6006,D004,Input,Input,Amount,391870
2026-07,Budget,6006,D005,Input,Input,Amount,31479
2026-07,Budget,6006,D006,Input,Input,Amount,246377
2026-07,Budget,6006,D007,Input,Input,Amount,409685
2026-07,Budget,6006,D008,Input,Input,Amount,456543
2026-07,Budget,6006,D009,Input,Input,Amount,352323
2026-07,Budget,6006,D010,Input,Input,Amount,62920
2026-07,Budget,6006,D011,Input,Input,Amount,133084
2026-07,Budget,6006,D012,Input,Input,Amount,97598
2026-07,Budget,6006,D013,Input,Input,Amount,434144
2026-07,Budget,6006,D014,Input,Input,Amount,588093
2026-07,Budget,6006,D015,Input,Input,Amount,124842
2026-07,Budget,6006,D016,Input,Input,Amount,311329
2026-07,Budget,6006,D017,Input,Input,Amount,619382
2026-07,Budget,6007,D001,Input,Input,Amount,145997
2026-07,Budget,6007,D002,Input,Input,Amount,314796
2026-07,Budget,6007,D003,Input,Input,Amount,68394
2026-07,Budget,6007,D004,Input,Input,Amount,299203
2026-07,Budget,6007,D005,Input,Input,Amount,143163
2026-07,Budget,6007,D006,Input,Input,Amount,242203
2026-07,Budget,6007,D007,Input,Input,Amount,73238
2026-07,Budget,6007,D008,Input,Input,Amount,316044
2026-07,Budget,6007,D009,Input,Input,Amount,328747
2026-07,Budget,6007,D010,Input,Input,Amount,90141
2026-07,Budget,6007,D011,Input,Input,Amount,556875
2026-07,Budget,6007,D012,Input,Input,Amount,321165
2026-07,Budget,6007,D013,Input,Input,Amount,183150
2026-07,Budget,6007,D014,Input,Input,Amount,350450
2026-07,Budget,6007,D015,Input,Input,Amount,39508
2026-07,Budget,6007,D016,Input,Input,Amount,493665
2026-07,Budget,6007,D017,Input,Input,Amount,350717
2026-07,Budget,6008,D001,Input,Input,Amount,462500
2026-07,Budget,6008,D002,Input,Input,Amount,437059
2026-07,Budget,6008,D003,Input,Input,Amount,157744
2026-07,Budget,6008,D004,Input,Input,Amount,326384
2026-07,Budget,6008,D005,Input,Input,Amount,517637
2026-07,Budget,6008,D006,Input,Input,Amount,518630
2026-07,Budget,6008,D007,Input,Input,Amount,625311
2026-07,Budget,6008,D008,Input,Input,Amount,422548
2026-07,Budget,6008,D009,Input,Input,Amount,202578
2026-07,Budget,6008,D010,Input,Input,Amount,199683
2026-07,Budget,6008,D011,Input,Input,Amount,287313
2026-07,Budget,6008,D012,Input,Input,Amount,567958
2026-07,Budget,6008,D013,Input,Input,Amount,357979
2026-07,Budget,6008,D014,Input,Input,Amount,80195
2026-07,Budget,6008,D015,Input,Input,Amount,498706
2026-07,Budget,6008,D016,Input,Input,Amount,263936
2026-07,Budget,6008,D017,Input,Input,Amount,168688
2026-07,Budget,6009,D001,Input,Input,Amount,366707
2026-07,Budget,6009,D002,Input,Input,Amount,190001
2026-07,Budget,6009,D003,Input,Input,Amount,395862
2026-07,Budget,6009,D004,Input,Input,Amount,391740
2026-07,Budget,6009,D005,Input,Input,Amount,262544
2026-07,Budget,6009,D006,Input,Input,Amount,46892
2026-07,Budget,6009,D007,Input,Input,Amount,495098
2026-07,Budget,6009,D008,Input,Input,Amount,196533
2026-07,Budget,6009,D009,Input,Input,Amount,125942
2026-07,Budget,6009,D010,Input,Input,Amount,236172
2026-07,Budget,6009,D011,Input,Input,Amount,303007
2026-07,Budget,6009,D012,Input,Input,Amount,552766
2026-07,Budget,6009,D013,Input,Input,Amount,278962
2026-07,Budget,6009,D014,Input,Input,Amount,267978
2026-07,Budget,6009,D015,Input,Input,Amount,330572
2026-07,Budget,6009,D016,Input,Input,Amount,462484
2026-07,Budget,6009,D017,Input,Input,Amount,566530
2026-07,Budget,6010,D001,Input,Input,Amount,149656
2026-07,Budget,6010,D002,Input,Input,Amount,111981
2026-07,Budget,6010,D003,Input,Input,Amount,577349
2026-07,Budget,6010,D004,Input,Input,Amount,77720
2026-07,Budget,6010,D005,Input,Input,Amount,591339
2026-07,Budget,6010,D006,Input,Input,Amount,494139
2026-07,Budget,6010,D007,Input,Input,Amount,113308
2026-07,Budget,6010,D008,Input,Input,Amount,524060
2026-07,Budget,6010,D009,Input,Input,Amount,619763
2026-07,Budget,6010,D010,Input,Input,Amount,459728
2026-07,Budget,6010,D011,Input,Input,Amount,202758
2026-07,Budget,6010,D012,Input,Input,Amount,260263
2026-07,Budget,6010,D013,Input,Input,Amount,472629
2026-07,Budget,6010,D014,Input,Input,Amount,455141
2026-07,Budget,6010,D015,Input,Input,Amount,159092
2026-07,Budget,6010,D016,Input,Input,Amount,515791
2026-07,Budget,6010,D017,Input,Input,Amount,218827
2026-07,Budget,6011,D001,Input,Input,Amount,221958
2026-07,Budget,6011,D002,Input,Input,Amount,197633
2026-07,Budget,6011,D003,Input,Input,Amount,428397
2026-07,Budget,6011,D004,Input,Input,Amount,598899
2026-07,Budget,6011,D005,Input,Input,Amount,445033
2026-07,Budget,6011,D006,Input,Input,Amount,153160
2026-07,Budget,6011,D007,Input,Input,Amount,433961
2026-07,Budget,6011,D008,Input,Input,Amount,606164
2026-07,Budget,6011,D009,Input,Input,Amount,426620
2026-07,Budget,6011,D010,Input,Input,Amount,461770
2026-07,Budget,6011,D011,Input,Input,Amount,596156
2026-07,Budget,6011,D012,Input,Input,Amount,309594
2026-07,Budget,6011,D013,Input,Input,Amount,597833
2026-07,Budget,6011,D014,Input,Input,Amount,488193
2026-07,Budget,6011,D015,Input,Input,Amount,298268
2026-07,Budget,6011,D016,Input,Input,Amount,243779
2026-07,Budget,6011,D017,Input,Input,Amount,557205
2026-07,Budget,6012,D001,Input,Input,Amount,92050
2026-07,Budget,6012,D002,Input,Input,Amount,556380
2026-07,Budget,6012,D003,Input,Input,Amount,348614
2026-07,Budget,6012,D004,Input,Input,Amount,612057
2026-07,Budget,6012,D005,Input,Input,Amount,320648
2026-07,Budget,6012,D006,Input,Input,Amount,125038
2026-07,Budget,6012,D007,Input,Input,Amount,253936
2026-07,Budget,6012,D008,Input,Input,Amount,425936
2026-07,Budget,6012,D009,Input,Input,Amount,48394
2026-07,Budget,6012,D010,Input,Input,Amount,65855
2026-07,Budget,6012,D011,Input,Input,Amount,60011
2026-07,Budget,6012,D012,Input,Input,Amount,409879
2026-07,Budget,6012,D013,Input,Input,Amount,458694
2026-07,Budget,6012,D014,Input,Input,Amount,257184
2026-07,Budget,6012,D015,Input,Input,Amount,412994
2026-07,Budget,6012,D016,Input,Input,Amount,537635
2026-07,Budget,6012,D017,Input,Input,Amount,412067
2026-07,Budget,6013,D001,Input,Input,Amount,283612
2026-07,Budget,6013,D002,Input,Input,Amount,236281
2026-07,Budget,6013,D003,Input,Input,Amount,411550
2026-07,Budget,6013,D004,Input,Input,Amount,589841
2026-07,Budget,6013,D005,Input,Input,Amount,113178
2026-07,Budget,6013,D006,Input,Input,Amount,280287
2026-07,Budget,6013,D007,Input,Input,Amount,59498
2026-07,Budget,6013,D008,Input,Input,Amount,568244
2026-07,Budget,6013,D009,Input,Input,Amount,169215
2026-07,Budget,6013,D010,Input,Input,Amount,498185
2026-07,Budget,6013,D011,Input,Input,Amount,485694
2026-07,Budget,6013,D012,Input,Input,Amount,370565
2026-07,Budget,6013,D013,Input,Input,Amount,338349
2026-07,Budget,6013,D014,Input,Input,Amount,86881
2026-07,Budget,6013,D015,Input,Input,Amount,186281
2026-07,Budget,6013,D016,Input,Input,Amount,153610
2026-07,Budget,6013,D017,Input,Input,Amount,626567
2026-07,Budget,6014,D001,Input,Input,Amount,442727
2026-07,Budget,6014,D002,Input,Input,Amount,468336
2026-07,Budget,6014,D003,Input,Input,Amount,399989
2026-07,Budget,6014,D004,Input,Input,Amount,88855
2026-07,Budget,6014,D005,Input,Input,Amount,261662
2026-07,Budget,6014,D006,Input,Input,Amount,392808
2026-07,Budget,6014,D007,Input,Input,Amount,153026
2026-07,Budget,6014,D008,Input,Input,Amount,435689
2026-07,Budget,6014,D009,Input,Input,Amount,321798
2026-07,Budget,6014,D010,Input,Input,Amount,117088
2026-07,Budget,6014,D011,Input,Input,Amount,521638
2026-07,Budget,6014,D012,Input,Input,Amount,127307
2026-07,Budget,6014,D013,Input,Input,Amount,179531
2026-07,Budget,6014,D014,Input,Input,Amount,41466
2026-07,Budget,6014,D015,Input,Input,Amount,53145
2026-07,Budget,6014,D016,Input,Input,Amount,411594
2026-07,Budget,6014,D017,Input,Input,Amount,194730
2026-07,Budget,6015,D001,Input,Input,Amount,155512
2026-07,Budget,6015,D002,Input,Input,Amount,288716
2026-07,Budget,6015,D003,Input,Input,Amount,137460
2026-07,Budget,6015,D004,Input,Input,Amount,165044
2026-07,Budget,6015,D005,Input,Input,Amount,380814
2026-07,Budget,6015,D006,Input,Input,Amount,423983
2026-07,Budget,6015,D007,Input,Input,Amount,121089
2026-07,Budget,6015,D008,Input,Input,Amount,385605
2026-07,Budget,6015,D009,Input,Input,Amount,310295
2026-07,Budget,6015,D010,Input,Input,Amount,489118
2026-07,Budget,6015,D011,Input,Input,Amount,520425
2026-07,Budget,6015,D012,Input,Input,Amount,548159
2026-07,Budget,6015,D013,Input,Input,Amount,287043
2026-07,Budget,6015,D014,Input,Input,Amount,78931
2026-07,Budget,6015,D015,Input,Input,Amount,388452
2026-07,Budget,6015,D016,Input,Input,Amount,442428
2026-07,Budget,6015,D017,Input,Input,Amount,124915
2026-07,Budget,6016,D001,Input,Input,Amount,361447
2026-07,Budget,6016,D002,Input,Input,Amount,504814
2026-07,Budget,6016,D003,Input,Input,Amount,61092
2026-07,Budget,6016,D004,Input,Input,Amount,121186
2026-07,Budget,6016,D005,Input,Input,Amount,83735
2026-07,Budget,6016,D006,Input,Input,Amount,568497
2026-07,Budget,6016,D007,Input,Input,Amount,190327
2026-07,Budget,6016,D008,Input,Input,Amount,422889
2026-07,Budget,6016,D009,Input,Input,Amount,588783
2026-07,Budget,6016,D010,Input,Input,Amount,217671
2026-07,Budget,6016,D011,Input,Input,Amount,433058
2026-07,Budget,6016,D012,Input,Input,Amount,53943
2026-07,Budget,6016,D013,Input,Input,Amount,83883
2026-07,Budget,6016,D014,Input,Input,Amount,178907
2026-07,Budget,6016,D015,Input,Input,Amount,628609
2026-07,Budget,6016,D016,Input,Input,Amount,348430
2026-07,Budget,6016,D017,Input,Input,Amount,303132
2026-07,Budget,6017,D001,Input,Input,Amount,73012
2026-07,Budget,6017,D002,Input,Input,Amount,231081
2026-07,Budget,6017,D003,Input,Input,Amount,106330
2026-07,Budget,6017,D004,Input,Input,Amount,258910
2026-07,Budget,6017,D005,Input,Input,Amount,137797
2026-07,Budget,6017,D006,Input,Input,Amount,343344
2026-07,Budget,6017,D007,Input,Input,Amount,39816
2026-07,Budget,6017,D008,Input,Input,Amount,328747
2026-07,Budget,6017,D009,Input,Input,Amount,625111
2026-07,Budget,6017,D010,Input,Input,Amount,231396
2026-07,Budget,6017,D011,Input,Input,Amount,66095
2026-07,Budget,6017,D012,Input,Input,Amount,174238
2026-07,Budget,6017,D013,Input,Input,Amount,439233
2026-07,Budget,6017,D014,Input,Input,Amount,245184
2026-07,Budget,6017,D015,Input,Input,Amount,603773
2026-07,Budget,6017,D016,Input,Input,Amount,168422
2026-07,Budget,6017,D017,Input,Input,Amount,137208
2026-07,Budget,6018,D001,Input,Input,Amount,265495
2026-07,Budget,6018,D002,Input,Input,Amount,612725
2026-07,Budget,6018,D003,Input,Input,Amount,115579
2026-07,Budget,6018,D004,Input,Input,Amount,371377
2026-07,Budget,6018,D005,Input,Input,Amount,594836
2026-07,Budget,6018,D006,Input,Input,Amount,429821
2026-07,Budget,6018,D007,Input,Input,Amount,280645
2026-07,Budget,6018,D008,Input,Input,Amount,444118
2026-07,Budget,6018,D009,Input,Input,Amount,354843
2026-07,Budget,6018,D010,Input,Input,Amount,65437
2026-07,Budget,6018,D011,Input,Input,Amount,550341
2026-07,Budget,6018,D012,Input,Input,Amount,317859
2026-07,Budget,6018,D013,Input,Input,Amount,614637
2026-07,Budget,6018,D014,Input,Input,Amount,133469
2026-07,Budget,6018,D015,Input,Input,Amount,113039
2026-07,Budget,6018,D016,Input,Input,Amount,138287
2026-07,Budget,6018,D017,Input,Input,Amount,535632
2026-07,Budget,6019,D001,Input,Input,Amount,604171
2026-07,Budget,6019,D002,Input,Input,Amount,185038
2026-07,Budget,6019,D003,Input,Input,Amount,519901
2026-07,Budget,6019,D004,Input,Input,Amount,629856
2026-07,Budget,6019,D005,Input,Input,Amount,293190
2026-07,Budget,6019,D006,Input,Input,Amount,519349
2026-07,Budget,6019,D007,Input,Input,Amount,598318
2026-07,Budget,6019,D008,Input,Input,Amount,189173
2026-07,Budget,6019,D009,Input,Input,Amount,289817
2026-07,Budget,6019,D010,Input,Input,Amount,581267
2026-07,Budget,6019,D011,Input,Input,Amount,498796
2026-07,Budget,6019,D012,Input,Input,Amount,174941
2026-07,Budget,6019,D013,Input,Input,Amount,376583
2026-07,Budget,6019,D014,Input,Input,Amount,529892
2026-07,Budget,6019,D015,Input,Input,Amount,182240
2026-07,Budget,6019,D016,Input,Input,Amount,69302
2026-07,Budget,6019,D017,Input,Input,Amount,484269
2026-07,Budget,6020,D001,Input,Input,Amount,571840
2026-07,Budget,6020,D002,Input,Input,Amount,365885
2026-07,Budget,6020,D003,Input,Input,Amount,373348
2026-07,Budget,6020,D004,Input,Input,Amount,228110
2026-07,Budget,6020,D005,Input,Input,Amount,217234
2026-07,Budget,6020,D006,Input,Input,Amount,480870
2026-07,Budget,6020,D007,Input,Input,Amount,232851
2026-07,Budget,6020,D008,Input,Input,Amount,591055
2026-07,Budget,6020,D009,Input,Input,Amount,469109
2026-07,Budget,6020,D010,Input,Input,Amount,236859
2026-07,Budget,6020,D011,Input,Input,Amount,125826
2026-07,Budget,6020,D012,Input,Input,Amount,302633
2026-07,Budget,6020,D013,Input,Input,Amount,330374
2026-07,Budget,6020,D014,Input,Input,Amount,589830
2026-07,Budget,6020,D015,Input,Input,Amount,166474
2026-07,Budget,6020,D016,Input,Input,Amount,149436
2026-07,Budget,6020,D017,Input,Input,Amount,49636
2026-07,Budget,6021,D001,Input,Input,Amount,506336
2026-07,Budget,6021,D002,Input,Input,Amount,59440
2026-07,Budget,6021,D003,Input,Input,Amount,315862
2026-07,Budget,6021,D004,Input,Input,Amount,436550
2026-07,Budget,6021,D005,Input,Input,Amount,338841
2026-07,Budget,6021,D006,Input,Input,Amount,399111
2026-07,Budget,6021,D007,Input,Input,Amount,101891
2026-07,Budget,6021,D008,Input,Input,Amount,78665
2026-07,Budget,6021,D009,Input,Input,Amount,267381
2026-07,Budget,6021,D010,Input,Input,Amount,207575
2026-07,Budget,6021,D011,Input,Input,Amount,275090
2026-07,Budget,6021,D012,Input,Input,Amount,407472
2026-07,Budget,6021,D013,Input,Input,Amount,222586
2026-07,Budget,6021,D014,Input,Input,Amount,186487
2026-07,Budget,6021,D015,Input,Input,Amount,338625
2026-07,Budget,6021,D016,Input,Input,Amount,126038
2026-07,Budget,6021,D017,Input,Input,Amount,78931
2026-07,Budget,6022,D001,Input,Input,Amount,448426
2026-07,Budget,6022,D002,Input,Input,Amount,367264
2026-07,Budget,6022,D003,Input,Input,Amount,507016
2026-07,Budget,6022,D004,Input,Input,Amount,342084
2026-07,Budget,6022,D005,Input,Input,Amount,209633
2026-07,Budget,6022,D006,Input,Input,Amount,199214
2026-07,Budget,6022,D007,Input,Input,Amount,328034
2026-07,Budget,6022,D008,Input,Input,Amount,309296
2026-07,Budget,6022,D009,Input,Input,Amount,556494
2026-07,Budget,6022,D010,Input,Input,Amount,199127
2026-07,Budget,6022,D011,Input,Input,Amount,272676
2026-07,Budget,6022,D012,Input,Input,Amount,517730
2026-07,Budget,6022,D013,Input,Input,Amount,455270
2026-07,Budget,6022,D014,Input,Input,Amount,241633
2026-07,Budget,6022,D015,Input,Input,Amount,405083
2026-07,Budget,6022,D016,Input,Input,Amount,63654
2026-07,Budget,6022,D017,Input,Input,Amount,384962
2026-07,Budget,6023,D001,Input,Input,Amount,58346
2026-07,Budget,6023,D002,Input,Input,Amount,186883
2026-07,Budget,6023,D003,Input,Input,Amount,504640
2026-07,Budget,6023,D004,Input,Input,Amount,547458
2026-07,Budget,6023,D005,Input,Input,Amount,457029
2026-07,Budget,6023,D006,Input,Input,Amount,487246
2026-07,Budget,6023,D007,Input,Input,Amount,629414
2026-07,Budget,6023,D008,Input,Input,Amount,39262
2026-07,Budget,6023,D009,Input,Input,Amount,257688
2026-07,Budget,6023,D010,Input,Input,Amount,53010
2026-07,Budget,6023,D011,Input,Input,Amount,603921
2026-07,Budget,6023,D012,Input,Input,Amount,99784
2026-07,Budget,6023,D013,Input,Input,Amount,49770
2026-07,Budget,6023,D014,Input,Input,Amount,60236
2026-07,Budget,6023,D015,Input,Input,Amount,120909
2026-07,Budget,6023,D016,Input,Input,Amount,572441
2026-07,Budget,6023,D017,Input,Input,Amount,417024
2026-07,Budget,6024,D001,Input,Input,Amount,179583
2026-07,Budget,6024,D002,Input,Input,Amount,276744
2026-07,Budget,6024,D003,Input,Input,Amount,93765
2026-07,Budget,6024,D004,Input,Input,Amount,69312
2026-07,Budget,6024,D005,Input,Input,Amount,391734
2026-07,Budget,6024,D006,Input,Input,Amount,211654
2026-07,Budget,6024,D007,Input,Input,Amount,416660
2026-07,Budget,6024,D008,Input,Input,Amount,447307
2026-07,Budget,6024,D009,Input,Input,Amount,124395
2026-07,Budget,6024,D010,Input,Input,Amount,430590
2026-07,Budget,6024,D011,Input,Input,Amount,409773
2026-07,Budget,6024,D012,Input,Input,Amount,322160
2026-07,Budget,6024,D013,Input,Input,Amount,103279
2026-07,Budget,6024,D014,Input,Input,Amount,410292
2026-07,Budget,6024,D015,Input,Input,Amount,100728
2026-07,Budget,6024,D016,Input,Input,Amount,593009
2026-07,Budget,6024,D017,Input,Input,Amount,533732
2026-07,Budget,6025,D001,Input,Input,Amount,254215
2026-07,Budget,6025,D002,Input,Input,Amount,275473
2026-07,Budget,6025,D003,Input,Input,Amount,97559
2026-07,Budget,6025,D004,Input,Input,Amount,197662
2026-07,Budget,6025,D005,Input,Input,Amount,349813
2026-07,Budget,6025,D006,Input,Input,Amount,553904
2026-07,Budget,6025,D007,Input,Input,Amount,130404
2026-07,Budget,6025,D008,Input,Input,Amount,255988
2026-07,Budget,6025,D009,Input,Input,Amount,64250
2026-07,Budget,6025,D010,Input,Input,Amount,388015
2026-07,Budget,6025,D011,Input,Input,Amount,601394
2026-07,Budget,6025,D012,Input,Input,Amount,212813
2026-07,Budget,6025,D013,Input,Input,Amount,388672
2026-07,Budget,6025,D014,Input,Input,Amount,621550
2026-07,Budget,6025,D015,Input,Input,Amount,525504
2026-07,Budget,6025,D016,Input,Input,Amount,620123
2026-07,Budget,6025,D017,Input,Input,Amount,430533
2026-07,Budget,6026,D001,Input,Input,Amount,472553
2026-07,Budget,6026,D002,Input,Input,Amount,189334
2026-07,Budget,6026,D003,Input,Input,Amount,534850
2026-07,Budget,6026,D004,Input,Input,Amount,540729
2026-07,Budget,6026,D005,Input,Input,Amount,552630
2026-07,Budget,6026,D006,Input,Input,Amount,241567
2026-07,Budget,6026,D007,Input,Input,Amount,256345
2026-07,Budget,6026,D008,Input,Input,Amount,311087
2026-07,Budget,6026,D009,Input,Input,Amount,73943
2026-07,Budget,6026,D010,Input,Input,Amount,396240
2026-07,Budget,6026,D011,Input,Input,Amount,289223
2026-07,Budget,6026,D012,Input,Input,Amount,165457
2026-07,Budget,6026,D013,Input,Input,Amount,327425
2026-07,Budget,6026,D014,Input,Input,Amount,46154
2026-07,Budget,6026,D015,Input,Input,Amount,358006
2026-07,Budget,6026,D016,Input,Input,Amount,310882
2026-07,Budget,6026,D017,Input,Input,Amount,271816
2026-08,Budget,4001,D001,Input,Input,Amount,593342
2026-08,Budget,4001,D002,Input,Input,Amount,598132
2026-08,Budget,4001,D003,Input,Input,Amount,626246
2026-08,Budget,4001,D004,Input,Input,Amount,618175
2026-08,Budget,4001,D005,Input,Input,Amount,624699
2026-08,Budget,4001,D006,Input,Input,Amount,590649
2026-08,Budget,4001,D007,Input,Input,Amount,597485
2026-08,Budget,4001,D008,Input,Input,Amount,600000
2026-08,Budget,4001,D009,Input,Input,Amount,603012
2026-08,Budget,4001,D010,Input,Input,Amount,618049
2026-08,Budget,4001,D011,Input,Input,Amount,127330
2026-08,Budget,4001,D012,Input,Input,Amount,56659
2026-08,Budget,4001,D013,Input,Input,Amount,451285
2026-08,Budget,4001,D014,Input,Input,Amount,535682
2026-08,Budget,4001,D015,Input,Input,Amount,53078
2026-08,Budget,4001,D016,Input,Input,Amount,330931
2026-08,Budget,4001,D017,Input,Input,Amount,88496
2026-08,Budget,4002,D001,Input,Input,Amount,625055
2026-08,Budget,4002,D002,Input,Input,Amount,582889
2026-08,Budget,4002,D003,Input,Input,Amount,608028
2026-08,Budget,4002,D004,Input,Input,Amount,616210
2026-08,Budget,4002,D005,Input,Input,Amount,596353
2026-08,Budget,4002,D006,Input,Input,Amount,591603
2026-08,Budget,4002,D007,Input,Input,Amount,590433
2026-08,Budget,4002,D008,Input,Input,Amount,594915
2026-08,Budget,4002,D009,Input,Input,Amount,622040
2026-08,Budget,4002,D010,Input,Input,Amount,597397
2026-08,Budget,4002,D011,Input,Input,Amount,309699
2026-08,Budget,4002,D012,Input,Input,Amount,32056
2026-08,Budget,4002,D013,Input,Input,Amount,160200
2026-08,Budget,4002,D014,Input,Input,Amount,502393
2026-08,Budget,4002,D015,Input,Input,Amount,232137
2026-08,Budget,4002,D016,Input,Input,Amount,447282
2026-08,Budget,4002,D017,Input,Input,Amount,528275
2026-08,Budget,4003,D001,Input,Input,Amount,621565
2026-08,Budget,4003,D002,Input,Input,Amount,580232
2026-08,Budget,4003,D003,Input,Input,Amount,616759
2026-08,Budget,4003,D004,Input,Input,Amount,589705
2026-08,Budget,4003,D005,Input,Input,Amount,623708
2026-08,Budget,4003,D006,Input,Input,Amount,607020
2026-08,Budget,4003,D007,Input,Input,Amount,625958
2026-08,Budget,4003,D008,Input,Input,Amount,594609
2026-08,Budget,4003,D009,Input,Input,Amount,613384
2026-08,Budget,4003,D010,Input,Input,Amount,582507
2026-08,Budget,4003,D011,Input,Input,Amount,625735
2026-08,Budget,4003,D012,Input,Input,Amount,599130
2026-08,Budget,4003,D013,Input,Input,Amount,589018
2026-08,Budget,4003,D014,Input,Input,Amount,304031
2026-08,Budget,4003,D015,Input,Input,Amount,173652
2026-08,Budget,4003,D016,Input,Input,Amount,76454
2026-08,Budget,4003,D017,Input,Input,Amount,438301
2026-08,Budget,4004,D001,Input,Input,Amount,99932
2026-08,Budget,4004,D002,Input,Input,Amount,377531
2026-08,Budget,4004,D003,Input,Input,Amount,57777
2026-08,Budget,4004,D004,Input,Input,Amount,590924
2026-08,Budget,4004,D005,Input,Input,Amount,159750
2026-08,Budget,4004,D006,Input,Input,Amount,382038
2026-08,Budget,4004,D007,Input,Input,Amount,435579
2026-08,Budget,4004,D008,Input,Input,Amount,276811
2026-08,Budget,4004,D009,Input,Input,Amount,552678
2026-08,Budget,4004,D010,Input,Input,Amount,512508
2026-08,Budget,4004,D011,Input,Input,Amount,292217
2026-08,Budget,4004,D012,Input,Input,Amount,440878
2026-08,Budget,4004,D013,Input,Input,Amount,132380
2026-08,Budget,4004,D014,Input,Input,Amount,342420
2026-08,Budget,4004,D015,Input,Input,Amount,502712
2026-08,Budget,4004,D016,Input,Input,Amount,69885
2026-08,Budget,4004,D017,Input,Input,Amount,41301
2026-08,Budget,4005,D001,Input,Input,Amount,328482
2026-08,Budget,4005,D002,Input,Input,Amount,175980
2026-08,Budget,4005,D003,Input,Input,Amount,452210
2026-08,Budget,4005,D004,Input,Input,Amount,197464
2026-08,Budget,4005,D005,Input,Input,Amount,171041
2026-08,Budget,4005,D006,Input,Input,Amount,246442
2026-08,Budget,4005,D007,Input,Input,Amount,201456
2026-08,Budget,4005,D008,Input,Input,Amount,621891
2026-08,Budget,4005,D009,Input,Input,Amount,477097
2026-08,Budget,4005,D010,Input,Input,Amount,523343
2026-08,Budget,4005,D011,Input,Input,Amount,544973
2026-08,Budget,4005,D012,Input,Input,Amount,117500
2026-08,Budget,4005,D013,Input,Input,Amount,218805
2026-08,Budget,4005,D014,Input,Input,Amount,45306
2026-08,Budget,4005,D015,Input,Input,Amount,181030
2026-08,Budget,4005,D016,Input,Input,Amount,516033
2026-08,Budget,4005,D017,Input,Input,Amount,535381
2026-08,Budget,5001,D001,Input,Input,Amount,347300
2026-08,Budget,5001,D002,Input,Input,Amount,351859
2026-08,Budget,5001,D003,Input,Input,Amount,330633
2026-08,Budget,5001,D004,Input,Input,Amount,358166
2026-08,Budget,5001,D005,Input,Input,Amount,336736
2026-08,Budget,5001,D006,Input,Input,Amount,331624
2026-08,Budget,5001,D007,Input,Input,Amount,337084
2026-08,Budget,5001,D008,Input,Input,Amount,331550
2026-08,Budget,5001,D009,Input,Input,Amount,356193
2026-08,Budget,5001,D010,Input,Input,Amount,337104
2026-08,Budget,5001,D011,Input,Input,Amount,473558
2026-08,Budget,5001,D012,Input,Input,Amount,209108
2026-08,Budget,5001,D013,Input,Input,Amount,369227
2026-08,Budget,5001,D014,Input,Input,Amount,509613
2026-08,Budget,5001,D015,Input,Input,Amount,511978
2026-08,Budget,5001,D016,Input,Input,Amount,191212
2026-08,Budget,5001,D017,Input,Input,Amount,312134
2026-08,Budget,5002,D001,Input,Input,Amount,363122
2026-08,Budget,5002,D002,Input,Input,Amount,338573
2026-08,Budget,5002,D003,Input,Input,Amount,337331
2026-08,Budget,5002,D004,Input,Input,Amount,338352
2026-08,Budget,5002,D005,Input,Input,Amount,353178
2026-08,Budget,5002,D006,Input,Input,Amount,341754
2026-08,Budget,5002,D007,Input,Input,Amount,355070
2026-08,Budget,5002,D008,Input,Input,Amount,373255
2026-08,Budget,5002,D009,Input,Input,Amount,374532
2026-08,Budget,5002,D010,Input,Input,Amount,369096
2026-08,Budget,5002,D011,Input,Input,Amount,50716
2026-08,Budget,5002,D012,Input,Input,Amount,506828
2026-08,Budget,5002,D013,Input,Input,Amount,579748
2026-08,Budget,5002,D014,Input,Input,Amount,430768
2026-08,Budget,5002,D015,Input,Input,Amount,277504
2026-08,Budget,5002,D016,Input,Input,Amount,42677
2026-08,Budget,5002,D017,Input,Input,Amount,475296
2026-08,Budget,5003,D001,Input,Input,Amount,362016
2026-08,Budget,5003,D002,Input,Input,Amount,371753
2026-08,Budget,5003,D003,Input,Input,Amount,334931
2026-08,Budget,5003,D004,Input,Input,Amount,332741
2026-08,Budget,5003,D005,Input,Input,Amount,366692
2026-08,Budget,5003,D006,Input,Input,Amount,378271
2026-08,Budget,5003,D007,Input,Input,Amount,332537
2026-08,Budget,5003,D008,Input,Input,Amount,342656
2026-08,Budget,5003,D009,Input,Input,Amount,365141
2026-08,Budget,5003,D010,Input,Input,Amount,358479
2026-08,Budget,5003,D011,Input,Input,Amount,172625
2026-08,Budget,5003,D012,Input,Input,Amount,473223
2026-08,Budget,5003,D013,Input,Input,Amount,32135
2026-08,Budget,5003,D014,Input,Input,Amount,118415
2026-08,Budget,5003,D015,Input,Input,Amount,299472
2026-08,Budget,5003,D016,Input,Input,Amount,404138
2026-08,Budget,5003,D017,Input,Input,Amount,456136
2026-08,Budget,6001,D001,Input,Input,Amount,81457
2026-08,Budget,6001,D002,Input,Input,Amount,82167
2026-08,Budget,6001,D003,Input,Input,Amount,110286
2026-08,Budget,6001,D004,Input,Input,Amount,85202
2026-08,Budget,6001,D005,Input,Input,Amount,91632
2026-08,Budget,6001,D006,Input,Input,Amount,86770
2026-08,Budget,6001,D007,Input,Input,Amount,95847
2026-08,Budget,6001,D008,Input,Input,Amount,91113
2026-08,Budget,6001,D009,Input,Input,Amount,86702
2026-08,Budget,6001,D010,Input,Input,Amount,87654
2026-08,Budget,6001,D011,Input,Input,Amount,425572
2026-08,Budget,6001,D012,Input,Input,Amount,165287
2026-08,Budget,6001,D013,Input,Input,Amount,437486
2026-08,Budget,6001,D014,Input,Input,Amount,357263
2026-08,Budget,6001,D015,Input,Input,Amount,421352
2026-08,Budget,6001,D016,Input,Input,Amount,130036
2026-08,Budget,6001,D017,Input,Input,Amount,250984
2026-08,Budget,6002,D001,Input,Input,Amount,68329
2026-08,Budget,6002,D002,Input,Input,Amount,75589
2026-08,Budget,6002,D003,Input,Input,Amount,74768
2026-08,Budget,6002,D004,Input,Input,Amount,88897
2026-08,Budget,6002,D005,Input,Input,Amount,105675
2026-08,Budget,6002,D006,Input,Input,Amount,91982
2026-08,Budget,6002,D007,Input,Input,Amount,79577
2026-08,Budget,6002,D008,Input,Input,Amount,86512
2026-08,Budget,6002,D009,Input,Input,Amount,66808
2026-08,Budget,6002,D010,Input,Input,Amount,112745
2026-08,Budget,6002,D011,Input,Input,Amount,383889
2026-08,Budget,6002,D012,Input,Input,Amount,185632
2026-08,Budget,6002,D013,Input,Input,Amount,530963
2026-08,Budget,6002,D014,Input,Input,Amount,473815
2026-08,Budget,6002,D015,Input,Input,Amount,559851
2026-08,Budget,6002,D016,Input,Input,Amount,462952
2026-08,Budget,6002,D017,Input,Input,Amount,251354
2026-08,Budget,6003,D001,Input,Input,Amount,71048
2026-08,Budget,6003,D002,Input,Input,Amount,113577
2026-08,Budget,6003,D003,Input,Input,Amount,100755
2026-08,Budget,6003,D004,Input,Input,Amount,67614
2026-08,Budget,6003,D005,Input,Input,Amount,114117
2026-08,Budget,6003,D006,Input,Input,Amount,108903
2026-08,Budget,6003,D007,Input,Input,Amount,78079
2026-08,Budget,6003,D008,Input,Input,Amount,83258
2026-08,Budget,6003,D009,Input,Input,Amount,72559
2026-08,Budget,6003,D010,Input,Input,Amount,85557
2026-08,Budget,6003,D011,Input,Input,Amount,515979
2026-08,Budget,6003,D012,Input,Input,Amount,625067
2026-08,Budget,6003,D013,Input,Input,Amount,410018
2026-08,Budget,6003,D014,Input,Input,Amount,520360
2026-08,Budget,6003,D015,Input,Input,Amount,496406
2026-08,Budget,6003,D016,Input,Input,Amount,149532
2026-08,Budget,6003,D017,Input,Input,Amount,489432
2026-08,Budget,6004,D001,Input,Input,Amount,106568
2026-08,Budget,6004,D002,Input,Input,Amount,93956
2026-08,Budget,6004,D003,Input,Input,Amount,67361
2026-08,Budget,6004,D004,Input,Input,Amount,88449
2026-08,Budget,6004,D005,Input,Input,Amount,75128
2026-08,Budget,6004,D006,Input,Input,Amount,113172
2026-08,Budget,6004,D007,Input,Input,Amount,95166
2026-08,Budget,6004,D008,Input,Input,Amount,69549
2026-08,Budget,6004,D009,Input,Input,Amount,82118
2026-08,Budget,6004,D010,Input,Input,Amount,93599
2026-08,Budget,6004,D011,Input,Input,Amount,40380
2026-08,Budget,6004,D012,Input,Input,Amount,561749
2026-08,Budget,6004,D013,Input,Input,Amount,339099
2026-08,Budget,6004,D014,Input,Input,Amount,212651
2026-08,Budget,6004,D015,Input,Input,Amount,87182
2026-08,Budget,6004,D016,Input,Input,Amount,277207
2026-08,Budget,6004,D017,Input,Input,Amount,132402
2026-08,Budget,6005,D001,Input,Input,Amount,92759
2026-08,Budget,6005,D002,Input,Input,Amount,101154
2026-08,Budget,6005,D003,Input,Input,Amount,89196
2026-08,Budget,6005,D004,Input,Input,Amount,78767
2026-08,Budget,6005,D005,Input,Input,Amount,80514
2026-08,Budget,6005,D006,Input,Input,Amount,81263
2026-08,Budget,6005,D007,Input,Input,Amount,87915
2026-08,Budget,6005,D008,Input,Input,Amount,83292
2026-08,Budget,6005,D009,Input,Input,Amount,76702
2026-08,Budget,6005,D010,Input,Input,Amount,104728
2026-08,Budget,6005,D011,Input,Input,Amount,126010
2026-08,Budget,6005,D012,Input,Input,Amount,91482
2026-08,Budget,6005,D013,Input,Input,Amount,288376
2026-08,Budget,6005,D014,Input,Input,Amount,216206
2026-08,Budget,6005,D015,Input,Input,Amount,91827
2026-08,Budget,6005,D016,Input,Input,Amount,66453
2026-08,Budget,6005,D017,Input,Input,Amount,339057
2026-08,Budget,6006,D001,Input,Input,Amount,381959
2026-08,Budget,6006,D002,Input,Input,Amount,52019
2026-08,Budget,6006,D003,Input,Input,Amount,269150
2026-08,Budget,6006,D004,Input,Input,Amount,113034
2026-08,Budget,6006,D005,Input,Input,Amount,143905
2026-08,Budget,6006,D006,Input,Input,Amount,486734
2026-08,Budget,6006,D007,Input,Input,Amount,454988
2026-08,Budget,6006,D008,Input,Input,Amount,234875
2026-08,Budget,6006,D009,Input,Input,Amount,187790
2026-08,Budget,6006,D010,Input,Input,Amount,31853
2026-08,Budget,6006,D011,Input,Input,Amount,284637
2026-08,Budget,6006,D012,Input,Input,Amount,474375
2026-08,Budget,6006,D013,Input,Input,Amount,97435
2026-08,Budget,6006,D014,Input,Input,Amount,446754
2026-08,Budget,6006,D015,Input,Input,Amount,42554
2026-08,Budget,6006,D016,Input,Input,Amount,202581
2026-08,Budget,6006,D017,Input,Input,Amount,509743
2026-08,Budget,6007,D001,Input,Input,Amount,400937
2026-08,Budget,6007,D002,Input,Input,Amount,139350
2026-08,Budget,6007,D003,Input,Input,Amount,98604
2026-08,Budget,6007,D004,Input,Input,Amount,621848
2026-08,Budget,6007,D005,Input,Input,Amount,222221
2026-08,Budget,6007,D006,Input,Input,Amount,415057
2026-08,Budget,6007,D007,Input,Input,Amount,212937
2026-08,Budget,6007,D008,Input,Input,Amount,144019
2026-08,Budget,6007,D009,Input,Input,Amount,236897
2026-08,Budget,6007,D010,Input,Input,Amount,493179
2026-08,Budget,6007,D011,Input,Input,Amount,155544
2026-08,Budget,6007,D012,Input,Input,Amount,550480
2026-08,Budget,6007,D013,Input,Input,Amount,286306
2026-08,Budget,6007,D014,Input,Input,Amount,42124
2026-08,Budget,6007,D015,Input,Input,Amount,316022
2026-08,Budget,6007,D016,Input,Input,Amount,173866
2026-08,Budget,6007,D017,Input,Input,Amount,431678
2026-08,Budget,6008,D001,Input,Input,Amount,400843
2026-08,Budget,6008,D002,Input,Input,Amount,517500
2026-08,Budget,6008,D003,Input,Input,Amount,122771
2026-08,Budget,6008,D004,Input,Input,Amount,367184
2026-08,Budget,6008,D005,Input,Input,Amount,497290
2026-08,Budget,6008,D006,Input,Input,Amount,434623
2026-08,Budget,6008,D007,Input,Input,Amount,93149
2026-08,Budget,6008,D008,Input,Input,Amount,563507
2026-08,Budget,6008,D009,Input,Input,Amount,266506
2026-08,Budget,6008,D010,Input,Input,Amount,361984
2026-08,Budget,6008,D011,Input,Input,Amount,175768
2026-08,Budget,6008,D012,Input,Input,Amount,258954
2026-08,Budget,6008,D013,Input,Input,Amount,171133
2026-08,Budget,6008,D014,Input,Input,Amount,143380
2026-08,Budget,6008,D015,Input,Input,Amount,37263
2026-08,Budget,6008,D016,Input,Input,Amount,394863
2026-08,Budget,6008,D017,Input,Input,Amount,620137
2026-08,Budget,6009,D001,Input,Input,Amount,574652
2026-08,Budget,6009,D002,Input,Input,Amount,224040
2026-08,Budget,6009,D003,Input,Input,Amount,317095
2026-08,Budget,6009,D004,Input,Input,Amount,369248
2026-08,Budget,6009,D005,Input,Input,Amount,300293
2026-08,Budget,6009,D006,Input,Input,Amount,80933
2026-08,Budget,6009,D007,Input,Input,Amount,492611
2026-08,Budget,6009,D008,Input,Input,Amount,297853
2026-08,Budget,6009,D009,Input,Input,Amount,79967
2026-08,Budget,6009,D010,Input,Input,Amount,41879
2026-08,Budget,6009,D011,Input,Input,Amount,126165
2026-08,Budget,6009,D012,Input,Input,Amount,205629
2026-08,Budget,6009,D013,Input,Input,Amount,322769
2026-08,Budget,6009,D014,Input,Input,Amount,546639
2026-08,Budget,6009,D015,Input,Input,Amount,174869
2026-08,Budget,6009,D016,Input,Input,Amount,93476
2026-08,Budget,6009,D017,Input,Input,Amount,411434
2026-08,Budget,6010,D001,Input,Input,Amount,247670
2026-08,Budget,6010,D002,Input,Input,Amount,603840
2026-08,Budget,6010,D003,Input,Input,Amount,543560
2026-08,Budget,6010,D004,Input,Input,Amount,553289
2026-08,Budget,6010,D005,Input,Input,Amount,105636
2026-08,Budget,6010,D006,Input,Input,Amount,437931
2026-08,Budget,6010,D007,Input,Input,Amount,180298
2026-08,Budget,6010,D008,Input,Input,Amount,415869
2026-08,Budget,6010,D009,Input,Input,Amount,610988
2026-08,Budget,6010,D010,Input,Input,Amount,132347
2026-08,Budget,6010,D011,Input,Input,Amount,147837
2026-08,Budget,6010,D012,Input,Input,Amount,388111
2026-08,Budget,6010,D013,Input,Input,Amount,84598
2026-08,Budget,6010,D014,Input,Input,Amount,344063
2026-08,Budget,6010,D015,Input,Input,Amount,407215
2026-08,Budget,6010,D016,Input,Input,Amount,84014
2026-08,Budget,6010,D017,Input,Input,Amount,256426
2026-08,Budget,6011,D001,Input,Input,Amount,285069
2026-08,Budget,6011,D002,Input,Input,Amount,504656
2026-08,Budget,6011,D003,Input,Input,Amount,487738
2026-08,Budget,6011,D004,Input,Input,Amount,569519
2026-08,Budget,6011,D005,Input,Input,Amount,391615
2026-08,Budget,6011,D006,Input,Input,Amount,567596
2026-08,Budget,6011,D007,Input,Input,Amount,322374
2026-08,Budget,6011,D008,Input,Input,Amount,143457
2026-08,Budget,6011,D009,Input,Input,Amount,98194
2026-08,Budget,6011,D010,Input,Input,Amount,556846
2026-08,Budget,6011,D011,Input,Input,Amount,283670
2026-08,Budget,6011,D012,Input,Input,Amount,606556
2026-08,Budget,6011,D013,Input,Input,Amount,575452
2026-08,Budget,6011,D014,Input,Input,Amount,237713
2026-08,Budget,6011,D015,Input,Input,Amount,165662
2026-08,Budget,6011,D016,Input,Input,Amount,405853
2026-08,Budget,6011,D017,Input,Input,Amount,393089
2026-08,Budget,6012,D001,Input,Input,Amount,215225
2026-08,Budget,6012,D002,Input,Input,Amount,170297
2026-08,Budget,6012,D003,Input,Input,Amount,272352
2026-08,Budget,6012,D004,Input,Input,Amount,582220
2026-08,Budget,6012,D005,Input,Input,Amount,623368
2026-08,Budget,6012,D006,Input,Input,Amount,41890
2026-08,Budget,6012,D007,Input,Input,Amount,626430
2026-08,Budget,6012,D008,Input,Input,Amount,593448
2026-08,Budget,6012,D009,Input,Input,Amount,284188
2026-08,Budget,6012,D010,Input,Input,Amount,386223
2026-08,Budget,6012,D011,Input,Input,Amount,283947
2026-08,Budget,6012,D012,Input,Input,Amount,289332
2026-08,Budget,6012,D013,Input,Input,Amount,382674
2026-08,Budget,6012,D014,Input,Input,Amount,94513
2026-08,Budget,6012,D015,Input,Input,Amount,623420
2026-08,Budget,6012,D016,Input,Input,Amount,75164
2026-08,Budget,6012,D017,Input,Input,Amount,161407
2026-08,Budget,6013,D001,Input,Input,Amount,238974
2026-08,Budget,6013,D002,Input,Input,Amount,363142
2026-08,Budget,6013,D003,Input,Input,Amount,628018
2026-08,Budget,6013,D004,Input,Input,Amount,359993
2026-08,Budget,6013,D005,Input,Input,Amount,460930
2026-08,Budget,6013,D006,Input,Input,Amount,126386
2026-08,Budget,6013,D007,Input,Input,Amount,596782
2026-08,Budget,6013,D008,Input,Input,Amount,516823
2026-08,Budget,6013,D009,Input,Input,Amount,158553
2026-08,Budget,6013,D010,Input,Input,Amount,329153
2026-08,Budget,6013,D011,Input,Input,Amount,625723
2026-08,Budget,6013,D012,Input,Input,Amount,225611
2026-08,Budget,6013,D013,Input,Input,Amount,519083
2026-08,Budget,6013,D014,Input,Input,Amount,216068
2026-08,Budget,6013,D015,Input,Input,Amount,393780
2026-08,Budget,6013,D016,Input,Input,Amount,548066
2026-08,Budget,6013,D017,Input,Input,Amount,81651
2026-08,Budget,6014,D001,Input,Input,Amount,325099
2026-08,Budget,6014,D002,Input,Input,Amount,476909
2026-08,Budget,6014,D003,Input,Input,Amount,368434
2026-08,Budget,6014,D004,Input,Input,Amount,510243
2026-08,Budget,6014,D005,Input,Input,Amount,310646
2026-08,Budget,6014,D006,Input,Input,Amount,427818
2026-08,Budget,6014,D007,Input,Input,Amount,102824
2026-08,Budget,6014,D008,Input,Input,Amount,380513
2026-08,Budget,6014,D009,Input,Input,Amount,170975
2026-08,Budget,6014,D010,Input,Input,Amount,464390
2026-08,Budget,6014,D011,Input,Input,Amount,364451
2026-08,Budget,6014,D012,Input,Input,Amount,577594
2026-08,Budget,6014,D013,Input,Input,Amount,75229
2026-08,Budget,6014,D014,Input,Input,Amount,540708
2026-08,Budget,6014,D015,Input,Input,Amount,354052
2026-08,Budget,6014,D016,Input,Input,Amount,121081
2026-08,Budget,6014,D017,Input,Input,Amount,497354
2026-08,Budget,6015,D001,Input,Input,Amount,241303
2026-08,Budget,6015,D002,Input,Input,Amount,583581
2026-08,Budget,6015,D003,Input,Input,Amount,285692
2026-08,Budget,6015,D004,Input,Input,Amount,287088
2026-08,Budget,6015,D005,Input,Input,Amount,361298
2026-08,Budget,6015,D006,Input,Input,Amount,285502
2026-08,Budget,6015,D007,Input,Input,Amount,484234
2026-08,Budget,6015,D008,Input,Input,Amount,607866
2026-08,Budget,6015,D009,Input,Input,Amount,539495
2026-08,Budget,6015,D010,Input,Input,Amount,429513
2026-08,Budget,6015,D011,Input,Input,Amount,144767
2026-08,Budget,6015,D012,Input,Input,Amount,620533
2026-08,Budget,6015,D013,Input,Input,Amount,43739
2026-08,Budget,6015,D014,Input,Input,Amount,224096
2026-08,Budget,6015,D015,Input,Input,Amount,358898
2026-08,Budget,6015,D016,Input,Input,Amount,515659
2026-08,Budget,6015,D017,Input,Input,Amount,278014
2026-08,Budget,6016,D001,Input,Input,Amount,517018
2026-08,Budget,6016,D002,Input,Input,Amount,507863
2026-08,Budget,6016,D003,Input,Input,Amount,533305
2026-08,Budget,6016,D004,Input,Input,Amount,440484
2026-08,Budget,6016,D005,Input,Input,Amount,447677
2026-08,Budget,6016,D006,Input,Input,Amount,419698
2026-08,Budget,6016,D007,Input,Input,Amount,136200
2026-08,Budget,6016,D008,Input,Input,Amount,564353
2026-08,Budget,6016,D009,Input,Input,Amount,546974
2026-08,Budget,6016,D010,Input,Input,Amount,377783
2026-08,Budget,6016,D011,Input,Input,Amount,608849
2026-08,Budget,6016,D012,Input,Input,Amount,312917
2026-08,Budget,6016,D013,Input,Input,Amount,459974
2026-08,Budget,6016,D014,Input,Input,Amount,398695
2026-08,Budget,6016,D015,Input,Input,Amount,37822
2026-08,Budget,6016,D016,Input,Input,Amount,33665
2026-08,Budget,6016,D017,Input,Input,Amount,349012
2026-08,Budget,6017,D001,Input,Input,Amount,393075
2026-08,Budget,6017,D002,Input,Input,Amount,148611
2026-08,Budget,6017,D003,Input,Input,Amount,172750
2026-08,Budget,6017,D004,Input,Input,Amount,159203
2026-08,Budget,6017,D005,Input,Input,Amount,581925
2026-08,Budget,6017,D006,Input,Input,Amount,514822
2026-08,Budget,6017,D007,Input,Input,Amount,398256
2026-08,Budget,6017,D008,Input,Input,Amount,273200
2026-08,Budget,6017,D009,Input,Input,Amount,424567
2026-08,Budget,6017,D010,Input,Input,Amount,457493
2026-08,Budget,6017,D011,Input,Input,Amount,43864
2026-08,Budget,6017,D012,Input,Input,Amount,53129
2026-08,Budget,6017,D013,Input,Input,Amount,345221
2026-08,Budget,6017,D014,Input,Input,Amount,50870
2026-08,Budget,6017,D015,Input,Input,Amount,36727
2026-08,Budget,6017,D016,Input,Input,Amount,527401
2026-08,Budget,6017,D017,Input,Input,Amount,323781
2026-08,Budget,6018,D001,Input,Input,Amount,43391
2026-08,Budget,6018,D002,Input,Input,Amount,134457
2026-08,Budget,6018,D003,Input,Input,Amount,75107
2026-08,Budget,6018,D004,Input,Input,Amount,333190
2026-08,Budget,6018,D005,Input,Input,Amount,323691
2026-08,Budget,6018,D006,Input,Input,Amount,361030
2026-08,Budget,6018,D007,Input,Input,Amount,223381
2026-08,Budget,6018,D008,Input,Input,Amount,398839
2026-08,Budget,6018,D009,Input,Input,Amount,418360
2026-08,Budget,6018,D010,Input,Input,Amount,474631
2026-08,Budget,6018,D011,Input,Input,Amount,224543
2026-08,Budget,6018,D012,Input,Input,Amount,226588
2026-08,Budget,6018,D013,Input,Input,Amount,414979
2026-08,Budget,6018,D014,Input,Input,Amount,450634
2026-08,Budget,6018,D015,Input,Input,Amount,210784
2026-08,Budget,6018,D016,Input,Input,Amount,261412
2026-08,Budget,6018,D017,Input,Input,Amount,70876
2026-08,Budget,6019,D001,Input,Input,Amount,227959
2026-08,Budget,6019,D002,Input,Input,Amount,83933
2026-08,Budget,6019,D003,Input,Input,Amount,504769
2026-08,Budget,6019,D004,Input,Input,Amount,118497
2026-08,Budget,6019,D005,Input,Input,Amount,455914
2026-08,Budget,6019,D006,Input,Input,Amount,494333
2026-08,Budget,6019,D007,Input,Input,Amount,481803
2026-08,Budget,6019,D008,Input,Input,Amount,510740
2026-08,Budget,6019,D009,Input,Input,Amount,399172
2026-08,Budget,6019,D010,Input,Input,Amount,385457
2026-08,Budget,6019,D011,Input,Input,Amount,514518
2026-08,Budget,6019,D012,Input,Input,Amount,416540
2026-08,Budget,6019,D013,Input,Input,Amount,236591
2026-08,Budget,6019,D014,Input,Input,Amount,340035
2026-08,Budget,6019,D015,Input,Input,Amount,204720
2026-08,Budget,6019,D016,Input,Input,Amount,525292
2026-08,Budget,6019,D017,Input,Input,Amount,105575
2026-08,Budget,6020,D001,Input,Input,Amount,160121
2026-08,Budget,6020,D002,Input,Input,Amount,41893
2026-08,Budget,6020,D003,Input,Input,Amount,110358
2026-08,Budget,6020,D004,Input,Input,Amount,407811
2026-08,Budget,6020,D005,Input,Input,Amount,137008
2026-08,Budget,6020,D006,Input,Input,Amount,33831
2026-08,Budget,6020,D007,Input,Input,Amount,215742
2026-08,Budget,6020,D008,Input,Input,Amount,596413
2026-08,Budget,6020,D009,Input,Input,Amount,627623
2026-08,Budget,6020,D010,Input,Input,Amount,461610
2026-08,Budget,6020,D011,Input,Input,Amount,202476
2026-08,Budget,6020,D012,Input,Input,Amount,255274
2026-08,Budget,6020,D013,Input,Input,Amount,205599
2026-08,Budget,6020,D014,Input,Input,Amount,450645
2026-08,Budget,6020,D015,Input,Input,Amount,356416
2026-08,Budget,6020,D016,Input,Input,Amount,151512
2026-08,Budget,6020,D017,Input,Input,Amount,369106
2026-08,Budget,6021,D001,Input,Input,Amount,609143
2026-08,Budget,6021,D002,Input,Input,Amount,127650
2026-08,Budget,6021,D003,Input,Input,Amount,215015
2026-08,Budget,6021,D004,Input,Input,Amount,597788
2026-08,Budget,6021,D005,Input,Input,Amount,578422
2026-08,Budget,6021,D006,Input,Input,Amount,512481
2026-08,Budget,6021,D007,Input,Input,Amount,596356
2026-08,Budget,6021,D008,Input,Input,Amount,515021
2026-08,Budget,6021,D009,Input,Input,Amount,198174
2026-08,Budget,6021,D010,Input,Input,Amount,110391
2026-08,Budget,6021,D011,Input,Input,Amount,334604
2026-08,Budget,6021,D012,Input,Input,Amount,105083
2026-08,Budget,6021,D013,Input,Input,Amount,363313
2026-08,Budget,6021,D014,Input,Input,Amount,302717
2026-08,Budget,6021,D015,Input,Input,Amount,549811
2026-08,Budget,6021,D016,Input,Input,Amount,509364
2026-08,Budget,6021,D017,Input,Input,Amount,109468
2026-08,Budget,6022,D001,Input,Input,Amount,552310
2026-08,Budget,6022,D002,Input,Input,Amount,149042
2026-08,Budget,6022,D003,Input,Input,Amount,610107
2026-08,Budget,6022,D004,Input,Input,Amount,38369
2026-08,Budget,6022,D005,Input,Input,Amount,547780
2026-08,Budget,6022,D006,Input,Input,Amount,610381
2026-08,Budget,6022,D007,Input,Input,Amount,30185
2026-08,Budget,6022,D008,Input,Input,Amount,369317
2026-08,Budget,6022,D009,Input,Input,Amount,585335
2026-08,Budget,6022,D010,Input,Input,Amount,90924
2026-08,Budget,6022,D011,Input,Input,Amount,528767
2026-08,Budget,6022,D012,Input,Input,Amount,213033
2026-08,Budget,6022,D013,Input,Input,Amount,322162
2026-08,Budget,6022,D014,Input,Input,Amount,349931
2026-08,Budget,6022,D015,Input,Input,Amount,538985
2026-08,Budget,6022,D016,Input,Input,Amount,525557
2026-08,Budget,6022,D017,Input,Input,Amount,555833
2026-08,Budget,6023,D001,Input,Input,Amount,518457
2026-08,Budget,6023,D002,Input,Input,Amount,167943
2026-08,Budget,6023,D003,Input,Input,Amount,157834
2026-08,Budget,6023,D004,Input,Input,Amount,265692
2026-08,Budget,6023,D005,Input,Input,Amount,107467
2026-08,Budget,6023,D006,Input,Input,Amount,30544
2026-08,Budget,6023,D007,Input,Input,Amount,540008
2026-08,Budget,6023,D008,Input,Input,Amount,376894
2026-08,Budget,6023,D009,Input,Input,Amount,540731
2026-08,Budget,6023,D010,Input,Input,Amount,129088
2026-08,Budget,6023,D011,Input,Input,Amount,405396
2026-08,Budget,6023,D012,Input,Input,Amount,455299
2026-08,Budget,6023,D013,Input,Input,Amount,243239
2026-08,Budget,6023,D014,Input,Input,Amount,30694
2026-08,Budget,6023,D015,Input,Input,Amount,550096
2026-08,Budget,6023,D016,Input,Input,Amount,466359
2026-08,Budget,6023,D017,Input,Input,Amount,105260
2026-08,Budget,6024,D001,Input,Input,Amount,529244
2026-08,Budget,6024,D002,Input,Input,Amount,603122
2026-08,Budget,6024,D003,Input,Input,Amount,500226
2026-08,Budget,6024,D004,Input,Input,Amount,407443
2026-08,Budget,6024,D005,Input,Input,Amount,111403
2026-08,Budget,6024,D006,Input,Input,Amount,603971
2026-08,Budget,6024,D007,Input,Input,Amount,392665
2026-08,Budget,6024,D008,Input,Input,Amount,34511
2026-08,Budget,6024,D009,Input,Input,Amount,558763
2026-08,Budget,6024,D010,Input,Input,Amount,121118
2026-08,Budget,6024,D011,Input,Input,Amount,431750
2026-08,Budget,6024,D012,Input,Input,Amount,301806
2026-08,Budget,6024,D013,Input,Input,Amount,582598
2026-08,Budget,6024,D014,Input,Input,Amount,413139
2026-08,Budget,6024,D015,Input,Input,Amount,94198
2026-08,Budget,6024,D016,Input,Input,Amount,417467
2026-08,Budget,6024,D017,Input,Input,Amount,319049
2026-08,Budget,6025,D001,Input,Input,Amount,391026
2026-08,Budget,6025,D002,Input,Input,Amount,107871
2026-08,Budget,6025,D003,Input,Input,Amount,335025
2026-08,Budget,6025,D004,Input,Input,Amount,623349
2026-08,Budget,6025,D005,Input,Input,Amount,486535
2026-08,Budget,6025,D006,Input,Input,Amount,586278
2026-08,Budget,6025,D007,Input,Input,Amount,252685
2026-08,Budget,6025,D008,Input,Input,Amount,120482
2026-08,Budget,6025,D009,Input,Input,Amount,209170
2026-08,Budget,6025,D010,Input,Input,Amount,387428
2026-08,Budget,6025,D011,Input,Input,Amount,481947
2026-08,Budget,6025,D012,Input,Input,Amount,483883
2026-08,Budget,6025,D013,Input,Input,Amount,513521
2026-08,Budget,6025,D014,Input,Input,Amount,329716
2026-08,Budget,6025,D015,Input,Input,Amount,240850
2026-08,Budget,6025,D016,Input,Input,Amount,522178
2026-08,Budget,6025,D017,Input,Input,Amount,125499
2026-08,Budget,6026,D001,Input,Input,Amount,450712
2026-08,Budget,6026,D002,Input,Input,Amount,144494
2026-08,Budget,6026,D003,Input,Input,Amount,101856
2026-08,Budget,6026,D004,Input,Input,Amount,478108
2026-08,Budget,6026,D005,Input,Input,Amount,71745
2026-08,Budget,6026,D006,Input,Input,Amount,66449
2026-08,Budget,6026,D007,Input,Input,Amount,595026
2026-08,Budget,6026,D008,Input,Input,Amount,195788
2026-08,Budget,6026,D009,Input,Input,Amount,260470
2026-08,Budget,6026,D010,Input,Input,Amount,487255
2026-08,Budget,6026,D011,Input,Input,Amount,622814
2026-08,Budget,6026,D012,Input,Input,Amount,129493
2026-08,Budget,6026,D013,Input,Input,Amount,41036
2026-08,Budget,6026,D014,Input,Input,Amount,163175
2026-08,Budget,6026,D015,Input,Input,Amount,189673
2026-08,Budget,6026,D016,Input,Input,Amount,255441
2026-08,Budget,6026,D017,Input,Input,Amount,401142
2026-09,Budget,4001,D001,Input,Input,Amount,613516
2026-09,Budget,4001,D002,Input,Input,Amount,615287
2026-09,Budget,4001,D003,Input,Input,Amount,601639
2026-09,Budget,4001,D004,Input,Input,Amount,601376
2026-09,Budget,4001,D005,Input,Input,Amount,629029
2026-09,Budget,4001,D006,Input,Input,Amount,608173
2026-09,Budget,4001,D007,Input,Input,Amount,611010
2026-09,Budget,4001,D008,Input,Input,Amount,586120
2026-09,Budget,4001,D009,Input,Input,Amount,611138
2026-09,Budget,4001,D010,Input,Input,Amount,612399
2026-09,Budget,4001,D011,Input,Input,Amount,529346
2026-09,Budget,4001,D012,Input,Input,Amount,446522
2026-09,Budget,4001,D013,Input,Input,Amount,450177
2026-09,Budget,4001,D014,Input,Input,Amount,82406
2026-09,Budget,4001,D015,Input,Input,Amount,103259
2026-09,Budget,4001,D016,Input,Input,Amount,372056
2026-09,Budget,4001,D017,Input,Input,Amount,613510
2026-09,Budget,4002,D001,Input,Input,Amount,587578
2026-09,Budget,4002,D002,Input,Input,Amount,625013
2026-09,Budget,4002,D003,Input,Input,Amount,620839
2026-09,Budget,4002,D004,Input,Input,Amount,606371
2026-09,Budget,4002,D005,Input,Input,Amount,591405
2026-09,Budget,4002,D006,Input,Input,Amount,618009
2026-09,Budget,4002,D007,Input,Input,Amount,628231
2026-09,Budget,4002,D008,Input,Input,Amount,629226
2026-09,Budget,4002,D009,Input,Input,Amount,620060
2026-09,Budget,4002,D010,Input,Input,Amount,606191
2026-09,Budget,4002,D011,Input,Input,Amount,351055
2026-09,Budget,4002,D012,Input,Input,Amount,228687
2026-09,Budget,4002,D013,Input,Input,Amount,262536
2026-09,Budget,4002,D014,Input,Input,Amount,429500
2026-09,Budget,4002,D015,Input,Input,Amount,339048
2026-09,Budget,4002,D016,Input,Input,Amount,256925
2026-09,Budget,4002,D017,Input,Input,Amount,447540
2026-09,Budget,4003,D001,Input,Input,Amount,605244
2026-09,Budget,4003,D002,Input,Input,Amount,627148
2026-09,Budget,4003,D003,Input,Input,Amount,600572
2026-09,Budget,4003,D004,Input,Input,Amount,625692
2026-09,Budget,4003,D005,Input,Input,Amount,620338
2026-09,Budget,4003,D006,Input,Input,Amount,619758
2026-09,Budget,4003,D007,Input,Input,Amount,591120
2026-09,Budget,4003,D008,Input,Input,Amount,595392
2026-09,Budget,4003,D009,Input,Input,Amount,584772
2026-09,Budget,4003,D010,Input,Input,Amount,595989
2026-09,Budget,4003,D011,Input,Input,Amount,612141
2026-09,Budget,4003,D012,Input,Input,Amount,569754
2026-09,Budget,4003,D013,Input,Input,Amount,360989
2026-09,Budget,4003,D014,Input,Input,Amount,598620
2026-09,Budget,4003,D015,Input,Input,Amount,437624
2026-09,Budget,4003,D016,Input,Input,Amount,533754
2026-09,Budget,4003,D017,Input,Input,Amount,186958
2026-09,Budget,4004,D001,Input,Input,Amount,421739
2026-09,Budget,4004,D002,Input,Input,Amount,568535
2026-09,Budget,4004,D003,Input,Input,Amount,233126
2026-09,Budget,4004,D004,Input,Input,Amount,393855
2026-09,Budget,4004,D005,Input,Input,Amount,560069
2026-09,Budget,4004,D006,Input,Input,Amount,204908
2026-09,Budget,4004,D007,Input,Input,Amount,127420
2026-09,Budget,4004,D008,Input,Input,Amount,75960
2026-09,Budget,4004,D009,Input,Input,Amount,298801
2026-09,Budget,4004,D010,Input,Input,Amount,354663
2026-09,Budget,4004,D011,Input,Input,Amount,204325
2026-09,Budget,4004,D012,Input,Input,Amount,185931
2026-09,Budget,4004,D013,Input,Input,Amount,379383
2026-09,Budget,4004,D014,Input,Input,Amount,94795
2026-09,Budget,4004,D015,Input,Input,Amount,578401
2026-09,Budget,4004,D016,Input,Input,Amount,165358
2026-09,Budget,4004,D017,Input,Input,Amount,154450
2026-09,Budget,4005,D001,Input,Input,Amount,189382
2026-09,Budget,4005,D002,Input,Input,Amount,46624
2026-09,Budget,4005,D003,Input,Input,Amount,486383
2026-09,Budget,4005,D004,Input,Input,Amount,355122
2026-09,Budget,4005,D005,Input,Input,Amount,258238
2026-09,Budget,4005,D006,Input,Input,Amount,420704
2026-09,Budget,4005,D007,Input,Input,Amount,66658
2026-09,Budget,4005,D008,Input,Input,Amount,438082
2026-09,Budget,4005,D009,Input,Input,Amount,85616
2026-09,Budget,4005,D010,Input,Input,Amount,237350
2026-09,Budget,4005,D011,Input,Input,Amount,67681
2026-09,Budget,4005,D012,Input,Input,Amount,82404
2026-09,Budget,4005,D013,Input,Input,Amount,161061
2026-09,Budget,4005,D014,Input,Input,Amount,301711
2026-09,Budget,4005,D015,Input,Input,Amount,355329
2026-09,Budget,4005,D016,Input,Input,Amount,525834
2026-09,Budget,4005,D017,Input,Input,Amount,501943
2026-09,Budget,5001,D001,Input,Input,Amount,367787
2026-09,Budget,5001,D002,Input,Input,Amount,378624
2026-09,Budget,5001,D003,Input,Input,Amount,373475
2026-09,Budget,5001,D004,Input,Input,Amount,349376
2026-09,Budget,5001,D005,Input,Input,Amount,367296
2026-09,Budget,5001,D006,Input,Input,Amount,372906
2026-09,Budget,5001,D007,Input,Input,Amount,373178
2026-09,Budget,5001,D008,Input,Input,Amount,374092
2026-09,Budget,5001,D009,Input,Input,Amount,359846
2026-09,Budget,5001,D010,Input,Input,Amount,339671
2026-09,Budget,5001,D011,Input,Input,Amount,149576
2026-09,Budget,5001,D012,Input,Input,Amount,622943
2026-09,Budget,5001,D013,Input,Input,Amount,482156
2026-09,Budget,5001,D014,Input,Input,Amount,466001
2026-09,Budget,5001,D015,Input,Input,Amount,428142
2026-09,Budget,5001,D016,Input,Input,Amount,317888
2026-09,Budget,5001,D017,Input,Input,Amount,569649
2026-09,Budget,5002,D001,Input,Input,Amount,342457
2026-09,Budget,5002,D002,Input,Input,Amount,378302
2026-09,Budget,5002,D003,Input,Input,Amount,338167
2026-09,Budget,5002,D004,Input,Input,Amount,366333
2026-09,Budget,5002,D005,Input,Input,Amount,349723
2026-09,Budget,5002,D006,Input,Input,Amount,351118
2026-09,Budget,5002,D007,Input,Input,Amount,335557
2026-09,Budget,5002,D008,Input,Input,Amount,350343
2026-09,Budget,5002,D009,Input,Input,Amount,357160
2026-09,Budget,5002,D010,Input,Input,Amount,372995
2026-09,Budget,5002,D011,Input,Input,Amount,380771
2026-09,Budget,5002,D012,Input,Input,Amount,487043
2026-09,Budget,5002,D013,Input,Input,Amount,45188
2026-09,Budget,5002,D014,Input,Input,Amount,398543
2026-09,Budget,5002,D015,Input,Input,Amount,595041
2026-09,Budget,5002,D016,Input,Input,Amount,235610
2026-09,Budget,5002,D017,Input,Input,Amount,531173
2026-09,Budget,5003,D001,Input,Input,Amount,346693
2026-09,Budget,5003,D002,Input,Input,Amount,373950
2026-09,Budget,5003,D003,Input,Input,Amount,377169
2026-09,Budget,5003,D004,Input,Input,Amount,338341
2026-09,Budget,5003,D005,Input,Input,Amount,356612
2026-09,Budget,5003,D006,Input,Input,Amount,360473
2026-09,Budget,5003,D007,Input,Input,Amount,348598
2026-09,Budget,5003,D008,Input,Input,Amount,344722
2026-09,Budget,5003,D009,Input,Input,Amount,371272
2026-09,Budget,5003,D010,Input,Input,Amount,375064
2026-09,Budget,5003,D011,Input,Input,Amount,40634
2026-09,Budget,5003,D012,Input,Input,Amount,194090
2026-09,Budget,5003,D013,Input,Input,Amount,584578
2026-09,Budget,5003,D014,Input,Input,Amount,552351
2026-09,Budget,5003,D015,Input,Input,Amount,232306
2026-09,Budget,5003,D016,Input,Input,Amount,468466
2026-09,Budget,5003,D017,Input,Input,Amount,279836
2026-09,Budget,6001,D001,Input,Input,Amount,67908
2026-09,Budget,6001,D002,Input,Input,Amount,77912
2026-09,Budget,6001,D003,Input,Input,Amount,84681
2026-09,Budget,6001,D004,Input,Input,Amount,77572
2026-09,Budget,6001,D005,Input,Input,Amount,100909
2026-09,Budget,6001,D006,Input,Input,Amount,93952
2026-09,Budget,6001,D007,Input,Input,Amount,98780
2026-09,Budget,6001,D008,Input,Input,Amount,78050
2026-09,Budget,6001,D009,Input,Input,Amount,102727
2026-09,Budget,6001,D010,Input,Input,Amount,65363
2026-09,Budget,6001,D011,Input,Input,Amount,617250
2026-09,Budget,6001,D012,Input,Input,Amount,30736
2026-09,Budget,6001,D013,Input,Input,Amount,212124
2026-09,Budget,6001,D014,Input,Input,Amount,417835
2026-09,Budget,6001,D015,Input,Input,Amount,188450
2026-09,Budget,6001,D016,Input,Input,Amount,280410
2026-09,Budget,6001,D017,Input,Input,Amount,184095
2026-09,Budget,6002,D001,Input,Input,Amount,111450
2026-09,Budget,6002,D002,Input,Input,Amount,88869
2026-09,Budget,6002,D003,Input,Input,Amount,98234
2026-09,Budget,6002,D004,Input,Input,Amount,92554
2026-09,Budget,6002,D005,Input,Input,Amount,65026
2026-09,Budget,6002,D006,Input,Input,Amount,93977
2026-09,Budget,6002,D007,Input,Input,Amount,108506
2026-09,Budget,6002,D008,Input,Input,Amount,74656
2026-09,Budget,6002,D009,Input,Input,Amount,77742
2026-09,Budget,6002,D010,Input,Input,Amount,114215
2026-09,Budget,6002,D011,Input,Input,Amount,335532
2026-09,Budget,6002,D012,Input,Input,Amount,231612
2026-09,Budget,6002,D013,Input,Input,Amount,493454
2026-09,Budget,6002,D014,Input,Input,Amount,557327
2026-09,Budget,6002,D015,Input,Input,Amount,53626
2026-09,Budget,6002,D016,Input,Input,Amount,331887
2026-09,Budget,6002,D017,Input,Input,Amount,40559
2026-09,Budget,6003,D001,Input,Input,Amount,93577
2026-09,Budget,6003,D002,Input,Input,Amount,93265
2026-09,Budget,6003,D003,Input,Input,Amount,85269
2026-09,Budget,6003,D004,Input,Input,Amount,108576
2026-09,Budget,6003,D005,Input,Input,Amount,84914
2026-09,Budget,6003,D006,Input,Input,Amount,109277
2026-09,Budget,6003,D007,Input,Input,Amount,106480
2026-09,Budget,6003,D008,Input,Input,Amount,66600
2026-09,Budget,6003,D009,Input,Input,Amount,112077
2026-09,Budget,6003,D010,Input,Input,Amount,71985
2026-09,Budget,6003,D011,Input,Input,Amount,543703
2026-09,Budget,6003,D012,Input,Input,Amount,344332
2026-09,Budget,6003,D013,Input,Input,Amount,483945
2026-09,Budget,6003,D014,Input,Input,Amount,607296
2026-09,Budget,6003,D015,Input,Input,Amount,502650
2026-09,Budget,6003,D016,Input,Input,Amount,197484
2026-09,Budget,6003,D017,Input,Input,Amount,65124
2026-09,Budget,6004,D001,Input,Input,Amount,65110
2026-09,Budget,6004,D002,Input,Input,Amount,69585
2026-09,Budget,6004,D003,Input,Input,Amount,108705
2026-09,Budget,6004,D004,Input,Input,Amount,89847
2026-09,Budget,6004,D005,Input,Input,Amount,83803
2026-09,Budget,6004,D006,Input,Input,Amount,79005
2026-09,Budget,6004,D007,Input,Input,Amount,105583
2026-09,Budget,6004,D008,Input,Input,Amount,68028
2026-09,Budget,6004,D009,Input,Input,Amount,110636
2026-09,Budget,6004,D010,Input,Input,Amount,92862
2026-09,Budget,6004,D011,Input,Input,Amount,310208
2026-09,Budget,6004,D012,Input,Input,Amount,626304
2026-09,Budget,6004,D013,Input,Input,Amount,285151
2026-09,Budget,6004,D014,Input,Input,Amount,143971
2026-09,Budget,6004,D015,Input,Input,Amount,77205
2026-09,Budget,6004,D016,Input,Input,Amount,411869
2026-09,Budget,6004,D017,Input,Input,Amount,218822
2026-09,Budget,6005,D001,Input,Input,Amount,99073
2026-09,Budget,6005,D002,Input,Input,Amount,108531
2026-09,Budget,6005,D003,Input,Input,Amount,91764
2026-09,Budget,6005,D004,Input,Input,Amount,109388
2026-09,Budget,6005,D005,Input,Input,Amount,78774
2026-09,Budget,6005,D006,Input,Input,Amount,98500
2026-09,Budget,6005,D007,Input,Input,Amount,86966
2026-09,Budget,6005,D008,Input,Input,Amount,81046
2026-09,Budget,6005,D009,Input,Input,Amount,90164
2026-09,Budget,6005,D010,Input,Input,Amount,79341
2026-09,Budget,6005,D011,Input,Input,Amount,79908
2026-09,Budget,6005,D012,Input,Input,Amount,476310
2026-09,Budget,6005,D013,Input,Input,Amount,279125
2026-09,Budget,6005,D014,Input,Input,Amount,85062
2026-09,Budget,6005,D015,Input,Input,Amount,79812
2026-09,Budget,6005,D016,Input,Input,Amount,427500
2026-09,Budget,6005,D017,Input,Input,Amount,140566
2026-09,Budget,6006,D001,Input,Input,Amount,83128
2026-09,Budget,6006,D002,Input,Input,Amount,240318
2026-09,Budget,6006,D003,Input,Input,Amount,186490
2026-09,Budget,6006,D004,Input,Input,Amount,572114
2026-09,Budget,6006,D005,Input,Input,Amount,567918
2026-09,Budget,6006,D006,Input,Input,Amount,269450
2026-09,Budget,6006,D007,Input,Input,Amount,414613
2026-09,Budget,6006,D008,Input,Input,Amount,164612
2026-09,Budget,6006,D009,Input,Input,Amount,415508
2026-09,Budget,6006,D010,Input,Input,Amount,138133
2026-09,Budget,6006,D011,Input,Input,Amount,556166
2026-09,Budget,6006,D012,Input,Input,Amount,325873
2026-09,Budget,6006,D013,Input,Input,Amount,187275
2026-09,Budget,6006,D014,Input,Input,Amount,532349
2026-09,Budget,6006,D015,Input,Input,Amount,543172
2026-09,Budget,6006,D016,Input,Input,Amount,191443
2026-09,Budget,6006,D017,Input,Input,Amount,220783
2026-09,Budget,6007,D001,Input,Input,Amount,399471
2026-09,Budget,6007,D002,Input,Input,Amount,318339
2026-09,Budget,6007,D003,Input,Input,Amount,165756
2026-09,Budget,6007,D004,Input,Input,Amount,187164
2026-09,Budget,6007,D005,Input,Input,Amount,46266
2026-09,Budget,6007,D006,Input,Input,Amount,391656
2026-09,Budget,6007,D007,Input,Input,Amount,158461
2026-09,Budget,6007,D008,Input,Input,Amount,560872
2026-09,Budget,6007,D009,Input,Input,Amount,458627
2026-09,Budget,6007,D010,Input,Input,Amount,108152
2026-09,Budget,6007,D011,Input,Input,Amount,398258
2026-09,Budget,6007,D012,Input,Input,Amount,198939
2026-09,Budget,6007,D013,Input,Input,Amount,210033
2026-09,Budget,6007,D014,Input,Input,Amount,30309
2026-09,Budget,6007,D015,Input,Input,Amount,286880
2026-09,Budget,6007,D016,Input,Input,Amount,485115
2026-09,Budget,6007,D017,Input,Input,Amount,412410
2026-09,Budget,6008,D001,Input,Input,Amount,375687
2026-09,Budget,6008,D002,Input,Input,Amount,285202
2026-09,Budget,6008,D003,Input,Input,Amount,140585
2026-09,Budget,6008,D004,Input,Input,Amount,504767
2026-09,Budget,6008,D005,Input,Input,Amount,605906
2026-09,Budget,6008,D006,Input,Input,Amount,425623
2026-09,Budget,6008,D007,Input,Input,Amount,336073
2026-09,Budget,6008,D008,Input,Input,Amount,478199
2026-09,Budget,6008,D009,Input,Input,Amount,312439
2026-09,Budget,6008,D010,Input,Input,Amount,509906
2026-09,Budget,6008,D011,Input,Input,Amount,37232
2026-09,Budget,6008,D012,Input,Input,Amount,548681
2026-09,Budget,6008,D013,Input,Input,Amount,359846
2026-09,Budget,6008,D014,Input,Input,Amount,569677
2026-09,Budget,6008,D015,Input,Input,Amount,211021
2026-09,Budget,6008,D016,Input,Input,Amount,546605
2026-09,Budget,6008,D017,Input,Input,Amount,585687
2026-09,Budget,6009,D001,Input,Input,Amount,355410
2026-09,Budget,6009,D002,Input,Input,Amount,256204
2026-09,Budget,6009,D003,Input,Input,Amount,192011
2026-09,Budget,6009,D004,Input,Input,Amount,50926
2026-09,Budget,6009,D005,Input,Input,Amount,100470
2026-09,Budget,6009,D006,Input,Input,Amount,199753
2026-09,Budget,6009,D007,Input,Input,Amount,336924
2026-09,Budget,6009,D008,Input,Input,Amount,346772
2026-09,Budget,6009,D009,Input,Input,Amount,479835
2026-09,Budget,6009,D010,Input,Input,Amount,235979
2026-09,Budget,6009,D011,Input,Input,Amount,180146
2026-09,Budget,6009,D012,Input,Input,Amount,600370
2026-09,Budget,6009,D013,Input,Input,Amount,113271
2026-09,Budget,6009,D014,Input,Input,Amount,440911
2026-09,Budget,6009,D015,Input,Input,Amount,594067
2026-09,Budget,6009,D016,Input,Input,Amount,36093
2026-09,Budget,6009,D017,Input,Input,Amount,440896
2026-09,Budget,6010,D001,Input,Input,Amount,69800
2026-09,Budget,6010,D002,Input,Input,Amount,200810
2026-09,Budget,6010,D003,Input,Input,Amount,85058
2026-09,Budget,6010,D004,Input,Input,Amount,573510
2026-09,Budget,6010,D005,Input,Input,Amount,375693
2026-09,Budget,6010,D006,Input,Input,Amount,475808
2026-09,Budget,6010,D007,Input,Input,Amount,308432
2026-09,Budget,6010,D008,Input,Input,Amount,464698
2026-09,Budget,6010,D009,Input,Input,Amount,264337
2026-09,Budget,6010,D010,Input,Input,Amount,456711
2026-09,Budget,6010,D011,Input,Input,Amount,423946
2026-09,Budget,6010,D012,Input,Input,Amount,216801
2026-09,Budget,6010,D013,Input,Input,Amount,104808
2026-09,Budget,6010,D014,Input,Input,Amount,161169
2026-09,Budget,6010,D015,Input,Input,Amount,550901
2026-09,Budget,6010,D016,Input,Input,Amount,521228
2026-09,Budget,6010,D017,Input,Input,Amount,528330
2026-09,Budget,6011,D001,Input,Input,Amount,512550
2026-09,Budget,6011,D002,Input,Input,Amount,585906
2026-09,Budget,6011,D003,Input,Input,Amount,296999
2026-09,Budget,6011,D004,Input,Input,Amount,562805
2026-09,Budget,6011,D005,Input,Input,Amount,590113
2026-09,Budget,6011,D006,Input,Input,Amount,403840
2026-09,Budget,6011,D007,Input,Input,Amount,260236
2026-09,Budget,6011,D008,Input,Input,Amount,282923
2026-09,Budget,6011,D009,Input,Input,Amount,279033
2026-09,Budget,6011,D010,Input,Input,Amount,113891
2026-09,Budget,6011,D011,Input,Input,Amount,127026
2026-09,Budget,6011,D012,Input,Input,Amount,248018
2026-09,Budget,6011,D013,Input,Input,Amount,68168
2026-09,Budget,6011,D014,Input,Input,Amount,553844
2026-09,Budget,6011,D015,Input,Input,Amount,512844
2026-09,Budget,6011,D016,Input,Input,Amount,166928
2026-09,Budget,6011,D017,Input,Input,Amount,38076
2026-09,Budget,6012,D001,Input,Input,Amount,622164
2026-09,Budget,6012,D002,Input,Input,Amount,269816
2026-09,Budget,6012,D003,Input,Input,Amount,430499
2026-09,Budget,6012,D004,Input,Input,Amount,440163
2026-09,Budget,6012,D005,Input,Input,Amount,157534
2026-09,Budget,6012,D006,Input,Input,Amount,125852
2026-09,Budget,6012,D007,Input,Input,Amount,171238
2026-09,Budget,6012,D008,Input,Input,Amount,569400
2026-09,Budget,6012,D009,Input,Input,Amount,247101
2026-09,Budget,6012,D010,Input,Input,Amount,486795
2026-09,Budget,6012,D011,Input,Input,Amount,196706
2026-09,Budget,6012,D012,Input,Input,Amount,527941
2026-09,Budget,6012,D013,Input,Input,Amount,59659
2026-09,Budget,6012,D014,Input,Input,Amount,499788
2026-09,Budget,6012,D015,Input,Input,Amount,305322
2026-09,Budget,6012,D016,Input,Input,Amount,296398
2026-09,Budget,6012,D017,Input,Input,Amount,546814
2026-09,Budget,6013,D001,Input,Input,Amount,246441
2026-09,Budget,6013,D002,Input,Input,Amount,60449
2026-09,Budget,6013,D003,Input,Input,Amount,523364
2026-09,Budget,6013,D004,Input,Input,Amount,463414
2026-09,Budget,6013,D005,Input,Input,Amount,447652
2026-09,Budget,6013,D006,Input,Input,Amount,336182
2026-09,Budget,6013,D007,Input,Input,Amount,407731
2026-09,Budget,6013,D008,Input,Input,Amount,212802
2026-09,Budget,6013,D009,Input,Input,Amount,140311
2026-09,Budget,6013,D010,Input,Input,Amount,268134
2026-09,Budget,6013,D011,Input,Input,Amount,591335
2026-09,Budget,6013,D012,Input,Input,Amount,79750
2026-09,Budget,6013,D013,Input,Input,Amount,152433
2026-09,Budget,6013,D014,Input,Input,Amount,618851
2026-09,Budget,6013,D015,Input,Input,Amount,149396
2026-09,Budget,6013,D016,Input,Input,Amount,127131
2026-09,Budget,6013,D017,Input,Input,Amount,77911
2026-09,Budget,6014,D001,Input,Input,Amount,216624
2026-09,Budget,6014,D002,Input,Input,Amount,561377
2026-09,Budget,6014,D003,Input,Input,Amount,131982
2026-09,Budget,6014,D004,Input,Input,Amount,434816
2026-09,Budget,6014,D005,Input,Input,Amount,344331
2026-09,Budget,6014,D006,Input,Input,Amount,283458
2026-09,Budget,6014,D007,Input,Input,Amount,532547
2026-09,Budget,6014,D008,Input,Input,Amount,157712
2026-09,Budget,6014,D009,Input,Input,Amount,624976
2026-09,Budget,6014,D010,Input,Input,Amount,134133
2026-09,Budget,6014,D011,Input,Input,Amount,165209
2026-09,Budget,6014,D012,Input,Input,Amount,531625
2026-09,Budget,6014,D013,Input,Input,Amount,389559
2026-09,Budget,6014,D014,Input,Input,Amount,292905
2026-09,Budget,6014,D015,Input,Input,Amount,74353
2026-09,Budget,6014,D016,Input,Input,Amount,476051
2026-09,Budget,6014,D017,Input,Input,Amount,397459
2026-09,Budget,6015,D001,Input,Input,Amount,62715
2026-09,Budget,6015,D002,Input,Input,Amount,599860
2026-09,Budget,6015,D003,Input,Input,Amount,378588
2026-09,Budget,6015,D004,Input,Input,Amount,197041
2026-09,Budget,6015,D005,Input,Input,Amount,202927
2026-09,Budget,6015,D006,Input,Input,Amount,81621
2026-09,Budget,6015,D007,Input,Input,Amount,279278
2026-09,Budget,6015,D008,Input,Input,Amount,299993
2026-09,Budget,6015,D009,Input,Input,Amount,500596
2026-09,Budget,6015,D010,Input,Input,Amount,293336
2026-09,Budget,6015,D011,Input,Input,Amount,506605
2026-09,Budget,6015,D012,Input,Input,Amount,549201
2026-09,Budget,6015,D013,Input,Input,Amount,397926
2026-09,Budget,6015,D014,Input,Input,Amount,275921
2026-09,Budget,6015,D015,Input,Input,Amount,279040
2026-09,Budget,6015,D016,Input,Input,Amount,115687
2026-09,Budget,6015,D017,Input,Input,Amount,82319
2026-09,Budget,6016,D001,Input,Input,Amount,68751
2026-09,Budget,6016,D002,Input,Input,Amount,516230
2026-09,Budget,6016,D003,Input,Input,Amount,96650
2026-09,Budget,6016,D004,Input,Input,Amount,70653
2026-09,Budget,6016,D005,Input,Input,Amount,137125
2026-09,Budget,6016,D006,Input,Input,Amount,538907
2026-09,Budget,6016,D007,Input,Input,Amount,259042
2026-09,Budget,6016,D008,Input,Input,Amount,407213
2026-09,Budget,6016,D009,Input,Input,Amount,447322
2026-09,Budget,6016,D010,Input,Input,Amount,378882
2026-09,Budget,6016,D011,Input,Input,Amount,459750
2026-09,Budget,6016,D012,Input,Input,Amount,560381
2026-09,Budget,6016,D013,Input,Input,Amount,298172
2026-09,Budget,6016,D014,Input,Input,Amount,241948
2026-09,Budget,6016,D015,Input,Input,Amount,210215
2026-09,Budget,6016,D016,Input,Input,Amount,511969
2026-09,Budget,6016,D017,Input,Input,Amount,337797
2026-09,Budget,6017,D001,Input,Input,Amount,588634
2026-09,Budget,6017,D002,Input,Input,Amount,325410
2026-09,Budget,6017,D003,Input,Input,Amount,447569
2026-09,Budget,6017,D004,Input,Input,Amount,76902
2026-09,Budget,6017,D005,Input,Input,Amount,384889
2026-09,Budget,6017,D006,Input,Input,Amount,58311
2026-09,Budget,6017,D007,Input,Input,Amount,36745
2026-09,Budget,6017,D008,Input,Input,Amount,623605
2026-09,Budget,6017,D009,Input,Input,Amount,146462
2026-09,Budget,6017,D010,Input,Input,Amount,475956
2026-09,Budget,6017,D011,Input,Input,Amount,419149
2026-09,Budget,6017,D012,Input,Input,Amount,365168
2026-09,Budget,6017,D013,Input,Input,Amount,43156
2026-09,Budget,6017,D014,Input,Input,Amount,79145
2026-09,Budget,6017,D015,Input,Input,Amount,171090
2026-09,Budget,6017,D016,Input,Input,Amount,276297
2026-09,Budget,6017,D017,Input,Input,Amount,297263
2026-09,Budget,6018,D001,Input,Input,Amount,277122
2026-09,Budget,6018,D002,Input,Input,Amount,524865
2026-09,Budget,6018,D003,Input,Input,Amount,63716
2026-09,Budget,6018,D004,Input,Input,Amount,396491
2026-09,Budget,6018,D005,Input,Input,Amount,80049
2026-09,Budget,6018,D006,Input,Input,Amount,489204
2026-09,Budget,6018,D007,Input,Input,Amount,337438
2026-09,Budget,6018,D008,Input,Input,Amount,432088
2026-09,Budget,6018,D009,Input,Input,Amount,415112
2026-09,Budget,6018,D010,Input,Input,Amount,547498
2026-09,Budget,6018,D011,Input,Input,Amount,421196
2026-09,Budget,6018,D012,Input,Input,Amount,252219
2026-09,Budget,6018,D013,Input,Input,Amount,490288
2026-09,Budget,6018,D014,Input,Input,Amount,589393
2026-09,Budget,6018,D015,Input,Input,Amount,198450
2026-09,Budget,6018,D016,Input,Input,Amount,453574
2026-09,Budget,6018,D017,Input,Input,Amount,515063
2026-09,Budget,6019,D001,Input,Input,Amount,107231
2026-09,Budget,6019,D002,Input,Input,Amount,148199
2026-09,Budget,6019,D003,Input,Input,Amount,154786
2026-09,Budget,6019,D004,Input,Input,Amount,428256
2026-09,Budget,6019,D005,Input,Input,Amount,444866
2026-09,Budget,6019,D006,Input,Input,Amount,450123
2026-09,Budget,6019,D007,Input,Input,Amount,188176
2026-09,Budget,6019,D008,Input,Input,Amount,46258
2026-09,Budget,6019,D009,Input,Input,Amount,528393
2026-09,Budget,6019,D010,Input,Input,Amount,551845
2026-09,Budget,6019,D011,Input,Input,Amount,214717
2026-09,Budget,6019,D012,Input,Input,Amount,576757
2026-09,Budget,6019,D013,Input,Input,Amount,212868
2026-09,Budget,6019,D014,Input,Input,Amount,45480
2026-09,Budget,6019,D015,Input,Input,Amount,617617
2026-09,Budget,6019,D016,Input,Input,Amount,270226
2026-09,Budget,6019,D017,Input,Input,Amount,487438
2026-09,Budget,6020,D001,Input,Input,Amount,473088
2026-09,Budget,6020,D002,Input,Input,Amount,119313
2026-09,Budget,6020,D003,Input,Input,Amount,122123
2026-09,Budget,6020,D004,Input,Input,Amount,445433
2026-09,Budget,6020,D005,Input,Input,Amount,248883
2026-09,Budget,6020,D006,Input,Input,Amount,341484
2026-09,Budget,6020,D007,Input,Input,Amount,560909
2026-09,Budget,6020,D008,Input,Input,Amount,470048
2026-09,Budget,6020,D009,Input,Input,Amount,56972
2026-09,Budget,6020,D010,Input,Input,Amount,82839
2026-09,Budget,6020,D011,Input,Input,Amount,538854
2026-09,Budget,6020,D012,Input,Input,Amount,576238
2026-09,Budget,6020,D013,Input,Input,Amount,229606
2026-09,Budget,6020,D014,Input,Input,Amount,438954
2026-09,Budget,6020,D015,Input,Input,Amount,281936
2026-09,Budget,6020,D016,Input,Input,Amount,473446
2026-09,Budget,6020,D017,Input,Input,Amount,426549
2026-09,Budget,6021,D001,Input,Input,Amount,196656
2026-09,Budget,6021,D002,Input,Input,Amount,92340
2026-09,Budget,6021,D003,Input,Input,Amount,482683
2026-09,Budget,6021,D004,Input,Input,Amount,468744
2026-09,Budget,6021,D005,Input,Input,Amount,425748
2026-09,Budget,6021,D006,Input,Input,Amount,226166
2026-09,Budget,6021,D007,Input,Input,Amount,430504
2026-09,Budget,6021,D008,Input,Input,Amount,438552
2026-09,Budget,6021,D009,Input,Input,Amount,176368
2026-09,Budget,6021,D010,Input,Input,Amount,454362
2026-09,Budget,6021,D011,Input,Input,Amount,353461
2026-09,Budget,6021,D012,Input,Input,Amount,364077
2026-09,Budget,6021,D013,Input,Input,Amount,199640
2026-09,Budget,6021,D014,Input,Input,Amount,213026
2026-09,Budget,6021,D015,Input,Input,Amount,241901
2026-09,Budget,6021,D016,Input,Input,Amount,552800
2026-09,Budget,6021,D017,Input,Input,Amount,293069
2026-09,Budget,6022,D001,Input,Input,Amount,126245
2026-09,Budget,6022,D002,Input,Input,Amount,240635
2026-09,Budget,6022,D003,Input,Input,Amount,87176
2026-09,Budget,6022,D004,Input,Input,Amount,316116
2026-09,Budget,6022,D005,Input,Input,Amount,122513
2026-09,Budget,6022,D006,Input,Input,Amount,114453
2026-09,Budget,6022,D007,Input,Input,Amount,448831
2026-09,Budget,6022,D008,Input,Input,Amount,605782
2026-09,Budget,6022,D009,Input,Input,Amount,137682
2026-09,Budget,6022,D010,Input,Input,Amount,424655
2026-09,Budget,6022,D011,Input,Input,Amount,350239
2026-09,Budget,6022,D012,Input,Input,Amount,66886
2026-09,Budget,6022,D013,Input,Input,Amount,485775
2026-09,Budget,6022,D014,Input,Input,Amount,622852
2026-09,Budget,6022,D015,Input,Input,Amount,619295
2026-09,Budget,6022,D016,Input,Input,Amount,377329
2026-09,Budget,6022,D017,Input,Input,Amount,123906
2026-09,Budget,6023,D001,Input,Input,Amount,241164
2026-09,Budget,6023,D002,Input,Input,Amount,613036
2026-09,Budget,6023,D003,Input,Input,Amount,307101
2026-09,Budget,6023,D004,Input,Input,Amount,236240
2026-09,Budget,6023,D005,Input,Input,Amount,253540
2026-09,Budget,6023,D006,Input,Input,Amount,370635
2026-09,Budget,6023,D007,Input,Input,Amount,384117
2026-09,Budget,6023,D008,Input,Input,Amount,514719
2026-09,Budget,6023,D009,Input,Input,Amount,418140
2026-09,Budget,6023,D010,Input,Input,Amount,250369
2026-09,Budget,6023,D011,Input,Input,Amount,328914
2026-09,Budget,6023,D012,Input,Input,Amount,125214
2026-09,Budget,6023,D013,Input,Input,Amount,603862
2026-09,Budget,6023,D014,Input,Input,Amount,131908
2026-09,Budget,6023,D015,Input,Input,Amount,524225
2026-09,Budget,6023,D016,Input,Input,Amount,477213
2026-09,Budget,6023,D017,Input,Input,Amount,139958
2026-09,Budget,6024,D001,Input,Input,Amount,382212
2026-09,Budget,6024,D002,Input,Input,Amount,160581
2026-09,Budget,6024,D003,Input,Input,Amount,428362
2026-09,Budget,6024,D004,Input,Input,Amount,581647
2026-09,Budget,6024,D005,Input,Input,Amount,628646
2026-09,Budget,6024,D006,Input,Input,Amount,547101
2026-09,Budget,6024,D007,Input,Input,Amount,200093
2026-09,Budget,6024,D008,Input,Input,Amount,421860
2026-09,Budget,6024,D009,Input,Input,Amount,333751
2026-09,Budget,6024,D010,Input,Input,Amount,114495
2026-09,Budget,6024,D011,Input,Input,Amount,75707
2026-09,Budget,6024,D012,Input,Input,Amount,345197
2026-09,Budget,6024,D013,Input,Input,Amount,362456
2026-09,Budget,6024,D014,Input,Input,Amount,429272
2026-09,Budget,6024,D015,Input,Input,Amount,47012
2026-09,Budget,6024,D016,Input,Input,Amount,269772
2026-09,Budget,6024,D017,Input,Input,Amount,67108
2026-09,Budget,6025,D001,Input,Input,Amount,446871
2026-09,Budget,6025,D002,Input,Input,Amount,383107
2026-09,Budget,6025,D003,Input,Input,Amount,527120
2026-09,Budget,6025,D004,Input,Input,Amount,33737
2026-09,Budget,6025,D005,Input,Input,Amount,591752
2026-09,Budget,6025,D006,Input,Input,Amount,133657
2026-09,Budget,6025,D007,Input,Input,Amount,47687
2026-09,Budget,6025,D008,Input,Input,Amount,405393
2026-09,Budget,6025,D009,Input,Input,Amount,227940
2026-09,Budget,6025,D010,Input,Input,Amount,47412
2026-09,Budget,6025,D011,Input,Input,Amount,45741
2026-09,Budget,6025,D012,Input,Input,Amount,84893
2026-09,Budget,6025,D013,Input,Input,Amount,457574
2026-09,Budget,6025,D014,Input,Input,Amount,130340
2026-09,Budget,6025,D015,Input,Input,Amount,156337
2026-09,Budget,6025,D016,Input,Input,Amount,207159
2026-09,Budget,6025,D017,Input,Input,Amount,458993
2026-09,Budget,6026,D001,Input,Input,Amount,119720
2026-09,Budget,6026,D002,Input,Input,Amount,417503
2026-09,Budget,6026,D003,Input,Input,Amount,605387
2026-09,Budget,6026,D004,Input,Input,Amount,227591
2026-09,Budget,6026,D005,Input,Input,Amount,440659
2026-09,Budget,6026,D006,Input,Input,Amount,489643
2026-09,Budget,6026,D007,Input,Input,Amount,266682
2026-09,Budget,6026,D008,Input,Input,Amount,407548
2026-09,Budget,6026,D009,Input,Input,Amount,360524
2026-09,Budget,6026,D010,Input,Input,Amount,407232
2026-09,Budget,6026,D011,Input,Input,Amount,494935
2026-09,Budget,6026,D012,Input,Input,Amount,53396
2026-09,Budget,6026,D013,Input,Input,Amount,299169
2026-09,Budget,6026,D014,Input,Input,Amount,307816
2026-09,Budget,6026,D015,Input,Input,Amount,321852
2026-09,Budget,6026,D016,Input,Input,Amount,590816
2026-09,Budget,6026,D017,Input,Input,Amount,195014
2026-10,Budget,4001,D001,Input,Input,Amount,591526
2026-10,Budget,4001,D002,Input,Input,Amount,623750
2026-10,Budget,4001,D003,Input,Input,Amount,615905
2026-10,Budget,4001,D004,Input,Input,Amount,614163
2026-10,Budget,4001,D005,Input,Input,Amount,602010
2026-10,Budget,4001,D006,Input,Input,Amount,594021
2026-10,Budget,4001,D007,Input,Input,Amount,605524
2026-10,Budget,4001,D008,Input,Input,Amount,605558
2026-10,Budget,4001,D009,Input,Input,Amount,608562
2026-10,Budget,4001,D010,Input,Input,Amount,588364
2026-10,Budget,4001,D011,Input,Input,Amount,552252
2026-10,Budget,4001,D012,Input,Input,Amount,402710
2026-10,Budget,4001,D013,Input,Input,Amount,260156
2026-10,Budget,4001,D014,Input,Input,Amount,135688
2026-10,Budget,4001,D015,Input,Input,Amount,463819
2026-10,Budget,4001,D016,Input,Input,Amount,321990
2026-10,Budget,4001,D017,Input,Input,Amount,170265
2026-10,Budget,4002,D001,Input,Input,Amount,625607
2026-10,Budget,4002,D002,Input,Input,Amount,614808
2026-10,Budget,4002,D003,Input,Input,Amount,609223
2026-10,Budget,4002,D004,Input,Input,Amount,611758
2026-10,Budget,4002,D005,Input,Input,Amount,600952
2026-10,Budget,4002,D006,Input,Input,Amount,584209
2026-10,Budget,4002,D007,Input,Input,Amount,618278
2026-10,Budget,4002,D008,Input,Input,Amount,607460
2026-10,Budget,4002,D009,Input,Input,Amount,611827
2026-10,Budget,4002,D010,Input,Input,Amount,620780
2026-10,Budget,4002,D011,Input,Input,Amount,63020
2026-10,Budget,4002,D012,Input,Input,Amount,453987
2026-10,Budget,4002,D013,Input,Input,Amount,362588
2026-10,Budget,4002,D014,Input,Input,Amount,448751
2026-10,Budget,4002,D015,Input,Input,Amount,362291
2026-10,Budget,4002,D016,Input,Input,Amount,394476
2026-10,Budget,4002,D017,Input,Input,Amount,248372
2026-10,Budget,4003,D001,Input,Input,Amount,613944
2026-10,Budget,4003,D002,Input,Input,Amount,616629
2026-10,Budget,4003,D003,Input,Input,Amount,590430
2026-10,Budget,4003,D004,Input,Input,Amount,621074
2026-10,Budget,4003,D005,Input,Input,Amount,615399
2026-10,Budget,4003,D006,Input,Input,Amount,607188
2026-10,Budget,4003,D007,Input,Input,Amount,625581
2026-10,Budget,4003,D008,Input,Input,Amount,615272
2026-10,Budget,4003,D009,Input,Input,Amount,581902
2026-10,Budget,4003,D010,Input,Input,Amount,615004
2026-10,Budget,4003,D011,Input,Input,Amount,57609
2026-10,Budget,4003,D012,Input,Input,Amount,594222
2026-10,Budget,4003,D013,Input,Input,Amount,435568
2026-10,Budget,4003,D014,Input,Input,Amount,150564
2026-10,Budget,4003,D015,Input,Input,Amount,462244
2026-10,Budget,4003,D016,Input,Input,Amount,119071
2026-10,Budget,4003,D017,Input,Input,Amount,358539
2026-10,Budget,4004,D001,Input,Input,Amount,136993
2026-10,Budget,4004,D002,Input,Input,Amount,278186
2026-10,Budget,4004,D003,Input,Input,Amount,607896
2026-10,Budget,4004,D004,Input,Input,Amount,73226
2026-10,Budget,4004,D005,Input,Input,Amount,336266
2026-10,Budget,4004,D006,Input,Input,Amount,223478
2026-10,Budget,4004,D007,Input,Input,Amount,113877
2026-10,Budget,4004,D008,Input,Input,Amount,269401
2026-10,Budget,4004,D009,Input,Input,Amount,536964
2026-10,Budget,4004,D010,Input,Input,Amount,454529
2026-10,Budget,4004,D011,Input,Input,Amount,619419
2026-10,Budget,4004,D012,Input,Input,Amount,295771
2026-10,Budget,4004,D013,Input,Input,Amount,463665
2026-10,Budget,4004,D014,Input,Input,Amount,74923
2026-10,Budget,4004,D015,Input,Input,Amount,471459
2026-10,Budget,4004,D016,Input,Input,Amount,479715
2026-10,Budget,4004,D017,Input,Input,Amount,60405
2026-10,Budget,4005,D001,Input,Input,Amount,140944
2026-10,Budget,4005,D002,Input,Input,Amount,375336
2026-10,Budget,4005,D003,Input,Input,Amount,180327
2026-10,Budget,4005,D004,Input,Input,Amount,601006
2026-10,Budget,4005,D005,Input,Input,Amount,406201
2026-10,Budget,4005,D006,Input,Input,Amount,289417
2026-10,Budget,4005,D007,Input,Input,Amount,615595
2026-10,Budget,4005,D008,Input,Input,Amount,269092
2026-10,Budget,4005,D009,Input,Input,Amount,152825
2026-10,Budget,4005,D010,Input,Input,Amount,202599
2026-10,Budget,4005,D011,Input,Input,Amount,83508
2026-10,Budget,4005,D012,Input,Input,Amount,570724
2026-10,Budget,4005,D013,Input,Input,Amount,32827
2026-10,Budget,4005,D014,Input,Input,Amount,598127
2026-10,Budget,4005,D015,Input,Input,Amount,130836
2026-10,Budget,4005,D016,Input,Input,Amount,473004
2026-10,Budget,4005,D017,Input,Input,Amount,109664
2026-10,Budget,5001,D001,Input,Input,Amount,360444
2026-10,Budget,5001,D002,Input,Input,Amount,369023
2026-10,Budget,5001,D003,Input,Input,Amount,378736
2026-10,Budget,5001,D004,Input,Input,Amount,345679
2026-10,Budget,5001,D005,Input,Input,Amount,335280
2026-10,Budget,5001,D006,Input,Input,Amount,356712
2026-10,Budget,5001,D007,Input,Input,Amount,331280
2026-10,Budget,5001,D008,Input,Input,Amount,378989
2026-10,Budget,5001,D009,Input,Input,Amount,355484
2026-10,Budget,5001,D010,Input,Input,Amount,331767
2026-10,Budget,5001,D011,Input,Input,Amount,342721
2026-10,Budget,5001,D012,Input,Input,Amount,303916
2026-10,Budget,5001,D013,Input,Input,Amount,268329
2026-10,Budget,5001,D014,Input,Input,Amount,194254
2026-10,Budget,5001,D015,Input,Input,Amount,286792
2026-10,Budget,5001,D016,Input,Input,Amount,279657
2026-10,Budget,5001,D017,Input,Input,Amount,381925
2026-10,Budget,5002,D001,Input,Input,Amount,333291
2026-10,Budget,5002,D002,Input,Input,Amount,350794
2026-10,Budget,5002,D003,Input,Input,Amount,361108
2026-10,Budget,5002,D004,Input,Input,Amount,347996
2026-10,Budget,5002,D005,Input,Input,Amount,339068
2026-10,Budget,5002,D006,Input,Input,Amount,351684
2026-10,Budget,5002,D007,Input,Input,Amount,367728
2026-10,Budget,5002,D008,Input,Input,Amount,378144
2026-10,Budget,5002,D009,Input,Input,Amount,352028
2026-10,Budget,5002,D010,Input,Input,Amount,355822
2026-10,Budget,5002,D011,Input,Input,Amount,501392
2026-10,Budget,5002,D012,Input,Input,Amount,348143
2026-10,Budget,5002,D013,Input,Input,Amount,565470
2026-10,Budget,5002,D014,Input,Input,Amount,302388
2026-10,Budget,5002,D015,Input,Input,Amount,352958
2026-10,Budget,5002,D016,Input,Input,Amount,405970
2026-10,Budget,5002,D017,Input,Input,Amount,529069
2026-10,Budget,5003,D001,Input,Input,Amount,366530
2026-10,Budget,5003,D002,Input,Input,Amount,379496
2026-10,Budget,5003,D003,Input,Input,Amount,359495
2026-10,Budget,5003,D004,Input,Input,Amount,358827
2026-10,Budget,5003,D005,Input,Input,Amount,339884
2026-10,Budget,5003,D006,Input,Input,Amount,365560
2026-10,Budget,5003,D007,Input,Input,Amount,354928
2026-10,Budget,5003,D008,Input,Input,Amount,365791
2026-10,Budget,5003,D009,Input,Input,Amount,373835
2026-10,Budget,5003,D010,Input,Input,Amount,368790
2026-10,Budget,5003,D011,Input,Input,Amount,104717
2026-10,Budget,5003,D012,Input,Input,Amount,321031
2026-10,Budget,5003,D013,Input,Input,Amount,227954
2026-10,Budget,5003,D014,Input,Input,Amount,412660
2026-10,Budget,5003,D015,Input,Input,Amount,473358
2026-10,Budget,5003,D016,Input,Input,Amount,344066
2026-10,Budget,5003,D017,Input,Input,Amount,446398
2026-10,Budget,6001,D001,Input,Input,Amount,81331
2026-10,Budget,6001,D002,Input,Input,Amount,94004
2026-10,Budget,6001,D003,Input,Input,Amount,81986
2026-10,Budget,6001,D004,Input,Input,Amount,70077
2026-10,Budget,6001,D005,Input,Input,Amount,80155
2026-10,Budget,6001,D006,Input,Input,Amount,95534
2026-10,Budget,6001,D007,Input,Input,Amount,96259
2026-10,Budget,6001,D008,Input,Input,Amount,104534
2026-10,Budget,6001,D009,Input,Input,Amount,109508
2026-10,Budget,6001,D010,Input,Input,Amount,101987
2026-10,Budget,6001,D011,Input,Input,Amount,331545
2026-10,Budget,6001,D012,Input,Input,Amount,454439
2026-10,Budget,6001,D013,Input,Input,Amount,49889
2026-10,Budget,6001,D014,Input,Input,Amount,384676
2026-10,Budget,6001,D015,Input,Input,Amount,339230
2026-10,Budget,6001,D016,Input,Input,Amount,609279
2026-10,Budget,6001,D017,Input,Input,Amount,364245
2026-10,Budget,6002,D001,Input,Input,Amount,72953
2026-10,Budget,6002,D002,Input,Input,Amount,105150
2026-10,Budget,6002,D003,Input,Input,Amount,114268
2026-10,Budget,6002,D004,Input,Input,Amount,111762
2026-10,Budget,6002,D005,Input,Input,Amount,90102
2026-10,Budget,6002,D006,Input,Input,Amount,92248
2026-10,Budget,6002,D007,Input,Input,Amount,65386
2026-10,Budget,6002,D008,Input,Input,Amount,79453
2026-10,Budget,6002,D009,Input,Input,Amount,91497
2026-10,Budget,6002,D010,Input,Input,Amount,108450
2026-10,Budget,6002,D011,Input,Input,Amount,546500
2026-10,Budget,6002,D012,Input,Input,Amount,213796
2026-10,Budget,6002,D013,Input,Input,Amount,613376
2026-10,Budget,6002,D014,Input,Input,Amount,552521
2026-10,Budget,6002,D015,Input,Input,Amount,104070
2026-10,Budget,6002,D016,Input,Input,Amount,425743
2026-10,Budget,6002,D017,Input,Input,Amount,405006
2026-10,Budget,6003,D001,Input,Input,Amount,94914
2026-10,Budget,6003,D002,Input,Input,Amount,112138
2026-10,Budget,6003,D003,Input,Input,Amount,81203
2026-10,Budget,6003,D004,Input,Input,Amount,83725
2026-10,Budget,6003,D005,Input,Input,Amount,110478
2026-10,Budget,6003,D006,Input,Input,Amount,69080
2026-10,Budget,6003,D007,Input,Input,Amount,88052
2026-10,Budget,6003,D008,Input,Input,Amount,96996
2026-10,Budget,6003,D009,Input,Input,Amount,112459
2026-10,Budget,6003,D010,Input,Input,Amount,66776
2026-10,Budget,6003,D011,Input,Input,Amount,396731
2026-10,Budget,6003,D012,Input,Input,Amount,540698
2026-10,Budget,6003,D013,Input,Input,Amount,243582
2026-10,Budget,6003,D014,Input,Input,Amount,193040
2026-10,Budget,6003,D015,Input,Input,Amount,280850
2026-10,Budget,6003,D016,Input,Input,Amount,382765
2026-10,Budget,6003,D017,Input,Input,Amount,82748
2026-10,Budget,6004,D001,Input,Input,Amount,73738
2026-10,Budget,6004,D002,Input,Input,Amount,98081
2026-10,Budget,6004,D003,Input,Input,Amount,106789
2026-10,Budget,6004,D004,Input,Input,Amount,80367
2026-10,Budget,6004,D005,Input,Input,Amount,75014
2026-10,Budget,6004,D006,Input,Input,Amount,78555
2026-10,Budget,6004,D007,Input,Input,Amount,84569
2026-10,Budget,6004,D008,Input,Input,Amount,79380
2026-10,Budget,6004,D009,Input,Input,Amount,75816
2026-10,Budget,6004,D010,Input,Input,Amount,70501
2026-10,Budget,6004,D011,Input,Input,Amount,270874
2026-10,Budget,6004,D012,Input,Input,Amount,181762
2026-10,Budget,6004,D013,Input,Input,Amount,137458
2026-10,Budget,6004,D014,Input,Input,Amount,467722
2026-10,Budget,6004,D015,Input,Input,Amount,119275
2026-10,Budget,6004,D016,Input,Input,Amount,539062
2026-10,Budget,6004,D017,Input,Input,Amount,212348
2026-10,Budget,6005,D001,Input,Input,Amount,95450
2026-10,Budget,6005,D002,Input,Input,Amount,92966
2026-10,Budget,6005,D003,Input,Input,Amount,83173
2026-10,Budget,6005,D004,Input,Input,Amount,82807
2026-10,Budget,6005,D005,Input,Input,Amount,111295
2026-10,Budget,6005,D006,Input,Input,Amount,92534
2026-10,Budget,6005,D007,Input,Input,Amount,114379
2026-10,Budget,6005,D008,Input,Input,Amount,82887
2026-10,Budget,6005,D009,Input,Input,Amount,95630
2026-10,Budget,6005,D010,Input,Input,Amount,107123
2026-10,Budget,6005,D011,Input,Input,Amount,571700
2026-10,Budget,6005,D012,Input,Input,Amount,320868
2026-10,Budget,6005,D013,Input,Input,Amount,46058
2026-10,Budget,6005,D014,Input,Input,Amount,563064
2026-10,Budget,6005,D015,Input,Input,Amount,536711
2026-10,Budget,6005,D016,Input,Input,Amount,192499
2026-10,Budget,6005,D017,Input,Input,Amount,460115
2026-10,Budget,6006,D001,Input,Input,Amount,503755
2026-10,Budget,6006,D002,Input,Input,Amount,358420
2026-10,Budget,6006,D003,Input,Input,Amount,518387
2026-10,Budget,6006,D004,Input,Input,Amount,159239
2026-10,Budget,6006,D005,Input,Input,Amount,469706
2026-10,Budget,6006,D006,Input,Input,Amount,340032
2026-10,Budget,6006,D007,Input,Input,Amount,147679
2026-10,Budget,6006,D008,Input,Input,Amount,279319
2026-10,Budget,6006,D009,Input,Input,Amount,486254
2026-10,Budget,6006,D010,Input,Input,Amount,226925
2026-10,Budget,6006,D011,Input,Input,Amount,438477
2026-10,Budget,6006,D012,Input,Input,Amount,588666
2026-10,Budget,6006,D013,Input,Input,Amount,54753
2026-10,Budget,6006,D014,Input,Input,Amount,120428
2026-10,Budget,6006,D015,Input,Input,Amount,602849
2026-10,Budget,6006,D016,Input,Input,Amount,592737
2026-10,Budget,6006,D017,Input,Input,Amount,345108
2026-10,Budget,6007,D001,Input,Input,Amount,340660
2026-10,Budget,6007,D002,Input,Input,Amount,595532
2026-10,Budget,6007,D003,Input,Input,Amount,156523
2026-10,Budget,6007,D004,Input,Input,Amount,165295
2026-10,Budget,6007,D005,Input,Input,Amount,453891
2026-10,Budget,6007,D006,Input,Input,Amount,433296
2026-10,Budget,6007,D007,Input,Input,Amount,46519
2026-10,Budget,6007,D008,Input,Input,Amount,586917
2026-10,Budget,6007,D009,Input,Input,Amount,450023
2026-10,Budget,6007,D010,Input,Input,Amount,217946
2026-10,Budget,6007,D011,Input,Input,Amount,534210
2026-10,Budget,6007,D012,Input,Input,Amount,115935
2026-10,Budget,6007,D013,Input,Input,Amount,448392
2026-10,Budget,6007,D014,Input,Input,Amount,291675
2026-10,Budget,6007,D015,Input,Input,Amount,626047
2026-10,Budget,6007,D016,Input,Input,Amount,377252
2026-10,Budget,6007,D017,Input,Input,Amount,261602
2026-10,Budget,6008,D001,Input,Input,Amount,364409
2026-10,Budget,6008,D002,Input,Input,Amount,550942
2026-10,Budget,6008,D003,Input,Input,Amount,281860
2026-10,Budget,6008,D004,Input,Input,Amount,271932
2026-10,Budget,6008,D005,Input,Input,Amount,203800
2026-10,Budget,6008,D006,Input,Input,Amount,464884
2026-10,Budget,6008,D007,Input,Input,Amount,511570
2026-10,Budget,6008,D008,Input,Input,Amount,205164
2026-10,Budget,6008,D009,Input,Input,Amount,408367
2026-10,Budget,6008,D010,Input,Input,Amount,54144
2026-10,Budget,6008,D011,Input,Input,Amount,423780
2026-10,Budget,6008,D012,Input,Input,Amount,49794
2026-10,Budget,6008,D013,Input,Input,Amount,402774
2026-10,Budget,6008,D014,Input,Input,Amount,199286
2026-10,Budget,6008,D015,Input,Input,Amount,312470
2026-10,Budget,6008,D016,Input,Input,Amount,223991
2026-10,Budget,6008,D017,Input,Input,Amount,224815
2026-10,Budget,6009,D001,Input,Input,Amount,202023
2026-10,Budget,6009,D002,Input,Input,Amount,601115
2026-10,Budget,6009,D003,Input,Input,Amount,571885
2026-10,Budget,6009,D004,Input,Input,Amount,617934
2026-10,Budget,6009,D005,Input,Input,Amount,415771
2026-10,Budget,6009,D006,Input,Input,Amount,371634
2026-10,Budget,6009,D007,Input,Input,Amount,593064
2026-10,Budget,6009,D008,Input,Input,Amount,479328
2026-10,Budget,6009,D009,Input,Input,Amount,513324
2026-10,Budget,6009,D010,Input,Input,Amount,574005
2026-10,Budget,6009,D011,Input,Input,Amount,44304
2026-10,Budget,6009,D012,Input,Input,Amount,421305
2026-10,Budget,6009,D013,Input,Input,Amount,531178
2026-10,Budget,6009,D014,Input,Input,Amount,341308
2026-10,Budget,6009,D015,Input,Input,Amount,537669
2026-10,Budget,6009,D016,Input,Input,Amount,337324
2026-10,Budget,6009,D017,Input,Input,Amount,268772
2026-10,Budget,6010,D001,Input,Input,Amount,442403
2026-10,Budget,6010,D002,Input,Input,Amount,236086
2026-10,Budget,6010,D003,Input,Input,Amount,537835
2026-10,Budget,6010,D004,Input,Input,Amount,228949
2026-10,Budget,6010,D005,Input,Input,Amount,599566
2026-10,Budget,6010,D006,Input,Input,Amount,382363
2026-10,Budget,6010,D007,Input,Input,Amount,418985
2026-10,Budget,6010,D008,Input,Input,Amount,352072
2026-10,Budget,6010,D009,Input,Input,Amount,337140
2026-10,Budget,6010,D010,Input,Input,Amount,123015
2026-10,Budget,6010,D011,Input,Input,Amount,133277
2026-10,Budget,6010,D012,Input,Input,Amount,338057
2026-10,Budget,6010,D013,Input,Input,Amount,318156
2026-10,Budget,6010,D014,Input,Input,Amount,466762
2026-10,Budget,6010,D015,Input,Input,Amount,537509
2026-10,Budget,6010,D016,Input,Input,Amount,629976
2026-10,Budget,6010,D017,Input,Input,Amount,534095
2026-10,Budget,6011,D001,Input,Input,Amount,102373
2026-10,Budget,6011,D002,Input,Input,Amount,43036
2026-10,Budget,6011,D003,Input,Input,Amount,550713
2026-10,Budget,6011,D004,Input,Input,Amount,324508
2026-10,Budget,6011,D005,Input,Input,Amount,286427
2026-10,Budget,6011,D006,Input,Input,Amount,298828
2026-10,Budget,6011,D007,Input,Input,Amount,552092
2026-10,Budget,6011,D008,Input,Input,Amount,74159
2026-10,Budget,6011,D009,Input,Input,Amount,541165
2026-10,Budget,6011,D010,Input,Input,Amount,200380
2026-10,Budget,6011,D011,Input,Input,Amount,88478
2026-10,Budget,6011,D012,Input,Input,Amount,182700
2026-10,Budget,6011,D013,Input,Input,Amount,436831
2026-10,Budget,6011,D014,Input,Input,Amount,68690
2026-10,Budget,6011,D015,Input,Input,Amount,52497
2026-10,Budget,6011,D016,Input,Input,Amount,338806
2026-10,Budget,6011,D017,Input,Input,Amount,573302
2026-10,Budget,6012,D001,Input,Input,Amount,299687
2026-10,Budget,6012,D002,Input,Input,Amount,110419
2026-10,Budget,6012,D003,Input,Input,Amount,329665
2026-10,Budget,6012,D004,Input,Input,Amount,569447
2026-10,Budget,6012,D005,Input,Input,Amount,587633
2026-10,Budget,6012,D006,Input,Input,Amount,95809
2026-10,Budget,6012,D007,Input,Input,Amount,621904
2026-10,Budget,6012,D008,Input,Input,Amount,320006
2026-10,Budget,6012,D009,Input,Input,Amount,258273
2026-10,Budget,6012,D010,Input,Input,Amount,59852
2026-10,Budget,6012,D011,Input,Input,Amount,598673
2026-10,Budget,6012,D012,Input,Input,Amount,406395
2026-10,Budget,6012,D013,Input,Input,Amount,493071
2026-10,Budget,6012,D014,Input,Input,Amount,459290
2026-10,Budget,6012,D015,Input,Input,Amount,92746
2026-10,Budget,6012,D016,Input,Input,Amount,207828
2026-10,Budget,6012,D017,Input,Input,Amount,130837
2026-10,Budget,6013,D001,Input,Input,Amount,191553
2026-10,Budget,6013,D002,Input,Input,Amount,378257
2026-10,Budget,6013,D003,Input,Input,Amount,132290
2026-10,Budget,6013,D004,Input,Input,Amount,525048
2026-10,Budget,6013,D005,Input,Input,Amount,411282
2026-10,Budget,6013,D006,Input,Input,Amount,406236
2026-10,Budget,6013,D007,Input,Input,Amount,472009
2026-10,Budget,6013,D008,Input,Input,Amount,202726
2026-10,Budget,6013,D009,Input,Input,Amount,123704
2026-10,Budget,6013,D010,Input,Input,Amount,402394
2026-10,Budget,6013,D011,Input,Input,Amount,100058
2026-10,Budget,6013,D012,Input,Input,Amount,460760
2026-10,Budget,6013,D013,Input,Input,Amount,625026
2026-10,Budget,6013,D014,Input,Input,Amount,245687
2026-10,Budget,6013,D015,Input,Input,Amount,424895
2026-10,Budget,6013,D016,Input,Input,Amount,463443
2026-10,Budget,6013,D017,Input,Input,Amount,566141
2026-10,Budget,6014,D001,Input,Input,Amount,430400
2026-10,Budget,6014,D002,Input,Input,Amount,82723
2026-10,Budget,6014,D003,Input,Input,Amount,267970
2026-10,Budget,6014,D004,Input,Input,Amount,334002
2026-10,Budget,6014,D005,Input,Input,Amount,202723
2026-10,Budget,6014,D006,Input,Input,Amount,40243
2026-10,Budget,6014,D007,Input,Input,Amount,353443
2026-10,Budget,6014,D008,Input,Input,Amount,459298
2026-10,Budget,6014,D009,Input,Input,Amount,237820
2026-10,Budget,6014,D010,Input,Input,Amount,159957
2026-10,Budget,6014,D011,Input,Input,Amount,123023
2026-10,Budget,6014,D012,Input,Input,Amount,193581
2026-10,Budget,6014,D013,Input,Input,Amount,68923
2026-10,Budget,6014,D014,Input,Input,Amount,294325
2026-10,Budget,6014,D015,Input,Input,Amount,565697
2026-10,Budget,6014,D016,Input,Input,Amount,215936
2026-10,Budget,6014,D017,Input,Input,Amount,621485
2026-10,Budget,6015,D001,Input,Input,Amount,128714
2026-10,Budget,6015,D002,Input,Input,Amount,221846
2026-10,Budget,6015,D003,Input,Input,Amount,256928
2026-10,Budget,6015,D004,Input,Input,Amount,389474
2026-10,Budget,6015,D005,Input,Input,Amount,88440
2026-10,Budget,6015,D006,Input,Input,Amount,446726
2026-10,Budget,6015,D007,Input,Input,Amount,36070
2026-10,Budget,6015,D008,Input,Input,Amount,543295
2026-10,Budget,6015,D009,Input,Input,Amount,424982
2026-10,Budget,6015,D010,Input,Input,Amount,41776
2026-10,Budget,6015,D011,Input,Input,Amount,420894
2026-10,Budget,6015,D012,Input,Input,Amount,356705
2026-10,Budget,6015,D013,Input,Input,Amount,595723
2026-10,Budget,6015,D014,Input,Input,Amount,202259
2026-10,Budget,6015,D015,Input,Input,Amount,456413
2026-10,Budget,6015,D016,Input,Input,Amount,536722
2026-10,Budget,6015,D017,Input,Input,Amount,138217
2026-10,Budget,6016,D001,Input,Input,Amount,356136
2026-10,Budget,6016,D002,Input,Input,Amount,44056
2026-10,Budget,6016,D003,Input,Input,Amount,97542
2026-10,Budget,6016,D004,Input,Input,Amount,232038
2026-10,Budget,6016,D005,Input,Input,Amount,170975
2026-10,Budget,6016,D006,Input,Input,Amount,490218
2026-10,Budget,6016,D007,Input,Input,Amount,230328
2026-10,Budget,6016,D008,Input,Input,Amount,576464
2026-10,Budget,6016,D009,Input,Input,Amount,337449
2026-10,Budget,6016,D010,Input,Input,Amount,232688
2026-10,Budget,6016,D011,Input,Input,Amount,523916
2026-10,Budget,6016,D012,Input,Input,Amount,436396
2026-10,Budget,6016,D013,Input,Input,Amount,119374
2026-10,Budget,6016,D014,Input,Input,Amount,58748
2026-10,Budget,6016,D015,Input,Input,Amount,59572
2026-10,Budget,6016,D016,Input,Input,Amount,167204
2026-10,Budget,6016,D017,Input,Input,Amount,75029
2026-10,Budget,6017,D001,Input,Input,Amount,110332
2026-10,Budget,6017,D002,Input,Input,Amount,42578
2026-10,Budget,6017,D003,Input,Input,Amount,139415
2026-10,Budget,6017,D004,Input,Input,Amount,170102
2026-10,Budget,6017,D005,Input,Input,Amount,525883
2026-10,Budget,6017,D006,Input,Input,Amount,144281
2026-10,Budget,6017,D007,Input,Input,Amount,258124
2026-10,Budget,6017,D008,Input,Input,Amount,32807
2026-10,Budget,6017,D009,Input,Input,Amount,400137
2026-10,Budget,6017,D010,Input,Input,Amount,123235
2026-10,Budget,6017,D011,Input,Input,Amount,476708
2026-10,Budget,6017,D012,Input,Input,Amount,437728
2026-10,Budget,6017,D013,Input,Input,Amount,447551
2026-10,Budget,6017,D014,Input,Input,Amount,32007
2026-10,Budget,6017,D015,Input,Input,Amount,390776
2026-10,Budget,6017,D016,Input,Input,Amount,553597
2026-10,Budget,6017,D017,Input,Input,Amount,155286
2026-10,Budget,6018,D001,Input,Input,Amount,358012
2026-10,Budget,6018,D002,Input,Input,Amount,300845
2026-10,Budget,6018,D003,Input,Input,Amount,563515
2026-10,Budget,6018,D004,Input,Input,Amount,366775
2026-10,Budget,6018,D005,Input,Input,Amount,283904
2026-10,Budget,6018,D006,Input,Input,Amount,155438
2026-10,Budget,6018,D007,Input,Input,Amount,126456
2026-10,Budget,6018,D008,Input,Input,Amount,492767
2026-10,Budget,6018,D009,Input,Input,Amount,225436
2026-10,Budget,6018,D010,Input,Input,Amount,401283
2026-10,Budget,6018,D011,Input,Input,Amount,361238
2026-10,Budget,6018,D012,Input,Input,Amount,171431
2026-10,Budget,6018,D013,Input,Input,Amount,148677
2026-10,Budget,6018,D014,Input,Input,Amount,484513
2026-10,Budget,6018,D015,Input,Input,Amount,619209
2026-10,Budget,6018,D016,Input,Input,Amount,286522
2026-10,Budget,6018,D017,Input,Input,Amount,202832
2026-10,Budget,6019,D001,Input,Input,Amount,349377
2026-10,Budget,6019,D002,Input,Input,Amount,134048
2026-10,Budget,6019,D003,Input,Input,Amount,580003
2026-10,Budget,6019,D004,Input,Input,Amount,372566
2026-10,Budget,6019,D005,Input,Input,Amount,165506
2026-10,Budget,6019,D006,Input,Input,Amount,438190
2026-10,Budget,6019,D007,Input,Input,Amount,277488
2026-10,Budget,6019,D008,Input,Input,Amount,395403
2026-10,Budget,6019,D009,Input,Input,Amount,568253
2026-10,Budget,6019,D010,Input,Input,Amount,299960
2026-10,Budget,6019,D011,Input,Input,Amount,158972
2026-10,Budget,6019,D012,Input,Input,Amount,454015
2026-10,Budget,6019,D013,Input,Input,Amount,500545
2026-10,Budget,6019,D014,Input,Input,Amount,627215
2026-10,Budget,6019,D015,Input,Input,Amount,299937
2026-10,Budget,6019,D016,Input,Input,Amount,354634
2026-10,Budget,6019,D017,Input,Input,Amount,126536
2026-10,Budget,6020,D001,Input,Input,Amount,85819
2026-10,Budget,6020,D002,Input,Input,Amount,599016
2026-10,Budget,6020,D003,Input,Input,Amount,430519
2026-10,Budget,6020,D004,Input,Input,Amount,317615
2026-10,Budget,6020,D005,Input,Input,Amount,212938
2026-10,Budget,6020,D006,Input,Input,Amount,422676
2026-10,Budget,6020,D007,Input,Input,Amount,420223
2026-10,Budget,6020,D008,Input,Input,Amount,401767
2026-10,Budget,6020,D009,Input,Input,Amount,438796
2026-10,Budget,6020,D010,Input,Input,Amount,183166
2026-10,Budget,6020,D011,Input,Input,Amount,562266
2026-10,Budget,6020,D012,Input,Input,Amount,500158
2026-10,Budget,6020,D013,Input,Input,Amount,264189
2026-10,Budget,6020,D014,Input,Input,Amount,338572
2026-10,Budget,6020,D015,Input,Input,Amount,213947
2026-10,Budget,6020,D016,Input,Input,Amount,484880
2026-10,Budget,6020,D017,Input,Input,Amount,214085
2026-10,Budget,6021,D001,Input,Input,Amount,187518
2026-10,Budget,6021,D002,Input,Input,Amount,561237
2026-10,Budget,6021,D003,Input,Input,Amount,498952
2026-10,Budget,6021,D004,Input,Input,Amount,50588
2026-10,Budget,6021,D005,Input,Input,Amount,202860
2026-10,Budget,6021,D006,Input,Input,Amount,205953
2026-10,Budget,6021,D007,Input,Input,Amount,134927
2026-10,Budget,6021,D008,Input,Input,Amount,373973
2026-10,Budget,6021,D009,Input,Input,Amount,400448
2026-10,Budget,6021,D010,Input,Input,Amount,408821
2026-10,Budget,6021,D011,Input,Input,Amount,281858
2026-10,Budget,6021,D012,Input,Input,Amount,618743
2026-10,Budget,6021,D013,Input,Input,Amount,623402
2026-10,Budget,6021,D014,Input,Input,Amount,338954
2026-10,Budget,6021,D015,Input,Input,Amount,147202
2026-10,Budget,6021,D016,Input,Input,Amount,170064
2026-10,Budget,6021,D017,Input,Input,Amount,30622
2026-10,Budget,6022,D001,Input,Input,Amount,295027
2026-10,Budget,6022,D002,Input,Input,Amount,407810
2026-10,Budget,6022,D003,Input,Input,Amount,550430
2026-10,Budget,6022,D004,Input,Input,Amount,401902
2026-10,Budget,6022,D005,Input,Input,Amount,264212
2026-10,Budget,6022,D006,Input,Input,Amount,362724
2026-10,Budget,6022,D007,Input,Input,Amount,530466
2026-10,Budget,6022,D008,Input,Input,Amount,571452
2026-10,Budget,6022,D009,Input,Input,Amount,102009
2026-10,Budget,6022,D010,Input,Input,Amount,554725
2026-10,Budget,6022,D011,Input,Input,Amount,605666
2026-10,Budget,6022,D012,Input,Input,Amount,501596
2026-10,Budget,6022,D013,Input,Input,Amount,150630
2026-10,Budget,6022,D014,Input,Input,Amount,408941
2026-10,Budget,6022,D015,Input,Input,Amount,606736
2026-10,Budget,6022,D016,Input,Input,Amount,279425
2026-10,Budget,6022,D017,Input,Input,Amount,171915
2026-10,Budget,6023,D001,Input,Input,Amount,235663
2026-10,Budget,6023,D002,Input,Input,Amount,96329
2026-10,Budget,6023,D003,Input,Input,Amount,150938
2026-10,Budget,6023,D004,Input,Input,Amount,232495
2026-10,Budget,6023,D005,Input,Input,Amount,497144
2026-10,Budget,6023,D006,Input,Input,Amount,613963
2026-10,Budget,6023,D007,Input,Input,Amount,37371
2026-10,Budget,6023,D008,Input,Input,Amount,522262
2026-10,Budget,6023,D009,Input,Input,Amount,33419
2026-10,Budget,6023,D010,Input,Input,Amount,323395
2026-10,Budget,6023,D011,Input,Input,Amount,353614
2026-10,Budget,6023,D012,Input,Input,Amount,297714
2026-10,Budget,6023,D013,Input,Input,Amount,407203
2026-10,Budget,6023,D014,Input,Input,Amount,411413
2026-10,Budget,6023,D015,Input,Input,Amount,556682
2026-10,Budget,6023,D016,Input,Input,Amount,160767
2026-10,Budget,6023,D017,Input,Input,Amount,142920
2026-10,Budget,6024,D001,Input,Input,Amount,370161
2026-10,Budget,6024,D002,Input,Input,Amount,429401
2026-10,Budget,6024,D003,Input,Input,Amount,89649
2026-10,Budget,6024,D004,Input,Input,Amount,239859
2026-10,Budget,6024,D005,Input,Input,Amount,564378
2026-10,Budget,6024,D006,Input,Input,Amount,614425
2026-10,Budget,6024,D007,Input,Input,Amount,544630
2026-10,Budget,6024,D008,Input,Input,Amount,355962
2026-10,Budget,6024,D009,Input,Input,Amount,209701
2026-10,Budget,6024,D010,Input,Input,Amount,433640
2026-10,Budget,6024,D011,Input,Input,Amount,217991
2026-10,Budget,6024,D012,Input,Input,Amount,72905
2026-10,Budget,6024,D013,Input,Input,Amount,395204
2026-10,Budget,6024,D014,Input,Input,Amount,520000
2026-10,Budget,6024,D015,Input,Input,Amount,363567
2026-10,Budget,6024,D016,Input,Input,Amount,274215
2026-10,Budget,6024,D017,Input,Input,Amount,118954
2026-10,Budget,6025,D001,Input,Input,Amount,434002
2026-10,Budget,6025,D002,Input,Input,Amount,188838
2026-10,Budget,6025,D003,Input,Input,Amount,288445
2026-10,Budget,6025,D004,Input,Input,Amount,333401
2026-10,Budget,6025,D005,Input,Input,Amount,395496
2026-10,Budget,6025,D006,Input,Input,Amount,221964
2026-10,Budget,6025,D007,Input,Input,Amount,112696
2026-10,Budget,6025,D008,Input,Input,Amount,476240
2026-10,Budget,6025,D009,Input,Input,Amount,408677
2026-10,Budget,6025,D010,Input,Input,Amount,109963
2026-10,Budget,6025,D011,Input,Input,Amount,349787
2026-10,Budget,6025,D012,Input,Input,Amount,154687
2026-10,Budget,6025,D013,Input,Input,Amount,611512
2026-10,Budget,6025,D014,Input,Input,Amount,611570
2026-10,Budget,6025,D015,Input,Input,Amount,297628
2026-10,Budget,6025,D016,Input,Input,Amount,306731
2026-10,Budget,6025,D017,Input,Input,Amount,115128
2026-10,Budget,6026,D001,Input,Input,Amount,314622
2026-10,Budget,6026,D002,Input,Input,Amount,433205
2026-10,Budget,6026,D003,Input,Input,Amount,460606
2026-10,Budget,6026,D004,Input,Input,Amount,343673
2026-10,Budget,6026,D005,Input,Input,Amount,62549
2026-10,Budget,6026,D006,Input,Input,Amount,539413
2026-10,Budget,6026,D007,Input,Input,Amount,412734
2026-10,Budget,6026,D008,Input,Input,Amount,554205
2026-10,Budget,6026,D009,Input,Input,Amount,103989
2026-10,Budget,6026,D010,Input,Input,Amount,511983
2026-10,Budget,6026,D011,Input,Input,Amount,390281
2026-10,Budget,6026,D012,Input,Input,Amount,583921
2026-10,Budget,6026,D013,Input,Input,Amount,121524
2026-10,Budget,6026,D014,Input,Input,Amount,450434
2026-10,Budget,6026,D015,Input,Input,Amount,113428
2026-10,Budget,6026,D016,Input,Input,Amount,51527
2026-10,Budget,6026,D017,Input,Input,Amount,342576
2026-11,Budget,4001,D001,Input,Input,Amount,608089
2026-11,Budget,4001,D002,Input,Input,Amount,602118
2026-11,Budget,4001,D003,Input,Input,Amount,615351
2026-11,Budget,4001,D004,Input,Input,Amount,593065
2026-11,Budget,4001,D005,Input,Input,Amount,610476
2026-11,Budget,4001,D006,Input,Input,Amount,600384
2026-11,Budget,4001,D007,Input,Input,Amount,584980
2026-11,Budget,4001,D008,Input,Input,Amount,617088
2026-11,Budget,4001,D009,Input,Input,Amount,580829
2026-11,Budget,4001,D010,Input,Input,Amount,591543
2026-11,Budget,4001,D011,Input,Input,Amount,289820
2026-11,Budget,4001,D012,Input,Input,Amount,281809
2026-11,Budget,4001,D013,Input,Input,Amount,58035
2026-11,Budget,4001,D014,Input,Input,Amount,35463
2026-11,Budget,4001,D015,Input,Input,Amount,508349
2026-11,Budget,4001,D016,Input,Input,Amount,551400
2026-11,Budget,4001,D017,Input,Input,Amount,126032
2026-11,Budget,4002,D001,Input,Input,Amount,588893
2026-11,Budget,4002,D002,Input,Input,Amount,629887
2026-11,Budget,4002,D003,Input,Input,Amount,583413
2026-11,Budget,4002,D004,Input,Input,Amount,581335
2026-11,Budget,4002,D005,Input,Input,Amount,625840
2026-11,Budget,4002,D006,Input,Input,Amount,587084
2026-11,Budget,4002,D007,Input,Input,Amount,618803
2026-11,Budget,4002,D008,Input,Input,Amount,582691
2026-11,Budget,4002,D009,Input,Input,Amount,607528
2026-11,Budget,4002,D010,Input,Input,Amount,628090
2026-11,Budget,4002,D011,Input,Input,Amount,91601
2026-11,Budget,4002,D012,Input,Input,Amount,45982
2026-11,Budget,4002,D013,Input,Input,Amount,129951
2026-11,Budget,4002,D014,Input,Input,Amount,35077
2026-11,Budget,4002,D015,Input,Input,Amount,625347
2026-11,Budget,4002,D016,Input,Input,Amount,392099
2026-11,Budget,4002,D017,Input,Input,Amount,241784
2026-11,Budget,4003,D001,Input,Input,Amount,610257
2026-11,Budget,4003,D002,Input,Input,Amount,604846
2026-11,Budget,4003,D003,Input,Input,Amount,602935
2026-11,Budget,4003,D004,Input,Input,Amount,620719
2026-11,Budget,4003,D005,Input,Input,Amount,596793
2026-11,Budget,4003,D006,Input,Input,Amount,617924
2026-11,Budget,4003,D007,Input,Input,Amount,625260
2026-11,Budget,4003,D008,Input,Input,Amount,602754
2026-11,Budget,4003,D009,Input,Input,Amount,612125
2026-11,Budget,4003,D010,Input,Input,Amount,614193
2026-11,Budget,4003,D011,Input,Input,Amount,481083
2026-11,Budget,4003,D012,Input,Input,Amount,460000
2026-11,Budget,4003,D013,Input,Input,Amount,508133
2026-11,Budget,4003,D014,Input,Input,Amount,466185
2026-11,Budget,4003,D015,Input,Input,Amount,335570
2026-11,Budget,4003,D016,Input,Input,Amount,584061
2026-11,Budget,4003,D017,Input,Input,Amount,216371
2026-11,Budget,4004,D001,Input,Input,Amount,46936
2026-11,Budget,4004,D002,Input,Input,Amount,131002
2026-11,Budget,4004,D003,Input,Input,Amount,518863
2026-11,Budget,4004,D004,Input,Input,Amount,399779
2026-11,Budget,4004,D005,Input,Input,Amount,490456
2026-11,Budget,4004,D006,Input,Input,Amount,170920
2026-11,Budget,4004,D007,Input,Input,Amount,516381
2026-11,Budget,4004,D008,Input,Input,Amount,463156
2026-11,Budget,4004,D009,Input,Input,Amount,577193
2026-11,Budget,4004,D010,Input,Input,Amount,465037
2026-11,Budget,4004,D011,Input,Input,Amount,205841
2026-11,Budget,4004,D012,Input,Input,Amount,364698
2026-11,Budget,4004,D013,Input,Input,Amount,507741
2026-11,Budget,4004,D014,Input,Input,Amount,49188
2026-11,Budget,4004,D015,Input,Input,Amount,386486
2026-11,Budget,4004,D016,Input,Input,Amount,111200
2026-11,Budget,4004,D017,Input,Input,Amount,228910
2026-11,Budget,4005,D001,Input,Input,Amount,514996
2026-11,Budget,4005,D002,Input,Input,Amount,356170
2026-11,Budget,4005,D003,Input,Input,Amount,586017
2026-11,Budget,4005,D004,Input,Input,Amount,54618
2026-11,Budget,4005,D005,Input,Input,Amount,547429
2026-11,Budget,4005,D006,Input,Input,Amount,465588
2026-11,Budget,4005,D007,Input,Input,Amount,322560
2026-11,Budget,4005,D008,Input,Input,Amount,193496
2026-11,Budget,4005,D009,Input,Input,Amount,128674
2026-11,Budget,4005,D010,Input,Input,Amount,70574
2026-11,Budget,4005,D011,Input,Input,Amount,447827
2026-11,Budget,4005,D012,Input,Input,Amount,411031
2026-11,Budget,4005,D013,Input,Input,Amount,89253
2026-11,Budget,4005,D014,Input,Input,Amount,177766
2026-11,Budget,4005,D015,Input,Input,Amount,350768
2026-11,Budget,4005,D016,Input,Input,Amount,217946
2026-11,Budget,4005,D017,Input,Input,Amount,549781
2026-11,Budget,5001,D001,Input,Input,Amount,341909
2026-11,Budget,5001,D002,Input,Input,Amount,348235
2026-11,Budget,5001,D003,Input,Input,Amount,344694
2026-11,Budget,5001,D004,Input,Input,Amount,339986
2026-11,Budget,5001,D005,Input,Input,Amount,354175
2026-11,Budget,5001,D006,Input,Input,Amount,331682
2026-11,Budget,5001,D007,Input,Input,Amount,371106
2026-11,Budget,5001,D008,Input,Input,Amount,364913
2026-11,Budget,5001,D009,Input,Input,Amount,336916
2026-11,Budget,5001,D010,Input,Input,Amount,372628
2026-11,Budget,5001,D011,Input,Input,Amount,460111
2026-11,Budget,5001,D012,Input,Input,Amount,140474
2026-11,Budget,5001,D013,Input,Input,Amount,208491
2026-11,Budget,5001,D014,Input,Input,Amount,541426
2026-11,Budget,5001,D015,Input,Input,Amount,356130
2026-11,Budget,5001,D016,Input,Input,Amount,248942
2026-11,Budget,5001,D017,Input,Input,Amount,425538
2026-11,Budget,5002,D001,Input,Input,Amount,333295
2026-11,Budget,5002,D002,Input,Input,Amount,379283
2026-11,Budget,5002,D003,Input,Input,Amount,372607
2026-11,Budget,5002,D004,Input,Input,Amount,345633
2026-11,Budget,5002,D005,Input,Input,Amount,340996
2026-11,Budget,5002,D006,Input,Input,Amount,350444
2026-11,Budget,5002,D007,Input,Input,Amount,345915
2026-11,Budget,5002,D008,Input,Input,Amount,358074
2026-11,Budget,5002,D009,Input,Input,Amount,358411
2026-11,Budget,5002,D010,Input,Input,Amount,347700
2026-11,Budget,5002,D011,Input,Input,Amount,518909
2026-11,Budget,5002,D012,Input,Input,Amount,424232
2026-11,Budget,5002,D013,Input,Input,Amount,313644
2026-11,Budget,5002,D014,Input,Input,Amount,399208
2026-11,Budget,5002,D015,Input,Input,Amount,628666
2026-11,Budget,5002,D016,Input,Input,Amount,565402
2026-11,Budget,5002,D017,Input,Input,Amount,49687
2026-11,Budget,5003,D001,Input,Input,Amount,347049
2026-11,Budget,5003,D002,Input,Input,Amount,357627
2026-11,Budget,5003,D003,Input,Input,Amount,334496
2026-11,Budget,5003,D004,Input,Input,Amount,338272
2026-11,Budget,5003,D005,Input,Input,Amount,369707
2026-11,Budget,5003,D006,Input,Input,Amount,367735
2026-11,Budget,5003,D007,Input,Input,Amount,336678
2026-11,Budget,5003,D008,Input,Input,Amount,373353
2026-11,Budget,5003,D009,Input,Input,Amount,353736
2026-11,Budget,5003,D010,Input,Input,Amount,370364
2026-11,Budget,5003,D011,Input,Input,Amount,137577
2026-11,Budget,5003,D012,Input,Input,Amount,544345
2026-11,Budget,5003,D013,Input,Input,Amount,578666
2026-11,Budget,5003,D014,Input,Input,Amount,603158
2026-11,Budget,5003,D015,Input,Input,Amount,453144
2026-11,Budget,5003,D016,Input,Input,Amount,353828
2026-11,Budget,5003,D017,Input,Input,Amount,182830
2026-11,Budget,6001,D001,Input,Input,Amount,89844
2026-11,Budget,6001,D002,Input,Input,Amount,81532
2026-11,Budget,6001,D003,Input,Input,Amount,107713
2026-11,Budget,6001,D004,Input,Input,Amount,96035
2026-11,Budget,6001,D005,Input,Input,Amount,104796
2026-11,Budget,6001,D006,Input,Input,Amount,109390
2026-11,Budget,6001,D007,Input,Input,Amount,110691
2026-11,Budget,6001,D008,Input,Input,Amount,89285
2026-11,Budget,6001,D009,Input,Input,Amount,106653
2026-11,Budget,6001,D010,Input,Input,Amount,100269
2026-11,Budget,6001,D011,Input,Input,Amount,317378
2026-11,Budget,6001,D012,Input,Input,Amount,232583
2026-11,Budget,6001,D013,Input,Input,Amount,361679
2026-11,Budget,6001,D014,Input,Input,Amount,215852
2026-11,Budget,6001,D015,Input,Input,Amount,475515
2026-11,Budget,6001,D016,Input,Input,Amount,297113
2026-11,Budget,6001,D017,Input,Input,Amount,582065
2026-11,Budget,6002,D001,Input,Input,Amount,86453
2026-11,Budget,6002,D002,Input,Input,Amount,70367
2026-11,Budget,6002,D003,Input,Input,Amount,67638
2026-11,Budget,6002,D004,Input,Input,Amount,108873
2026-11,Budget,6002,D005,Input,Input,Amount,114016
2026-11,Budget,6002,D006,Input,Input,Amount,89596
2026-11,Budget,6002,D007,Input,Input,Amount,84764
2026-11,Budget,6002,D008,Input,Input,Amount,69519
2026-11,Budget,6002,D009,Input,Input,Amount,95129
2026-11,Budget,6002,D010,Input,Input,Amount,96686
2026-11,Budget,6002,D011,Input,Input,Amount,464733
2026-11,Budget,6002,D012,Input,Input,Amount,65417
2026-11,Budget,6002,D013,Input,Input,Amount,98158
2026-11,Budget,6002,D014,Input,Input,Amount,381139
2026-11,Budget,6002,D015,Input,Input,Amount,533207
2026-11,Budget,6002,D016,Input,Input,Amount,90615
2026-11,Budget,6002,D017,Input,Input,Amount,602146
2026-11,Budget,6003,D001,Input,Input,Amount,78871
2026-11,Budget,6003,D002,Input,Input,Amount,95822
2026-11,Budget,6003,D003,Input,Input,Amount,114429
2026-11,Budget,6003,D004,Input,Input,Amount,72496
2026-11,Budget,6003,D005,Input,Input,Amount,112078
2026-11,Budget,6003,D006,Input,Input,Amount,90995
2026-11,Budget,6003,D007,Input,Input,Amount,109843
2026-11,Budget,6003,D008,Input,Input,Amount,98158
2026-11,Budget,6003,D009,Input,Input,Amount,111354
2026-11,Budget,6003,D010,Input,Input,Amount,95465
2026-11,Budget,6003,D011,Input,Input,Amount,619516
2026-11,Budget,6003,D012,Input,Input,Amount,475935
2026-11,Budget,6003,D013,Input,Input,Amount,268178
2026-11,Budget,6003,D014,Input,Input,Amount,77290
2026-11,Budget,6003,D015,Input,Input,Amount,364760
2026-11,Budget,6003,D016,Input,Input,Amount,35443
2026-11,Budget,6003,D017,Input,Input,Amount,388675
2026-11,Budget,6004,D001,Input,Input,Amount,94799
2026-11,Budget,6004,D002,Input,Input,Amount,66270
2026-11,Budget,6004,D003,Input,Input,Amount,67033
2026-11,Budget,6004,D004,Input,Input,Amount,101960
2026-11,Budget,6004,D005,Input,Input,Amount,72506
2026-11,Budget,6004,D006,Input,Input,Amount,111859
2026-11,Budget,6004,D007,Input,Input,Amount,104348
2026-11,Budget,6004,D008,Input,Input,Amount,107437
2026-11,Budget,6004,D009,Input,Input,Amount,75026
2026-11,Budget,6004,D010,Input,Input,Amount,93545
2026-11,Budget,6004,D011,Input,Input,Amount,373610
2026-11,Budget,6004,D012,Input,Input,Amount,420437
2026-11,Budget,6004,D013,Input,Input,Amount,50941
2026-11,Budget,6004,D014,Input,Input,Amount,612147
2026-11,Budget,6004,D015,Input,Input,Amount,53035
2026-11,Budget,6004,D016,Input,Input,Amount,296227
2026-11,Budget,6004,D017,Input,Input,Amount,129154
2026-11,Budget,6005,D001,Input,Input,Amount,86420
2026-11,Budget,6005,D002,Input,Input,Amount,114088
2026-11,Budget,6005,D003,Input,Input,Amount,81205
2026-11,Budget,6005,D004,Input,Input,Amount,79284
2026-11,Budget,6005,D005,Input,Input,Amount,75732
2026-11,Budget,6005,D006,Input,Input,Amount,77997
2026-11,Budget,6005,D007,Input,Input,Amount,72933
2026-11,Budget,6005,D008,Input,Input,Amount,87362
2026-11,Budget,6005,D009,Input,Input,Amount,93540
2026-11,Budget,6005,D010,Input,Input,Amount,112908
2026-11,Budget,6005,D011,Input,Input,Amount,513553
2026-11,Budget,6005,D012,Input,Input,Amount,365125
2026-11,Budget,6005,D013,Input,Input,Amount,207271
2026-11,Budget,6005,D014,Input,Input,Amount,450177
2026-11,Budget,6005,D015,Input,Input,Amount,564025
2026-11,Budget,6005,D016,Input,Input,Amount,225167
2026-11,Budget,6005,D017,Input,Input,Amount,441731
2026-11,Budget,6006,D001,Input,Input,Amount,342908
2026-11,Budget,6006,D002,Input,Input,Amount,72061
2026-11,Budget,6006,D003,Input,Input,Amount,59988
2026-11,Budget,6006,D004,Input,Input,Amount,336287
2026-11,Budget,6006,D005,Input,Input,Amount,336978
2026-11,Budget,6006,D006,Input,Input,Amount,352564
2026-11,Budget,6006,D007,Input,Input,Amount,189909
2026-11,Budget,6006,D008,Input,Input,Amount,552133
2026-11,Budget,6006,D009,Input,Input,Amount,600514
2026-11,Budget,6006,D010,Input,Input,Amount,394216
2026-11,Budget,6006,D011,Input,Input,Amount,425050
2026-11,Budget,6006,D012,Input,Input,Amount,83106
2026-11,Budget,6006,D013,Input,Input,Amount,111694
2026-11,Budget,6006,D014,Input,Input,Amount,621301
2026-11,Budget,6006,D015,Input,Input,Amount,396864
2026-11,Budget,6006,D016,Input,Input,Amount,140784
2026-11,Budget,6006,D017,Input,Input,Amount,598599
2026-11,Budget,6007,D001,Input,Input,Amount,166064
2026-11,Budget,6007,D002,Input,Input,Amount,146854
2026-11,Budget,6007,D003,Input,Input,Amount,566427
2026-11,Budget,6007,D004,Input,Input,Amount,501083
2026-11,Budget,6007,D005,Input,Input,Amount,449392
2026-11,Budget,6007,D006,Input,Input,Amount,269187
2026-11,Budget,6007,D007,Input,Input,Amount,453273
2026-11,Budget,6007,D008,Input,Input,Amount,199195
2026-11,Budget,6007,D009,Input,Input,Amount,259093
2026-11,Budget,6007,D010,Input,Input,Amount,560423
2026-11,Budget,6007,D011,Input,Input,Amount,162110
2026-11,Budget,6007,D012,Input,Input,Amount,164475
2026-11,Budget,6007,D013,Input,Input,Amount,484441
2026-11,Budget,6007,D014,Input,Input,Amount,139241
2026-11,Budget,6007,D015,Input,Input,Amount,535511
2026-11,Budget,6007,D016,Input,Input,Amount,106962
2026-11,Budget,6007,D017,Input,Input,Amount,480355
2026-11,Budget,6008,D001,Input,Input,Amount,320457
2026-11,Budget,6008,D002,Input,Input,Amount,363401
2026-11,Budget,6008,D003,Input,Input,Amount,378138
2026-11,Budget,6008,D004,Input,Input,Amount,584843
2026-11,Budget,6008,D005,Input,Input,Amount,98640
2026-11,Budget,6008,D006,Input,Input,Amount,320312
2026-11,Budget,6008,D007,Input,Input,Amount,381927
2026-11,Budget,6008,D008,Input,Input,Amount,203597
2026-11,Budget,6008,D009,Input,Input,Amount,496632
2026-11,Budget,6008,D010,Input,Input,Amount,249728
2026-11,Budget,6008,D011,Input,Input,Amount,350167
2026-11,Budget,6008,D012,Input,Input,Amount,389701
2026-11,Budget,6008,D013,Input,Input,Amount,450631
2026-11,Budget,6008,D014,Input,Input,Amount,574977
2026-11,Budget,6008,D015,Input,Input,Amount,376702
2026-11,Budget,6008,D016,Input,Input,Amount,565990
2026-11,Budget,6008,D017,Input,Input,Amount,102479
2026-11,Budget,6009,D001,Input,Input,Amount,54246
2026-11,Budget,6009,D002,Input,Input,Amount,68998
2026-11,Budget,6009,D003,Input,Input,Amount,591257
2026-11,Budget,6009,D004,Input,Input,Amount,562826
2026-11,Budget,6009,D005,Input,Input,Amount,484632
2026-11,Budget,6009,D006,Input,Input,Amount,252447
2026-11,Budget,6009,D007,Input,Input,Amount,519995
2026-11,Budget,6009,D008,Input,Input,Amount,203821
2026-11,Budget,6009,D009,Input,Input,Amount,277686
2026-11,Budget,6009,D010,Input,Input,Amount,119811
2026-11,Budget,6009,D011,Input,Input,Amount,463397
2026-11,Budget,6009,D012,Input,Input,Amount,609329
2026-11,Budget,6009,D013,Input,Input,Amount,513015
2026-11,Budget,6009,D014,Input,Input,Amount,217634
2026-11,Budget,6009,D015,Input,Input,Amount,143820
2026-11,Budget,6009,D016,Input,Input,Amount,118815
2026-11,Budget,6009,D017,Input,Input,Amount,146393
2026-11,Budget,6010,D001,Input,Input,Amount,222120
2026-11,Budget,6010,D002,Input,Input,Amount,42032
2026-11,Budget,6010,D003,Input,Input,Amount,136081
2026-11,Budget,6010,D004,Input,Input,Amount,623706
2026-11,Budget,6010,D005,Input,Input,Amount,155907
2026-11,Budget,6010,D006,Input,Input,Amount,540775
2026-11,Budget,6010,D007,Input,Input,Amount,612305
2026-11,Budget,6010,D008,Input,Input,Amount,199677
2026-11,Budget,6010,D009,Input,Input,Amount,152250
2026-11,Budget,6010,D010,Input,Input,Amount,533818
2026-11,Budget,6010,D011,Input,Input,Amount,360687
2026-11,Budget,6010,D012,Input,Input,Amount,495653
2026-11,Budget,6010,D013,Input,Input,Amount,476133
2026-11,Budget,6010,D014,Input,Input,Amount,197439
2026-11,Budget,6010,D015,Input,Input,Amount,440602
2026-11,Budget,6010,D016,Input,Input,Amount,241419
2026-11,Budget,6010,D017,Input,Input,Amount,404803
2026-11,Budget,6011,D001,Input,Input,Amount,333833
2026-11,Budget,6011,D002,Input,Input,Amount,591249
2026-11,Budget,6011,D003,Input,Input,Amount,174663
2026-11,Budget,6011,D004,Input,Input,Amount,108474
2026-11,Budget,6011,D005,Input,Input,Amount,164163
2026-11,Budget,6011,D006,Input,Input,Amount,302893
2026-11,Budget,6011,D007,Input,Input,Amount,216271
2026-11,Budget,6011,D008,Input,Input,Amount,91400
2026-11,Budget,6011,D009,Input,Input,Amount,490004
2026-11,Budget,6011,D010,Input,Input,Amount,578499
2026-11,Budget,6011,D011,Input,Input,Amount,411974
2026-11,Budget,6011,D012,Input,Input,Amount,309576
2026-11,Budget,6011,D013,Input,Input,Amount,423267
2026-11,Budget,6011,D014,Input,Input,Amount,264263
2026-11,Budget,6011,D015,Input,Input,Amount,623255
2026-11,Budget,6011,D016,Input,Input,Amount,140414
2026-11,Budget,6011,D017,Input,Input,Amount,414170
2026-11,Budget,6012,D001,Input,Input,Amount,262327
2026-11,Budget,6012,D002,Input,Input,Amount,332358
2026-11,Budget,6012,D003,Input,Input,Amount,467989
2026-11,Budget,6012,D004,Input,Input,Amount,185232
2026-11,Budget,6012,D005,Input,Input,Amount,143612
2026-11,Budget,6012,D006,Input,Input,Amount,326120
2026-11,Budget,6012,D007,Input,Input,Amount,244695
2026-11,Budget,6012,D008,Input,Input,Amount,204417
2026-11,Budget,6012,D009,Input,Input,Amount,227549
2026-11,Budget,6012,D010,Input,Input,Amount,381637
2026-11,Budget,6012,D011,Input,Input,Amount,235430
2026-11,Budget,6012,D012,Input,Input,Amount,474173
2026-11,Budget,6012,D013,Input,Input,Amount,268793
2026-11,Budget,6012,D014,Input,Input,Amount,332744
2026-11,Budget,6012,D015,Input,Input,Amount,78456
2026-11,Budget,6012,D016,Input,Input,Amount,197248
2026-11,Budget,6012,D017,Input,Input,Amount,626160
2026-11,Budget,6013,D001,Input,Input,Amount,431818
2026-11,Budget,6013,D002,Input,Input,Amount,576005
2026-11,Budget,6013,D003,Input,Input,Amount,346869
2026-11,Budget,6013,D004,Input,Input,Amount,310436
2026-11,Budget,6013,D005,Input,Input,Amount,198412
2026-11,Budget,6013,D006,Input,Input,Amount,573005
2026-11,Budget,6013,D007,Input,Input,Amount,215656
2026-11,Budget,6013,D008,Input,Input,Amount,526772
2026-11,Budget,6013,D009,Input,Input,Amount,300763
2026-11,Budget,6013,D010,Input,Input,Amount,32264
2026-11,Budget,6013,D011,Input,Input,Amount,623929
2026-11,Budget,6013,D012,Input,Input,Amount,515565
2026-11,Budget,6013,D013,Input,Input,Amount,533426
2026-11,Budget,6013,D014,Input,Input,Amount,106080
2026-11,Budget,6013,D015,Input,Input,Amount,147262
2026-11,Budget,6013,D016,Input,Input,Amount,57788
2026-11,Budget,6013,D017,Input,Input,Amount,506182
2026-11,Budget,6014,D001,Input,Input,Amount,69360
2026-11,Budget,6014,D002,Input,Input,Amount,85571
2026-11,Budget,6014,D003,Input,Input,Amount,480728
2026-11,Budget,6014,D004,Input,Input,Amount,219087
2026-11,Budget,6014,D005,Input,Input,Amount,552844
2026-11,Budget,6014,D006,Input,Input,Amount,582254
2026-11,Budget,6014,D007,Input,Input,Amount,383977
2026-11,Budget,6014,D008,Input,Input,Amount,199770
2026-11,Budget,6014,D009,Input,Input,Amount,131777
2026-11,Budget,6014,D010,Input,Input,Amount,395155
2026-11,Budget,6014,D011,Input,Input,Amount,111058
2026-11,Budget,6014,D012,Input,Input,Amount,311276
2026-11,Budget,6014,D013,Input,Input,Amount,493073
2026-11,Budget,6014,D014,Input,Input,Amount,497029
2026-11,Budget,6014,D015,Input,Input,Amount,161904
2026-11,Budget,6014,D016,Input,Input,Amount,493919
2026-11,Budget,6014,D017,Input,Input,Amount,421205
2026-11,Budget,6015,D001,Input,Input,Amount,552040
2026-11,Budget,6015,D002,Input,Input,Amount,509539
2026-11,Budget,6015,D003,Input,Input,Amount,118541
2026-11,Budget,6015,D004,Input,Input,Amount,562766
2026-11,Budget,6015,D005,Input,Input,Amount,609498
2026-11,Budget,6015,D006,Input,Input,Amount,112063
2026-11,Budget,6015,D007,Input,Input,Amount,325860
2026-11,Budget,6015,D008,Input,Input,Amount,152491
2026-11,Budget,6015,D009,Input,Input,Amount,78404
2026-11,Budget,6015,D010,Input,Input,Amount,604402
2026-11,Budget,6015,D011,Input,Input,Amount,383155
2026-11,Budget,6015,D012,Input,Input,Amount,376150
2026-11,Budget,6015,D013,Input,Input,Amount,187911
2026-11,Budget,6015,D014,Input,Input,Amount,520623
2026-11,Budget,6015,D015,Input,Input,Amount,229715
2026-11,Budget,6015,D016,Input,Input,Amount,469229
2026-11,Budget,6015,D017,Input,Input,Amount,105236
2026-11,Budget,6016,D001,Input,Input,Amount,35176
2026-11,Budget,6016,D002,Input,Input,Amount,439368
2026-11,Budget,6016,D003,Input,Input,Amount,317813
2026-11,Budget,6016,D004,Input,Input,Amount,362545
2026-11,Budget,6016,D005,Input,Input,Amount,563164
2026-11,Budget,6016,D006,Input,Input,Amount,141216
2026-11,Budget,6016,D007,Input,Input,Amount,370832
2026-11,Budget,6016,D008,Input,Input,Amount,445515
2026-11,Budget,6016,D009,Input,Input,Amount,48420
2026-11,Budget,6016,D010,Input,Input,Amount,41619
2026-11,Budget,6016,D011,Input,Input,Amount,219957
2026-11,Budget,6016,D012,Input,Input,Amount,385746
2026-11,Budget,6016,D013,Input,Input,Amount,397150
2026-11,Budget,6016,D014,Input,Input,Amount,227796
2026-11,Budget,6016,D015,Input,Input,Amount,485309
2026-11,Budget,6016,D016,Input,Input,Amount,49972
2026-11,Budget,6016,D017,Input,Input,Amount,612375
2026-11,Budget,6017,D001,Input,Input,Amount,239436
2026-11,Budget,6017,D002,Input,Input,Amount,429566
2026-11,Budget,6017,D003,Input,Input,Amount,412058
2026-11,Budget,6017,D004,Input,Input,Amount,611442
2026-11,Budget,6017,D005,Input,Input,Amount,49806
2026-11,Budget,6017,D006,Input,Input,Amount,36521
2026-11,Budget,6017,D007,Input,Input,Amount,587769
2026-11,Budget,6017,D008,Input,Input,Amount,201208
2026-11,Budget,6017,D009,Input,Input,Amount,80903
2026-11,Budget,6017,D010,Input,Input,Amount,506632
2026-11,Budget,6017,D011,Input,Input,Amount,516328
2026-11,Budget,6017,D012,Input,Input,Amount,402039
2026-11,Budget,6017,D013,Input,Input,Amount,230589
2026-11,Budget,6017,D014,Input,Input,Amount,405011
2026-11,Budget,6017,D015,Input,Input,Amount,177779
2026-11,Budget,6017,D016,Input,Input,Amount,550451
2026-11,Budget,6017,D017,Input,Input,Amount,345969
2026-11,Budget,6018,D001,Input,Input,Amount,571525
2026-11,Budget,6018,D002,Input,Input,Amount,422665
2026-11,Budget,6018,D003,Input,Input,Amount,407759
2026-11,Budget,6018,D004,Input,Input,Amount,403817
2026-11,Budget,6018,D005,Input,Input,Amount,78956
2026-11,Budget,6018,D006,Input,Input,Amount,269094
2026-11,Budget,6018,D007,Input,Input,Amount,263577
2026-11,Budget,6018,D008,Input,Input,Amount,434264
2026-11,Budget,6018,D009,Input,Input,Amount,406669
2026-11,Budget,6018,D010,Input,Input,Amount,623550
2026-11,Budget,6018,D011,Input,Input,Amount,73160
2026-11,Budget,6018,D012,Input,Input,Amount,567991
2026-11,Budget,6018,D013,Input,Input,Amount,452211
2026-11,Budget,6018,D014,Input,Input,Amount,339872
2026-11,Budget,6018,D015,Input,Input,Amount,530797
2026-11,Budget,6018,D016,Input,Input,Amount,579694
2026-11,Budget,6018,D017,Input,Input,Amount,379925
2026-11,Budget,6019,D001,Input,Input,Amount,480178
2026-11,Budget,6019,D002,Input,Input,Amount,351445
2026-11,Budget,6019,D003,Input,Input,Amount,378222
2026-11,Budget,6019,D004,Input,Input,Amount,444428
2026-11,Budget,6019,D005,Input,Input,Amount,415988
2026-11,Budget,6019,D006,Input,Input,Amount,471616
2026-11,Budget,6019,D007,Input,Input,Amount,72149
2026-11,Budget,6019,D008,Input,Input,Amount,319525
2026-11,Budget,6019,D009,Input,Input,Amount,566539
2026-11,Budget,6019,D010,Input,Input,Amount,212388
2026-11,Budget,6019,D011,Input,Input,Amount,348156
2026-11,Budget,6019,D012,Input,Input,Amount,320386
2026-11,Budget,6019,D013,Input,Input,Amount,190385
2026-11,Budget,6019,D014,Input,Input,Amount,334564
2026-11,Budget,6019,D015,Input,Input,Amount,582853
2026-11,Budget,6019,D016,Input,Input,Amount,166043
2026-11,Budget,6019,D017,Input,Input,Amount,166974
2026-11,Budget,6020,D001,Input,Input,Amount,83295
2026-11,Budget,6020,D002,Input,Input,Amount,575704
2026-11,Budget,6020,D003,Input,Input,Amount,127120
2026-11,Budget,6020,D004,Input,Input,Amount,465431
2026-11,Budget,6020,D005,Input,Input,Amount,185237
2026-11,Budget,6020,D006,Input,Input,Amount,239355
2026-11,Budget,6020,D007,Input,Input,Amount,296196
2026-11,Budget,6020,D008,Input,Input,Amount,221279
2026-11,Budget,6020,D009,Input,Input,Amount,56540
2026-11,Budget,6020,D010,Input,Input,Amount,297969
2026-11,Budget,6020,D011,Input,Input,Amount,92918
2026-11,Budget,6020,D012,Input,Input,Amount,410087
2026-11,Budget,6020,D013,Input,Input,Amount,271123
2026-11,Budget,6020,D014,Input,Input,Amount,299828
2026-11,Budget,6020,D015,Input,Input,Amount,194219
2026-11,Budget,6020,D016,Input,Input,Amount,596146
2026-11,Budget,6020,D017,Input,Input,Amount,318937
2026-11,Budget,6021,D001,Input,Input,Amount,375714
2026-11,Budget,6021,D002,Input,Input,Amount,607948
2026-11,Budget,6021,D003,Input,Input,Amount,176178
2026-11,Budget,6021,D004,Input,Input,Amount,35011
2026-11,Budget,6021,D005,Input,Input,Amount,315347
2026-11,Budget,6021,D006,Input,Input,Amount,207680
2026-11,Budget,6021,D007,Input,Input,Amount,325021
2026-11,Budget,6021,D008,Input,Input,Amount,354641
2026-11,Budget,6021,D009,Input,Input,Amount,151182
2026-11,Budget,6021,D010,Input,Input,Amount,540681
2026-11,Budget,6021,D011,Input,Input,Amount,76997
2026-11,Budget,6021,D012,Input,Input,Amount,487886
2026-11,Budget,6021,D013,Input,Input,Amount,110902
2026-11,Budget,6021,D014,Input,Input,Amount,242303
2026-11,Budget,6021,D015,Input,Input,Amount,90258
2026-11,Budget,6021,D016,Input,Input,Amount,594527
2026-11,Budget,6021,D017,Input,Input,Amount,286787
2026-11,Budget,6022,D001,Input,Input,Amount,139206
2026-11,Budget,6022,D002,Input,Input,Amount,471855
2026-11,Budget,6022,D003,Input,Input,Amount,416359
2026-11,Budget,6022,D004,Input,Input,Amount,509891
2026-11,Budget,6022,D005,Input,Input,Amount,115894
2026-11,Budget,6022,D006,Input,Input,Amount,88378
2026-11,Budget,6022,D007,Input,Input,Amount,501719
2026-11,Budget,6022,D008,Input,Input,Amount,513048
2026-11,Budget,6022,D009,Input,Input,Amount,188750
2026-11,Budget,6022,D010,Input,Input,Amount,486255
2026-11,Budget,6022,D011,Input,Input,Amount,138871
2026-11,Budget,6022,D012,Input,Input,Amount,59702
2026-11,Budget,6022,D013,Input,Input,Amount,90350
2026-11,Budget,6022,D014,Input,Input,Amount,325540
2026-11,Budget,6022,D015,Input,Input,Amount,492699
2026-11,Budget,6022,D016,Input,Input,Amount,247493
2026-11,Budget,6022,D017,Input,Input,Amount,238002
2026-11,Budget,6023,D001,Input,Input,Amount,542377
2026-11,Budget,6023,D002,Input,Input,Amount,595115
2026-11,Budget,6023,D003,Input,Input,Amount,342344
2026-11,Budget,6023,D004,Input,Input,Amount,512797
2026-11,Budget,6023,D005,Input,Input,Amount,131861
2026-11,Budget,6023,D006,Input,Input,Amount,309788
2026-11,Budget,6023,D007,Input,Input,Amount,573270
2026-11,Budget,6023,D008,Input,Input,Amount,117590
2026-11,Budget,6023,D009,Input,Input,Amount,522118
2026-11,Budget,6023,D010,Input,Input,Amount,373212
2026-11,Budget,6023,D011,Input,Input,Amount,37126
2026-11,Budget,6023,D012,Input,Input,Amount,594769
2026-11,Budget,6023,D013,Input,Input,Amount,524801
2026-11,Budget,6023,D014,Input,Input,Amount,403589
2026-11,Budget,6023,D015,Input,Input,Amount,518207
2026-11,Budget,6023,D016,Input,Input,Amount,142224
2026-11,Budget,6023,D017,Input,Input,Amount,536746
2026-11,Budget,6024,D001,Input,Input,Amount,628487
2026-11,Budget,6024,D002,Input,Input,Amount,418965
2026-11,Budget,6024,D003,Input,Input,Amount,117692
2026-11,Budget,6024,D004,Input,Input,Amount,486586
2026-11,Budget,6024,D005,Input,Input,Amount,234992
2026-11,Budget,6024,D006,Input,Input,Amount,304011
2026-11,Budget,6024,D007,Input,Input,Amount,207402
2026-11,Budget,6024,D008,Input,Input,Amount,170665
2026-11,Budget,6024,D009,Input,Input,Amount,304408
2026-11,Budget,6024,D010,Input,Input,Amount,422237
2026-11,Budget,6024,D011,Input,Input,Amount,92989
2026-11,Budget,6024,D012,Input,Input,Amount,330041
2026-11,Budget,6024,D013,Input,Input,Amount,606129
2026-11,Budget,6024,D014,Input,Input,Amount,44232
2026-11,Budget,6024,D015,Input,Input,Amount,153918
2026-11,Budget,6024,D016,Input,Input,Amount,285395
2026-11,Budget,6024,D017,Input,Input,Amount,124316
2026-11,Budget,6025,D001,Input,Input,Amount,47363
2026-11,Budget,6025,D002,Input,Input,Amount,554125
2026-11,Budget,6025,D003,Input,Input,Amount,109037
2026-11,Budget,6025,D004,Input,Input,Amount,56036
2026-11,Budget,6025,D005,Input,Input,Amount,95453
2026-11,Budget,6025,D006,Input,Input,Amount,192766
2026-11,Budget,6025,D007,Input,Input,Amount,270912
2026-11,Budget,6025,D008,Input,Input,Amount,322823
2026-11,Budget,6025,D009,Input,Input,Amount,324467
2026-11,Budget,6025,D010,Input,Input,Amount,530758
2026-11,Budget,6025,D011,Input,Input,Amount,225019
2026-11,Budget,6025,D012,Input,Input,Amount,124498
2026-11,Budget,6025,D013,Input,Input,Amount,83174
2026-11,Budget,6025,D014,Input,Input,Amount,54068
2026-11,Budget,6025,D015,Input,Input,Amount,288666
2026-11,Budget,6025,D016,Input,Input,Amount,78537
2026-11,Budget,6025,D017,Input,Input,Amount,209697
2026-11,Budget,6026,D001,Input,Input,Amount,193727
2026-11,Budget,6026,D002,Input,Input,Amount,132150
2026-11,Budget,6026,D003,Input,Input,Amount,466243
2026-11,Budget,6026,D004,Input,Input,Amount,100232
2026-11,Budget,6026,D005,Input,Input,Amount,243020
2026-11,Budget,6026,D006,Input,Input,Amount,437918
2026-11,Budget,6026,D007,Input,Input,Amount,144114
2026-11,Budget,6026,D008,Input,Input,Amount,594208
2026-11,Budget,6026,D009,Input,Input,Amount,526646
2026-11,Budget,6026,D010,Input,Input,Amount,208150
2026-11,Budget,6026,D011,Input,Input,Amount,545629
2026-11,Budget,6026,D012,Input,Input,Amount,625144
2026-11,Budget,6026,D013,Input,Input,Amount,284874
2026-11,Budget,6026,D014,Input,Input,Amount,127988
2026-11,Budget,6026,D015,Input,Input,Amount,586046
2026-11,Budget,6026,D016,Input,Input,Amount,143490
2026-11,Budget,6026,D017,Input,Input,Amount,434085
2026-12,Budget,4001,D001,Input,Input,Amount,618828
2026-12,Budget,4001,D002,Input,Input,Amount,619998
2026-12,Budget,4001,D003,Input,Input,Amount,596931
2026-12,Budget,4001,D004,Input,Input,Amount,595817
2026-12,Budget,4001,D005,Input,Input,Amount,612166
2026-12,Budget,4001,D006,Input,Input,Amount,618112
2026-12,Budget,4001,D007,Input,Input,Amount,626062
2026-12,Budget,4001,D008,Input,Input,Amount,628685
2026-12,Budget,4001,D009,Input,Input,Amount,618639
2026-12,Budget,4001,D010,Input,Input,Amount,599809
2026-12,Budget,4001,D011,Input,Input,Amount,292505
2026-12,Budget,4001,D012,Input,Input,Amount,521067
2026-12,Budget,4001,D013,Input,Input,Amount,326632
2026-12,Budget,4001,D014,Input,Input,Amount,447678
2026-12,Budget,4001,D015,Input,Input,Amount,71394
2026-12,Budget,4001,D016,Input,Input,Amount,126762
2026-12,Budget,4001,D017,Input,Input,Amount,362848
2026-12,Budget,4002,D001,Input,Input,Amount,597589
2026-12,Budget,4002,D002,Input,Input,Amount,623790
2026-12,Budget,4002,D003,Input,Input,Amount,602304
2026-12,Budget,4002,D004,Input,Input,Amount,627190
2026-12,Budget,4002,D005,Input,Input,Amount,609371
2026-12,Budget,4002,D006,Input,Input,Amount,604184
2026-12,Budget,4002,D007,Input,Input,Amount,609736
2026-12,Budget,4002,D008,Input,Input,Amount,615118
2026-12,Budget,4002,D009,Input,Input,Amount,629820
2026-12,Budget,4002,D010,Input,Input,Amount,580927
2026-12,Budget,4002,D011,Input,Input,Amount,387745
2026-12,Budget,4002,D012,Input,Input,Amount,564238
2026-12,Budget,4002,D013,Input,Input,Amount,109177
2026-12,Budget,4002,D014,Input,Input,Amount,436418
2026-12,Budget,4002,D015,Input,Input,Amount,560527
2026-12,Budget,4002,D016,Input,Input,Amount,524935
2026-12,Budget,4002,D017,Input,Input,Amount,75805
2026-12,Budget,4003,D001,Input,Input,Amount,601122
2026-12,Budget,4003,D002,Input,Input,Amount,604837
2026-12,Budget,4003,D003,Input,Input,Amount,598327
2026-12,Budget,4003,D004,Input,Input,Amount,606635
2026-12,Budget,4003,D005,Input,Input,Amount,581130
2026-12,Budget,4003,D006,Input,Input,Amount,611015
2026-12,Budget,4003,D007,Input,Input,Amount,597754
2026-12,Budget,4003,D008,Input,Input,Amount,629950
2026-12,Budget,4003,D009,Input,Input,Amount,614382
2026-12,Budget,4003,D010,Input,Input,Amount,626400
2026-12,Budget,4003,D011,Input,Input,Amount,177532
2026-12,Budget,4003,D012,Input,Input,Amount,525788
2026-12,Budget,4003,D013,Input,Input,Amount,145850
2026-12,Budget,4003,D014,Input,Input,Amount,446568
2026-12,Budget,4003,D015,Input,Input,Amount,610302
2026-12,Budget,4003,D016,Input,Input,Amount,375621
2026-12,Budget,4003,D017,Input,Input,Amount,547260
2026-12,Budget,4004,D001,Input,Input,Amount,71914
2026-12,Budget,4004,D002,Input,Input,Amount,169398
2026-12,Budget,4004,D003,Input,Input,Amount,31470
2026-12,Budget,4004,D004,Input,Input,Amount,61504
2026-12,Budget,4004,D005,Input,Input,Amount,549951
2026-12,Budget,4004,D006,Input,Input,Amount,583418
2026-12,Budget,4004,D007,Input,Input,Amount,130687
2026-12,Budget,4004,D008,Input,Input,Amount,198617
2026-12,Budget,4004,D009,Input,Input,Amount,441412
2026-12,Budget,4004,D010,Input,Input,Amount,553336
2026-12,Budget,4004,D011,Input,Input,Amount,523782
2026-12,Budget,4004,D012,Input,Input,Amount,158689
2026-12,Budget,4004,D013,Input,Input,Amount,48998
2026-12,Budget,4004,D014,Input,Input,Amount,436172
2026-12,Budget,4004,D015,Input,Input,Amount,386175
2026-12,Budget,4004,D016,Input,Input,Amount,151085
2026-12,Budget,4004,D017,Input,Input,Amount,353938
2026-12,Budget,4005,D001,Input,Input,Amount,284099
2026-12,Budget,4005,D002,Input,Input,Amount,41112
2026-12,Budget,4005,D003,Input,Input,Amount,573535
2026-12,Budget,4005,D004,Input,Input,Amount,108044
2026-12,Budget,4005,D005,Input,Input,Amount,277110
2026-12,Budget,4005,D006,Input,Input,Amount,217748
2026-12,Budget,4005,D007,Input,Input,Amount,211638
2026-12,Budget,4005,D008,Input,Input,Amount,439785
2026-12,Budget,4005,D009,Input,Input,Amount,37072
2026-12,Budget,4005,D010,Input,Input,Amount,133734
2026-12,Budget,4005,D011,Input,Input,Amount,113487
2026-12,Budget,4005,D012,Input,Input,Amount,589767
2026-12,Budget,4005,D013,Input,Input,Amount,596254
2026-12,Budget,4005,D014,Input,Input,Amount,419677
2026-12,Budget,4005,D015,Input,Input,Amount,198552
2026-12,Budget,4005,D016,Input,Input,Amount,412759
2026-12,Budget,4005,D017,Input,Input,Amount,116614
2026-12,Budget,5001,D001,Input,Input,Amount,346088
2026-12,Budget,5001,D002,Input,Input,Amount,352046
2026-12,Budget,5001,D003,Input,Input,Amount,369069
2026-12,Budget,5001,D004,Input,Input,Amount,362019
2026-12,Budget,5001,D005,Input,Input,Amount,336098
2026-12,Budget,5001,D006,Input,Input,Amount,366272
2026-12,Budget,5001,D007,Input,Input,Amount,350094
2026-12,Budget,5001,D008,Input,Input,Amount,375230
2026-12,Budget,5001,D009,Input,Input,Amount,369111
2026-12,Budget,5001,D010,Input,Input,Amount,365005
2026-12,Budget,5001,D011,Input,Input,Amount,411494
2026-12,Budget,5001,D012,Input,Input,Amount,295901
2026-12,Budget,5001,D013,Input,Input,Amount,270447
2026-12,Budget,5001,D014,Input,Input,Amount,75641
2026-12,Budget,5001,D015,Input,Input,Amount,159224
2026-12,Budget,5001,D016,Input,Input,Amount,558166
2026-12,Budget,5001,D017,Input,Input,Amount,517218
2026-12,Budget,5002,D001,Input,Input,Amount,335679
2026-12,Budget,5002,D002,Input,Input,Amount,331880
2026-12,Budget,5002,D003,Input,Input,Amount,375952
2026-12,Budget,5002,D004,Input,Input,Amount,366384
2026-12,Budget,5002,D005,Input,Input,Amount,349283
2026-12,Budget,5002,D006,Input,Input,Amount,364794
2026-12,Budget,5002,D007,Input,Input,Amount,346475
2026-12,Budget,5002,D008,Input,Input,Amount,342133
2026-12,Budget,5002,D009,Input,Input,Amount,348546
2026-12,Budget,5002,D010,Input,Input,Amount,338295
2026-12,Budget,5002,D011,Input,Input,Amount,492454
2026-12,Budget,5002,D012,Input,Input,Amount,520239
2026-12,Budget,5002,D013,Input,Input,Amount,418046
2026-12,Budget,5002,D014,Input,Input,Amount,262285
2026-12,Budget,5002,D015,Input,Input,Amount,435503
2026-12,Budget,5002,D016,Input,Input,Amount,316583
2026-12,Budget,5002,D017,Input,Input,Amount,586756
2026-12,Budget,5003,D001,Input,Input,Amount,348279
2026-12,Budget,5003,D002,Input,Input,Amount,362394
2026-12,Budget,5003,D003,Input,Input,Amount,348105
2026-12,Budget,5003,D004,Input,Input,Amount,379687
2026-12,Budget,5003,D005,Input,Input,Amount,344522
2026-12,Budget,5003,D006,Input,Input,Amount,352528
2026-12,Budget,5003,D007,Input,Input,Amount,345108
2026-12,Budget,5003,D008,Input,Input,Amount,342552
2026-12,Budget,5003,D009,Input,Input,Amount,336588
2026-12,Budget,5003,D010,Input,Input,Amount,347977
2026-12,Budget,5003,D011,Input,Input,Amount,117808
2026-12,Budget,5003,D012,Input,Input,Amount,72282
2026-12,Budget,5003,D013,Input,Input,Amount,406570
2026-12,Budget,5003,D014,Input,Input,Amount,466452
2026-12,Budget,5003,D015,Input,Input,Amount,208126
2026-12,Budget,5003,D016,Input,Input,Amount,174466
2026-12,Budget,5003,D017,Input,Input,Amount,32055
2026-12,Budget,6001,D001,Input,Input,Amount,94543
2026-12,Budget,6001,D002,Input,Input,Amount,86300
2026-12,Budget,6001,D003,Input,Input,Amount,101424
2026-12,Budget,6001,D004,Input,Input,Amount,80749
2026-12,Budget,6001,D005,Input,Input,Amount,91502
2026-12,Budget,6001,D006,Input,Input,Amount,92885
2026-12,Budget,6001,D007,Input,Input,Amount,72907
2026-12,Budget,6001,D008,Input,Input,Amount,79180
2026-12,Budget,6001,D009,Input,Input,Amount,77721
2026-12,Budget,6001,D010,Input,Input,Amount,67982
2026-12,Budget,6001,D011,Input,Input,Amount,307399
2026-12,Budget,6001,D012,Input,Input,Amount,251009
2026-12,Budget,6001,D013,Input,Input,Amount,222575
2026-12,Budget,6001,D014,Input,Input,Amount,159659
2026-12,Budget,6001,D015,Input,Input,Amount,414108
2026-12,Budget,6001,D016,Input,Input,Amount,349205
2026-12,Budget,6001,D017,Input,Input,Amount,338928
2026-12,Budget,6002,D001,Input,Input,Amount,80981
2026-12,Budget,6002,D002,Input,Input,Amount,76917
2026-12,Budget,6002,D003,Input,Input,Amount,65665
2026-12,Budget,6002,D004,Input,Input,Amount,110259
2026-12,Budget,6002,D005,Input,Input,Amount,110336
2026-12,Budget,6002,D006,Input,Input,Amount,113885
2026-12,Budget,6002,D007,Input,Input,Amount,112270
2026-12,Budget,6002,D008,Input,Input,Amount,113405
2026-12,Budget,6002,D009,Input,Input,Amount,84414
2026-12,Budget,6002,D010,Input,Input,Amount,68573
2026-12,Budget,6002,D011,Input,Input,Amount,60556
2026-12,Budget,6002,D012,Input,Input,Amount,123071
2026-12,Budget,6002,D013,Input,Input,Amount,125061
2026-12,Budget,6002,D014,Input,Input,Amount,546949
2026-12,Budget,6002,D015,Input,Input,Amount,604295
2026-12,Budget,6002,D016,Input,Input,Amount,287471
2026-12,Budget,6002,D017,Input,Input,Amount,173842
2026-12,Budget,6003,D001,Input,Input,Amount,114183
2026-12,Budget,6003,D002,Input,Input,Amount,96952
2026-12,Budget,6003,D003,Input,Input,Amount,98857
2026-12,Budget,6003,D004,Input,Input,Amount,96201
2026-12,Budget,6003,D005,Input,Input,Amount,80945
2026-12,Budget,6003,D006,Input,Input,Amount,101070
2026-12,Budget,6003,D007,Input,Input,Amount,77621
2026-12,Budget,6003,D008,Input,Input,Amount,96732
2026-12,Budget,6003,D009,Input,Input,Amount,79908
2026-12,Budget,6003,D010,Input,Input,Amount,101264
2026-12,Budget,6003,D011,Input,Input,Amount,546753
2026-12,Budget,6003,D012,Input,Input,Amount,619456
2026-12,Budget,6003,D013,Input,Input,Amount,359911
2026-12,Budget,6003,D014,Input,Input,Amount,94512
2026-12,Budget,6003,D015,Input,Input,Amount,265497
2026-12,Budget,6003,D016,Input,Input,Amount,51612
2026-12,Budget,6003,D017,Input,Input,Amount,572763
2026-12,Budget,6004,D001,Input,Input,Amount,95455
2026-12,Budget,6004,D002,Input,Input,Amount,78901
2026-12,Budget,6004,D003,Input,Input,Amount,77521
2026-12,Budget,6004,D004,Input,Input,Amount,107329
2026-12,Budget,6004,D005,Input,Input,Amount,85067
2026-12,Budget,6004,D006,Input,Input,Amount,86678
2026-12,Budget,6004,D007,Input,Input,Amount,85679
2026-12,Budget,6004,D008,Input,Input,Amount,83120
2026-12,Budget,6004,D009,Input,Input,Amount,88650
2026-12,Budget,6004,D010,Input,Input,Amount,84145
2026-12,Budget,6004,D011,Input,Input,Amount,119594
2026-12,Budget,6004,D012,Input,Input,Amount,565620
2026-12,Budget,6004,D013,Input,Input,Amount,609121
2026-12,Budget,6004,D014,Input,Input,Amount,141378
2026-12,Budget,6004,D015,Input,Input,Amount,220845
2026-12,Budget,6004,D016,Input,Input,Amount,612714
2026-12,Budget,6004,D017,Input,Input,Amount,288768
2026-12,Budget,6005,D001,Input,Input,Amount,102345
2026-12,Budget,6005,D002,Input,Input,Amount,88253
2026-12,Budget,6005,D003,Input,Input,Amount,70610
2026-12,Budget,6005,D004,Input,Input,Amount,111651
2026-12,Budget,6005,D005,Input,Input,Amount,108513
2026-12,Budget,6005,D006,Input,Input,Amount,88056
2026-12,Budget,6005,D007,Input,Input,Amount,72835
2026-12,Budget,6005,D008,Input,Input,Amount,112486
2026-12,Budget,6005,D009,Input,Input,Amount,76759
2026-12,Budget,6005,D010,Input,Input,Amount,110705
2026-12,Budget,6005,D011,Input,Input,Amount,164137
2026-12,Budget,6005,D012,Input,Input,Amount,623230
2026-12,Budget,6005,D013,Input,Input,Amount,152291
2026-12,Budget,6005,D014,Input,Input,Amount,67404
2026-12,Budget,6005,D015,Input,Input,Amount,111369
2026-12,Budget,6005,D016,Input,Input,Amount,141996
2026-12,Budget,6005,D017,Input,Input,Amount,454913
2026-12,Budget,6006,D001,Input,Input,Amount,455518
2026-12,Budget,6006,D002,Input,Input,Amount,509212
2026-12,Budget,6006,D003,Input,Input,Amount,237347
2026-12,Budget,6006,D004,Input,Input,Amount,208897
2026-12,Budget,6006,D005,Input,Input,Amount,40099
2026-12,Budget,6006,D006,Input,Input,Amount,624543
2026-12,Budget,6006,D007,Input,Input,Amount,217650
2026-12,Budget,6006,D008,Input,Input,Amount,567131
2026-12,Budget,6006,D009,Input,Input,Amount,535815
2026-12,Budget,6006,D010,Input,Input,Amount,284108
2026-12,Budget,6006,D011,Input,Input,Amount,88637
2026-12,Budget,6006,D012,Input,Input,Amount,421393
2026-12,Budget,6006,D013,Input,Input,Amount,387636
2026-12,Budget,6006,D014,Input,Input,Amount,203684
2026-12,Budget,6006,D015,Input,Input,Amount,540280
2026-12,Budget,6006,D016,Input,Input,Amount,35030
2026-12,Budget,6006,D017,Input,Input,Amount,145659
2026-12,Budget,6007,D001,Input,Input,Amount,171031
2026-12,Budget,6007,D002,Input,Input,Amount,563802
2026-12,Budget,6007,D003,Input,Input,Amount,152819
2026-12,Budget,6007,D004,Input,Input,Amount,579478
2026-12,Budget,6007,D005,Input,Input,Amount,573550
2026-12,Budget,6007,D006,Input,Input,Amount,171840
2026-12,Budget,6007,D007,Input,Input,Amount,525855
2026-12,Budget,6007,D008,Input,Input,Amount,148382
2026-12,Budget,6007,D009,Input,Input,Amount,460825
2026-12,Budget,6007,D010,Input,Input,Amount,191000
2026-12,Budget,6007,D011,Input,Input,Amount,88442
2026-12,Budget,6007,D012,Input,Input,Amount,285842
2026-12,Budget,6007,D013,Input,Input,Amount,298130
2026-12,Budget,6007,D014,Input,Input,Amount,327693
2026-12,Budget,6007,D015,Input,Input,Amount,434295
2026-12,Budget,6007,D016,Input,Input,Amount,612884
2026-12,Budget,6007,D017,Input,Input,Amount,377803
2026-12,Budget,6008,D001,Input,Input,Amount,470083
2026-12,Budget,6008,D002,Input,Input,Amount,577231
2026-12,Budget,6008,D003,Input,Input,Amount,419915
2026-12,Budget,6008,D004,Input,Input,Amount,70012
2026-12,Budget,6008,D005,Input,Input,Amount,126515
2026-12,Budget,6008,D006,Input,Input,Amount,51541
2026-12,Budget,6008,D007,Input,Input,Amount,213821
2026-12,Budget,6008,D008,Input,Input,Amount,417245
2026-12,Budget,6008,D009,Input,Input,Amount,511041
2026-12,Budget,6008,D010,Input,Input,Amount,62166
2026-12,Budget,6008,D011,Input,Input,Amount,65195
2026-12,Budget,6008,D012,Input,Input,Amount,488264
2026-12,Budget,6008,D013,Input,Input,Amount,75602
2026-12,Budget,6008,D014,Input,Input,Amount,269918
2026-12,Budget,6008,D015,Input,Input,Amount,452525
2026-12,Budget,6008,D016,Input,Input,Amount,498901
2026-12,Budget,6008,D017,Input,Input,Amount,363850
2026-12,Budget,6009,D001,Input,Input,Amount,312292
2026-12,Budget,6009,D002,Input,Input,Amount,162485
2026-12,Budget,6009,D003,Input,Input,Amount,416192
2026-12,Budget,6009,D004,Input,Input,Amount,134007
2026-12,Budget,6009,D005,Input,Input,Amount,594223
2026-12,Budget,6009,D006,Input,Input,Amount,520702
2026-12,Budget,6009,D007,Input,Input,Amount,600296
2026-12,Budget,6009,D008,Input,Input,Amount,263857
2026-12,Budget,6009,D009,Input,Input,Amount,511620
2026-12,Budget,6009,D010,Input,Input,Amount,479097
2026-12,Budget,6009,D011,Input,Input,Amount,543867
2026-12,Budget,6009,D012,Input,Input,Amount,242972
2026-12,Budget,6009,D013,Input,Input,Amount,316469
2026-12,Budget,6009,D014,Input,Input,Amount,507646
2026-12,Budget,6009,D015,Input,Input,Amount,597678
2026-12,Budget,6009,D016,Input,Input,Amount,218585
2026-12,Budget,6009,D017,Input,Input,Amount,565584
2026-12,Budget,6010,D001,Input,Input,Amount,471940
2026-12,Budget,6010,D002,Input,Input,Amount,252822
2026-12,Budget,6010,D003,Input,Input,Amount,552082
2026-12,Budget,6010,D004,Input,Input,Amount,386324
2026-12,Budget,6010,D005,Input,Input,Amount,204901
2026-12,Budget,6010,D006,Input,Input,Amount,605437
2026-12,Budget,6010,D007,Input,Input,Amount,316727
2026-12,Budget,6010,D008,Input,Input,Amount,63669
2026-12,Budget,6010,D009,Input,Input,Amount,444107
2026-12,Budget,6010,D010,Input,Input,Amount,297615
2026-12,Budget,6010,D011,Input,Input,Amount,418297
2026-12,Budget,6010,D012,Input,Input,Amount,138112
2026-12,Budget,6010,D013,Input,Input,Amount,555795
2026-12,Budget,6010,D014,Input,Input,Amount,164966
2026-12,Budget,6010,D015,Input,Input,Amount,268012
2026-12,Budget,6010,D016,Input,Input,Amount,610460
2026-12,Budget,6010,D017,Input,Input,Amount,92312
2026-12,Budget,6011,D001,Input,Input,Amount,196336
2026-12,Budget,6011,D002,Input,Input,Amount,125116
2026-12,Budget,6011,D003,Input,Input,Amount,514415
2026-12,Budget,6011,D004,Input,Input,Amount,385111
2026-12,Budget,6011,D005,Input,Input,Amount,623788
2026-12,Budget,6011,D006,Input,Input,Amount,505493
2026-12,Budget,6011,D007,Input,Input,Amount,125190
2026-12,Budget,6011,D008,Input,Input,Amount,102329
2026-12,Budget,6011,D009,Input,Input,Amount,457766
2026-12,Budget,6011,D010,Input,Input,Amount,448684
2026-12,Budget,6011,D011,Input,Input,Amount,488004
2026-12,Budget,6011,D012,Input,Input,Amount,115498
2026-12,Budget,6011,D013,Input,Input,Amount,509371
2026-12,Budget,6011,D014,Input,Input,Amount,311579
2026-12,Budget,6011,D015,Input,Input,Amount,67774
2026-12,Budget,6011,D016,Input,Input,Amount,40691
2026-12,Budget,6011,D017,Input,Input,Amount,329516
2026-12,Budget,6012,D001,Input,Input,Amount,556942
2026-12,Budget,6012,D002,Input,Input,Amount,51952
2026-12,Budget,6012,D003,Input,Input,Amount,263076
2026-12,Budget,6012,D004,Input,Input,Amount,240372
2026-12,Budget,6012,D005,Input,Input,Amount,529780
2026-12,Budget,6012,D006,Input,Input,Amount,558166
2026-12,Budget,6012,D007,Input,Input,Amount,397056
2026-12,Budget,6012,D008,Input,Input,Amount,179014
2026-12,Budget,6012,D009,Input,Input,Amount,128594
2026-12,Budget,6012,D010,Input,Input,Amount,571598
2026-12,Budget,6012,D011,Input,Input,Amount,329734
2026-12,Budget,6012,D012,Input,Input,Amount,446786
2026-12,Budget,6012,D013,Input,Input,Amount,305851
2026-12,Budget,6012,D014,Input,Input,Amount,424259
2026-12,Budget,6012,D015,Input,Input,Amount,496956
2026-12,Budget,6012,D016,Input,Input,Amount,629739
2026-12,Budget,6012,D017,Input,Input,Amount,443561
2026-12,Budget,6013,D001,Input,Input,Amount,115211
2026-12,Budget,6013,D002,Input,Input,Amount,376879
2026-12,Budget,6013,D003,Input,Input,Amount,205289
2026-12,Budget,6013,D004,Input,Input,Amount,406903
2026-12,Budget,6013,D005,Input,Input,Amount,478873
2026-12,Budget,6013,D006,Input,Input,Amount,384187
2026-12,Budget,6013,D007,Input,Input,Amount,125138
2026-12,Budget,6013,D008,Input,Input,Amount,573002
2026-12,Budget,6013,D009,Input,Input,Amount,142027
2026-12,Budget,6013,D010,Input,Input,Amount,546477
2026-12,Budget,6013,D011,Input,Input,Amount,461318
2026-12,Budget,6013,D012,Input,Input,Amount,181389
2026-12,Budget,6013,D013,Input,Input,Amount,231090
2026-12,Budget,6013,D014,Input,Input,Amount,282888
2026-12,Budget,6013,D015,Input,Input,Amount,222550
2026-12,Budget,6013,D016,Input,Input,Amount,236418
2026-12,Budget,6013,D017,Input,Input,Amount,216845
2026-12,Budget,6014,D001,Input,Input,Amount,204628
2026-12,Budget,6014,D002,Input,Input,Amount,372313
2026-12,Budget,6014,D003,Input,Input,Amount,568356
2026-12,Budget,6014,D004,Input,Input,Amount,278409
2026-12,Budget,6014,D005,Input,Input,Amount,344073
2026-12,Budget,6014,D006,Input,Input,Amount,551098
2026-12,Budget,6014,D007,Input,Input,Amount,559579
2026-12,Budget,6014,D008,Input,Input,Amount,629240
2026-12,Budget,6014,D009,Input,Input,Amount,305355
2026-12,Budget,6014,D010,Input,Input,Amount,521750
2026-12,Budget,6014,D011,Input,Input,Amount,422488
2026-12,Budget,6014,D012,Input,Input,Amount,538948
2026-12,Budget,6014,D013,Input,Input,Amount,130699
2026-12,Budget,6014,D014,Input,Input,Amount,478650
2026-12,Budget,6014,D015,Input,Input,Amount,126949
2026-12,Budget,6014,D016,Input,Input,Amount,388469
2026-12,Budget,6014,D017,Input,Input,Amount,35987
2026-12,Budget,6015,D001,Input,Input,Amount,481006
2026-12,Budget,6015,D002,Input,Input,Amount,335554
2026-12,Budget,6015,D003,Input,Input,Amount,612529
2026-12,Budget,6015,D004,Input,Input,Amount,258435
2026-12,Budget,6015,D005,Input,Input,Amount,113872
2026-12,Budget,6015,D006,Input,Input,Amount,320479
2026-12,Budget,6015,D007,Input,Input,Amount,323999
2026-12,Budget,6015,D008,Input,Input,Amount,196226
2026-12,Budget,6015,D009,Input,Input,Amount,123792
2026-12,Budget,6015,D010,Input,Input,Amount,331773
2026-12,Budget,6015,D011,Input,Input,Amount,334850
2026-12,Budget,6015,D012,Input,Input,Amount,583633
2026-12,Budget,6015,D013,Input,Input,Amount,309600
2026-12,Budget,6015,D014,Input,Input,Amount,432757
2026-12,Budget,6015,D015,Input,Input,Amount,249750
2026-12,Budget,6015,D016,Input,Input,Amount,207344
2026-12,Budget,6015,D017,Input,Input,Amount,130448
2026-12,Budget,6016,D001,Input,Input,Amount,114150
2026-12,Budget,6016,D002,Input,Input,Amount,298553
2026-12,Budget,6016,D003,Input,Input,Amount,597212
2026-12,Budget,6016,D004,Input,Input,Amount,39675
2026-12,Budget,6016,D005,Input,Input,Amount,536869
2026-12,Budget,6016,D006,Input,Input,Amount,497324
2026-12,Budget,6016,D007,Input,Input,Amount,589562
2026-12,Budget,6016,D008,Input,Input,Amount,236865
2026-12,Budget,6016,D009,Input,Input,Amount,106717
2026-12,Budget,6016,D010,Input,Input,Amount,218074
2026-12,Budget,6016,D011,Input,Input,Amount,613530
2026-12,Budget,6016,D012,Input,Input,Amount,485652
2026-12,Budget,6016,D013,Input,Input,Amount,451163
2026-12,Budget,6016,D014,Input,Input,Amount,331321
2026-12,Budget,6016,D015,Input,Input,Amount,335388
2026-12,Budget,6016,D016,Input,Input,Amount,176991
2026-12,Budget,6016,D017,Input,Input,Amount,483459
2026-12,Budget,6017,D001,Input,Input,Amount,103287
2026-12,Budget,6017,D002,Input,Input,Amount,187135
2026-12,Budget,6017,D003,Input,Input,Amount,215514
2026-12,Budget,6017,D004,Input,Input,Amount,433094
2026-12,Budget,6017,D005,Input,Input,Amount,561745
2026-12,Budget,6017,D006,Input,Input,Amount,511752
2026-12,Budget,6017,D007,Input,Input,Amount,174558
2026-12,Budget,6017,D008,Input,Input,Amount,521455
2026-12,Budget,6017,D009,Input,Input,Amount,597379
2026-12,Budget,6017,D010,Input,Input,Amount,156403
2026-12,Budget,6017,D011,Input,Input,Amount,620807
2026-12,Budget,6017,D012,Input,Input,Amount,250146
2026-12,Budget,6017,D013,Input,Input,Amount,389268
2026-12,Budget,6017,D014,Input,Input,Amount,41982
2026-12,Budget,6017,D015,Input,Input,Amount,113371
2026-12,Budget,6017,D016,Input,Input,Amount,86034
2026-12,Budget,6017,D017,Input,Input,Amount,325937
2026-12,Budget,6018,D001,Input,Input,Amount,210504
2026-12,Budget,6018,D002,Input,Input,Amount,516265
2026-12,Budget,6018,D003,Input,Input,Amount,59153
2026-12,Budget,6018,D004,Input,Input,Amount,109521
2026-12,Budget,6018,D005,Input,Input,Amount,60186
2026-12,Budget,6018,D006,Input,Input,Amount,290435
2026-12,Budget,6018,D007,Input,Input,Amount,278768
2026-12,Budget,6018,D008,Input,Input,Amount,491852
2026-12,Budget,6018,D009,Input,Input,Amount,46681
2026-12,Budget,6018,D010,Input,Input,Amount,456962
2026-12,Budget,6018,D011,Input,Input,Amount,85427
2026-12,Budget,6018,D012,Input,Input,Amount,305422
2026-12,Budget,6018,D013,Input,Input,Amount,572150
2026-12,Budget,6018,D014,Input,Input,Amount,136906
2026-12,Budget,6018,D015,Input,Input,Amount,268693
2026-12,Budget,6018,D016,Input,Input,Amount,165185
2026-12,Budget,6018,D017,Input,Input,Amount,625747
2026-12,Budget,6019,D001,Input,Input,Amount,405819
2026-12,Budget,6019,D002,Input,Input,Amount,134908
2026-12,Budget,6019,D003,Input,Input,Amount,125444
2026-12,Budget,6019,D004,Input,Input,Amount,67006
2026-12,Budget,6019,D005,Input,Input,Amount,93464
2026-12,Budget,6019,D006,Input,Input,Amount,365987
2026-12,Budget,6019,D007,Input,Input,Amount,208332
2026-12,Budget,6019,D008,Input,Input,Amount,522354
2026-12,Budget,6019,D009,Input,Input,Amount,583888
2026-12,Budget,6019,D010,Input,Input,Amount,223535
2026-12,Budget,6019,D011,Input,Input,Amount,253128
2026-12,Budget,6019,D012,Input,Input,Amount,522284
2026-12,Budget,6019,D013,Input,Input,Amount,133510
2026-12,Budget,6019,D014,Input,Input,Amount,118573
2026-12,Budget,6019,D015,Input,Input,Amount,534003
2026-12,Budget,6019,D016,Input,Input,Amount,43037
2026-12,Budget,6019,D017,Input,Input,Amount,517709
2026-12,Budget,6020,D001,Input,Input,Amount,565194
2026-12,Budget,6020,D002,Input,Input,Amount,108869
2026-12,Budget,6020,D003,Input,Input,Amount,611625
2026-12,Budget,6020,D004,Input,Input,Amount,412977
2026-12,Budget,6020,D005,Input,Input,Amount,262878
2026-12,Budget,6020,D006,Input,Input,Amount,485254
2026-12,Budget,6020,D007,Input,Input,Amount,251204
2026-12,Budget,6020,D008,Input,Input,Amount,321055
2026-12,Budget,6020,D009,Input,Input,Amount,193621
2026-12,Budget,6020,D010,Input,Input,Amount,377719
2026-12,Budget,6020,D011,Input,Input,Amount,151449
2026-12,Budget,6020,D012,Input,Input,Amount,169347
2026-12,Budget,6020,D013,Input,Input,Amount,392436
2026-12,Budget,6020,D014,Input,Input,Amount,360449
2026-12,Budget,6020,D015,Input,Input,Amount,487734
2026-12,Budget,6020,D016,Input,Input,Amount,263541
2026-12,Budget,6020,D017,Input,Input,Amount,423464
2026-12,Budget,6021,D001,Input,Input,Amount,337198
2026-12,Budget,6021,D002,Input,Input,Amount,455037
2026-12,Budget,6021,D003,Input,Input,Amount,342746
2026-12,Budget,6021,D004,Input,Input,Amount,499120
2026-12,Budget,6021,D005,Input,Input,Amount,287240
2026-12,Budget,6021,D006,Input,Input,Amount,306510
2026-12,Budget,6021,D007,Input,Input,Amount,335960
2026-12,Budget,6021,D008,Input,Input,Amount,543873
2026-12,Budget,6021,D009,Input,Input,Amount,286084
2026-12,Budget,6021,D010,Input,Input,Amount,617782
2026-12,Budget,6021,D011,Input,Input,Amount,398998
2026-12,Budget,6021,D012,Input,Input,Amount,133018
2026-12,Budget,6021,D013,Input,Input,Amount,335324
2026-12,Budget,6021,D014,Input,Input,Amount,150861
2026-12,Budget,6021,D015,Input,Input,Amount,124029
2026-12,Budget,6021,D016,Input,Input,Amount,384068
2026-12,Budget,6021,D017,Input,Input,Amount,334099
2026-12,Budget,6022,D001,Input,Input,Amount,337215
2026-12,Budget,6022,D002,Input,Input,Amount,90790
2026-12,Budget,6022,D003,Input,Input,Amount,292170
2026-12,Budget,6022,D004,Input,Input,Amount,444497
2026-12,Budget,6022,D005,Input,Input,Amount,284480
2026-12,Budget,6022,D006,Input,Input,Amount,610909
2026-12,Budget,6022,D007,Input,Input,Amount,557972
2026-12,Budget,6022,D008,Input,Input,Amount,72584
2026-12,Budget,6022,D009,Input,Input,Amount,59229
2026-12,Budget,6022,D010,Input,Input,Amount,592175
2026-12,Budget,6022,D011,Input,Input,Amount,129832
2026-12,Budget,6022,D012,Input,Input,Amount,97521
2026-12,Budget,6022,D013,Input,Input,Amount,484993
2026-12,Budget,6022,D014,Input,Input,Amount,289241
2026-12,Budget,6022,D015,Input,Input,Amount,531224
2026-12,Budget,6022,D016,Input,Input,Amount,525783
2026-12,Budget,6022,D017,Input,Input,Amount,584130
2026-12,Budget,6023,D001,Input,Input,Amount,447252
2026-12,Budget,6023,D002,Input,Input,Amount,551053
2026-12,Budget,6023,D003,Input,Input,Amount,593850
2026-12,Budget,6023,D004,Input,Input,Amount,194948
2026-12,Budget,6023,D005,Input,Input,Amount,519151
2026-12,Budget,6023,D006,Input,Input,Amount,404364
2026-12,Budget,6023,D007,Input,Input,Amount,605739
2026-12,Budget,6023,D008,Input,Input,Amount,438229
2026-12,Budget,6023,D009,Input,Input,Amount,543745
2026-12,Budget,6023,D010,Input,Input,Amount,132344
2026-12,Budget,6023,D011,Input,Input,Amount,599417
2026-12,Budget,6023,D012,Input,Input,Amount,44559
2026-12,Budget,6023,D013,Input,Input,Amount,465776
2026-12,Budget,6023,D014,Input,Input,Amount,287936
2026-12,Budget,6023,D015,Input,Input,Amount,535194
2026-12,Budget,6023,D016,Input,Input,Amount,301995
2026-12,Budget,6023,D017,Input,Input,Amount,190925
2026-12,Budget,6024,D001,Input,Input,Amount,98289
2026-12,Budget,6024,D002,Input,Input,Amount,181844
2026-12,Budget,6024,D003,Input,Input,Amount,254295
2026-12,Budget,6024,D004,Input,Input,Amount,99433
2026-12,Budget,6024,D005,Input,Input,Amount,179047
2026-12,Budget,6024,D006,Input,Input,Amount,557749
2026-12,Budget,6024,D007,Input,Input,Amount,56802
2026-12,Budget,6024,D008,Input,Input,Amount,522896
2026-12,Budget,6024,D009,Input,Input,Amount,540008
2026-12,Budget,6024,D010,Input,Input,Amount,257663
2026-12,Budget,6024,D011,Input,Input,Amount,535181
2026-12,Budget,6024,D012,Input,Input,Amount,391919
2026-12,Budget,6024,D013,Input,Input,Amount,124878
2026-12,Budget,6024,D014,Input,Input,Amount,481226
2026-12,Budget,6024,D015,Input,Input,Amount,458117
2026-12,Budget,6024,D016,Input,Input,Amount,311508
2026-12,Budget,6024,D017,Input,Input,Amount,453659
2026-12,Budget,6025,D001,Input,Input,Amount,146999
2026-12,Budget,6025,D002,Input,Input,Amount,613973
2026-12,Budget,6025,D003,Input,Input,Amount,298580
2026-12,Budget,6025,D004,Input,Input,Amount,288201
2026-12,Budget,6025,D005,Input,Input,Amount,170810
2026-12,Budget,6025,D006,Input,Input,Amount,463740
2026-12,Budget,6025,D007,Input,Input,Amount,276808
2026-12,Budget,6025,D008,Input,Input,Amount,464810
2026-12,Budget,6025,D009,Input,Input,Amount,189716
2026-12,Budget,6025,D010,Input,Input,Amount,338795
2026-12,Budget,6025,D011,Input,Input,Amount,620219
2026-12,Budget,6025,D012,Input,Input,Amount,373399
2026-12,Budget,6025,D013,Input,Input,Amount,345349
2026-12,Budget,6025,D014,Input,Input,Amount,515105
2026-12,Budget,6025,D015,Input,Input,Amount,215675
2026-12,Budget,6025,D016,Input,Input,Amount,272064
2026-12,Budget,6025,D017,Input,Input,Amount,397026
2026-12,Budget,6026,D001,Input,Input,Amount,309647
2026-12,Budget,6026,D002,Input,Input,Amount,336936
2026-12,Budget,6026,D003,Input,Input,Amount,104381
2026-12,Budget,6026,D004,Input,Input,Amount,149297
2026-12,Budget,6026,D005,Input,Input,Amount,171061
2026-12,Budget,6026,D006,Input,Input,Amount,491754
2026-12,Budget,6026,D007,Input,Input,Amount,298635
2026-12,Budget,6026,D008,Input,Input,Amount,531588
2026-12,Budget,6026,D009,Input,Input,Amount,164982
2026-12,Budget,6026,D010,Input,Input,Amount,561423
2026-12,Budget,6026,D011,Input,Input,Amount,294764
2026-12,Budget,6026,D012,Input,Input,Amount,108798
2026-12,Budget,6026,D013,Input,Input,Amount,135502
2026-12,Budget,6026,D014,Input,Input,Amount,595132
2026-12,Budget,6026,D015,Input,Input,Amount,468961
2026-12,Budget,6026,D016,Input,Input,Amount,225045
2026-12,Budget,6026,D017,Input,Input,Amount,584826
2027-01,Budget,4001,D001,Input,Input,Amount,588275
2027-01,Budget,4001,D002,Input,Input,Amount,602328
2027-01,Budget,4001,D003,Input,Input,Amount,621251
2027-01,Budget,4001,D004,Input,Input,Amount,607274
2027-01,Budget,4001,D005,Input,Input,Amount,608103
2027-01,Budget,4001,D006,Input,Input,Amount,593829
2027-01,Budget,4001,D007,Input,Input,Amount,606772
2027-01,Budget,4001,D008,Input,Input,Amount,626070
2027-01,Budget,4001,D009,Input,Input,Amount,587521
2027-01,Budget,4001,D010,Input,Input,Amount,618996
2027-01,Budget,4001,D011,Input,Input,Amount,575512
2027-01,Budget,4001,D012,Input,Input,Amount,88059
2027-01,Budget,4001,D013,Input,Input,Amount,538212
2027-01,Budget,4001,D014,Input,Input,Amount,500987
2027-01,Budget,4001,D015,Input,Input,Amount,124851
2027-01,Budget,4001,D016,Input,Input,Amount,309699
2027-01,Budget,4001,D017,Input,Input,Amount,91254
2027-01,Budget,4002,D001,Input,Input,Amount,621803
2027-01,Budget,4002,D002,Input,Input,Amount,592082
2027-01,Budget,4002,D003,Input,Input,Amount,624987
2027-01,Budget,4002,D004,Input,Input,Amount,619735
2027-01,Budget,4002,D005,Input,Input,Amount,600013
2027-01,Budget,4002,D006,Input,Input,Amount,597343
2027-01,Budget,4002,D007,Input,Input,Amount,609524
2027-01,Budget,4002,D008,Input,Input,Amount,609755
2027-01,Budget,4002,D009,Input,Input,Amount,615688
2027-01,Budget,4002,D010,Input,Input,Amount,629083
2027-01,Budget,4002,D011,Input,Input,Amount,171739
2027-01,Budget,4002,D012,Input,Input,Amount,298284
2027-01,Budget,4002,D013,Input,Input,Amount,116228
2027-01,Budget,4002,D014,Input,Input,Amount,395790
2027-01,Budget,4002,D015,Input,Input,Amount,546599
2027-01,Budget,4002,D016,Input,Input,Amount,275626
2027-01,Budget,4002,D017,Input,Input,Amount,298266
2027-01,Budget,4003,D001,Input,Input,Amount,629334
2027-01,Budget,4003,D002,Input,Input,Amount,583367
2027-01,Budget,4003,D003,Input,Input,Amount,583513
2027-01,Budget,4003,D004,Input,Input,Amount,619067
2027-01,Budget,4003,D005,Input,Input,Amount,617265
2027-01,Budget,4003,D006,Input,Input,Amount,623281
2027-01,Budget,4003,D007,Input,Input,Amount,625178
2027-01,Budget,4003,D008,Input,Input,Amount,584664
2027-01,Budget,4003,D009,Input,Input,Amount,594733
2027-01,Budget,4003,D010,Input,Input,Amount,617303
2027-01,Budget,4003,D011,Input,Input,Amount,322474
2027-01,Budget,4003,D012,Input,Input,Amount,449562
2027-01,Budget,4003,D013,Input,Input,Amount,89463
2027-01,Budget,4003,D014,Input,Input,Amount,37635
2027-01,Budget,4003,D015,Input,Input,Amount,537470
2027-01,Budget,4003,D016,Input,Input,Amount,423639
2027-01,Budget,4003,D017,Input,Input,Amount,629803
2027-01,Budget,4004,D001,Input,Input,Amount,378958
2027-01,Budget,4004,D002,Input,Input,Amount,117442
2027-01,Budget,4004,D003,Input,Input,Amount,337080
2027-01,Budget,4004,D004,Input,Input,Amount,364533
2027-01,Budget,4004,D005,Input,Input,Amount,512484
2027-01,Budget,4004,D006,Input,Input,Amount,369157
2027-01,Budget,4004,D007,Input,Input,Amount,442940
2027-01,Budget,4004,D008,Input,Input,Amount,405790
2027-01,Budget,4004,D009,Input,Input,Amount,75242
2027-01,Budget,4004,D010,Input,Input,Amount,616978
2027-01,Budget,4004,D011,Input,Input,Amount,97795
2027-01,Budget,4004,D012,Input,Input,Amount,155186
2027-01,Budget,4004,D013,Input,Input,Amount,425124
2027-01,Budget,4004,D014,Input,Input,Amount,120240
2027-01,Budget,4004,D015,Input,Input,Amount,502203
2027-01,Budget,4004,D016,Input,Input,Amount,304028
2027-01,Budget,4004,D017,Input,Input,Amount,391584
2027-01,Budget,4005,D001,Input,Input,Amount,190998
2027-01,Budget,4005,D002,Input,Input,Amount,471910
2027-01,Budget,4005,D003,Input,Input,Amount,375823
2027-01,Budget,4005,D004,Input,Input,Amount,180481
2027-01,Budget,4005,D005,Input,Input,Amount,167474
2027-01,Budget,4005,D006,Input,Input,Amount,218204
2027-01,Budget,4005,D007,Input,Input,Amount,215569
2027-01,Budget,4005,D008,Input,Input,Amount,79134
2027-01,Budget,4005,D009,Input,Input,Amount,395998
2027-01,Budget,4005,D010,Input,Input,Amount,111013
2027-01,Budget,4005,D011,Input,Input,Amount,521677
2027-01,Budget,4005,D012,Input,Input,Amount,117676
2027-01,Budget,4005,D013,Input,Input,Amount,617859
2027-01,Budget,4005,D014,Input,Input,Amount,540949
2027-01,Budget,4005,D015,Input,Input,Amount,235140
2027-01,Budget,4005,D016,Input,Input,Amount,526199
2027-01,Budget,4005,D017,Input,Input,Amount,413016
2027-01,Budget,5001,D001,Input,Input,Amount,362170
2027-01,Budget,5001,D002,Input,Input,Amount,346546
2027-01,Budget,5001,D003,Input,Input,Amount,339943
2027-01,Budget,5001,D004,Input,Input,Amount,370528
2027-01,Budget,5001,D005,Input,Input,Amount,370699
2027-01,Budget,5001,D006,Input,Input,Amount,335320
2027-01,Budget,5001,D007,Input,Input,Amount,368916
2027-01,Budget,5001,D008,Input,Input,Amount,375048
2027-01,Budget,5001,D009,Input,Input,Amount,372443
2027-01,Budget,5001,D010,Input,Input,Amount,348914
2027-01,Budget,5001,D011,Input,Input,Amount,531496
2027-01,Budget,5001,D012,Input,Input,Amount,523005
2027-01,Budget,5001,D013,Input,Input,Amount,464622
2027-01,Budget,5001,D014,Input,Input,Amount,170339
2027-01,Budget,5001,D015,Input,Input,Amount,151758
2027-01,Budget,5001,D016,Input,Input,Amount,624866
2027-01,Budget,5001,D017,Input,Input,Amount,186093
2027-01,Budget,5002,D001,Input,Input,Amount,336723
2027-01,Budget,5002,D002,Input,Input,Amount,361308
2027-01,Budget,5002,D003,Input,Input,Amount,339777
2027-01,Budget,5002,D004,Input,Input,Amount,344790
2027-01,Budget,5002,D005,Input,Input,Amount,333947
2027-01,Budget,5002,D006,Input,Input,Amount,340292
2027-01,Budget,5002,D007,Input,Input,Amount,360796
2027-01,Budget,5002,D008,Input,Input,Amount,345297
2027-01,Budget,5002,D009,Input,Input,Amount,339764
2027-01,Budget,5002,D010,Input,Input,Amount,358780
2027-01,Budget,5002,D011,Input,Input,Amount,348839
2027-01,Budget,5002,D012,Input,Input,Amount,525407
2027-01,Budget,5002,D013,Input,Input,Amount,51278
2027-01,Budget,5002,D014,Input,Input,Amount,411890
2027-01,Budget,5002,D015,Input,Input,Amount,570383
2027-01,Budget,5002,D016,Input,Input,Amount,37149
2027-01,Budget,5002,D017,Input,Input,Amount,384248
2027-01,Budget,5003,D001,Input,Input,Amount,330803
2027-01,Budget,5003,D002,Input,Input,Amount,337476
2027-01,Budget,5003,D003,Input,Input,Amount,366886
2027-01,Budget,5003,D004,Input,Input,Amount,364247
2027-01,Budget,5003,D005,Input,Input,Amount,369952
2027-01,Budget,5003,D006,Input,Input,Amount,345719
2027-01,Budget,5003,D007,Input,Input,Amount,349087
2027-01,Budget,5003,D008,Input,Input,Amount,347337
2027-01,Budget,5003,D009,Input,Input,Amount,347408
2027-01,Budget,5003,D010,Input,Input,Amount,338149
2027-01,Budget,5003,D011,Input,Input,Amount,80536
2027-01,Budget,5003,D012,Input,Input,Amount,493561
2027-01,Budget,5003,D013,Input,Input,Amount,365983
2027-01,Budget,5003,D014,Input,Input,Amount,279634
2027-01,Budget,5003,D015,Input,Input,Amount,573036
2027-01,Budget,5003,D016,Input,Input,Amount,307268
2027-01,Budget,5003,D017,Input,Input,Amount,83572
2027-01,Budget,6001,D001,Input,Input,Amount,102621
2027-01,Budget,6001,D002,Input,Input,Amount,69282
2027-01,Budget,6001,D003,Input,Input,Amount,84912
2027-01,Budget,6001,D004,Input,Input,Amount,89928
2027-01,Budget,6001,D005,Input,Input,Amount,113502
2027-01,Budget,6001,D006,Input,Input,Amount,76391
2027-01,Budget,6001,D007,Input,Input,Amount,67139
2027-01,Budget,6001,D008,Input,Input,Amount,105963
2027-01,Budget,6001,D009,Input,Input,Amount,74321
2027-01,Budget,6001,D010,Input,Input,Amount,95716
2027-01,Budget,6001,D011,Input,Input,Amount,492469
2027-01,Budget,6001,D012,Input,Input,Amount,552644
2027-01,Budget,6001,D013,Input,Input,Amount,279720
2027-01,Budget,6001,D014,Input,Input,Amount,493288
2027-01,Budget,6001,D015,Input,Input,Amount,310385
2027-01,Budget,6001,D016,Input,Input,Amount,474909
2027-01,Budget,6001,D017,Input,Input,Amount,67355
2027-01,Budget,6002,D001,Input,Input,Amount,83634
2027-01,Budget,6002,D002,Input,Input,Amount,91260
2027-01,Budget,6002,D003,Input,Input,Amount,70582
2027-01,Budget,6002,D004,Input,Input,Amount,94524
2027-01,Budget,6002,D005,Input,Input,Amount,71503
2027-01,Budget,6002,D006,Input,Input,Amount,101175
2027-01,Budget,6002,D007,Input,Input,Amount,80170
2027-01,Budget,6002,D008,Input,Input,Amount,103652
2027-01,Budget,6002,D009,Input,Input,Amount,69679
2027-01,Budget,6002,D010,Input,Input,Amount,110133
2027-01,Budget,6002,D011,Input,Input,Amount,312057
2027-01,Budget,6002,D012,Input,Input,Amount,252343
2027-01,Budget,6002,D013,Input,Input,Amount,389282
2027-01,Budget,6002,D014,Input,Input,Amount,353333
2027-01,Budget,6002,D015,Input,Input,Amount,99583
2027-01,Budget,6002,D016,Input,Input,Amount,147360
2027-01,Budget,6002,D017,Input,Input,Amount,346477
2027-01,Budget,6003,D001,Input,Input,Amount,95762
2027-01,Budget,6003,D002,Input,Input,Amount,97227
2027-01,Budget,6003,D003,Input,Input,Amount,81265
2027-01,Budget,6003,D004,Input,Input,Amount,94014
2027-01,Budget,6003,D005,Input,Input,Amount,114986
2027-01,Budget,6003,D006,Input,Input,Amount,69919
2027-01,Budget,6003,D007,Input,Input,Amount,83881
2027-01,Budget,6003,D008,Input,Input,Amount,108331
2027-01,Budget,6003,D009,Input,Input,Amount,68908
2027-01,Budget,6003,D010,Input,Input,Amount,84928
2027-01,Budget,6003,D011,Input,Input,Amount,78106
2027-01,Budget,6003,D012,Input,Input,Amount,318305
2027-01,Budget,6003,D013,Input,Input,Amount,265189
2027-01,Budget,6003,D014,Input,Input,Amount,349602
2027-01,Budget,6003,D015,Input,Input,Amount,625426
2027-01,Budget,6003,D016,Input,Input,Amount,155934
2027-01,Budget,6003,D017,Input,Input,Amount,323994
2027-01,Budget,6004,D001,Input,Input,Amount,96373
2027-01,Budget,6004,D002,Input,Input,Amount,69855
2027-01,Budget,6004,D003,Input,Input,Amount,72762
2027-01,Budget,6004,D004,Input,Input,Amount,84487
2027-01,Budget,6004,D005,Input,Input,Amount,78617
2027-01,Budget,6004,D006,Input,Input,Amount,75258
2027-01,Budget,6004,D007,Input,Input,Amount,111331
2027-01,Budget,6004,D008,Input,Input,Amount,77964
2027-01,Budget,6004,D009,Input,Input,Amount,75873
2027-01,Budget,6004,D010,Input,Input,Amount,110857
2027-01,Budget,6004,D011,Input,Input,Amount,58651
2027-01,Budget,6004,D012,Input,Input,Amount,213547
2027-01,Budget,6004,D013,Input,Input,Amount,348116
2027-01,Budget,6004,D014,Input,Input,Amount,396112
2027-01,Budget,6004,D015,Input,Input,Amount,530433
2027-01,Budget,6004,D016,Input,Input,Amount,385743
2027-01,Budget,6004,D017,Input,Input,Amount,553502
2027-01,Budget,6005,D001,Input,Input,Amount,93866
2027-01,Budget,6005,D002,Input,Input,Amount,102815
2027-01,Budget,6005,D003,Input,Input,Amount,101573
2027-01,Budget,6005,D004,Input,Input,Amount,103569
2027-01,Budget,6005,D005,Input,Input,Amount,105993
2027-01,Budget,6005,D006,Input,Input,Amount,65175
2027-01,Budget,6005,D007,Input,Input,Amount,83528
2027-01,Budget,6005,D008,Input,Input,Amount,92861
2027-01,Budget,6005,D009,Input,Input,Amount,85159
2027-01,Budget,6005,D010,Input,Input,Amount,91378
2027-01,Budget,6005,D011,Input,Input,Amount,260133
2027-01,Budget,6005,D012,Input,Input,Amount,70811
2027-01,Budget,6005,D013,Input,Input,Amount,428338
2027-01,Budget,6005,D014,Input,Input,Amount,278962
2027-01,Budget,6005,D015,Input,Input,Amount,290113
2027-01,Budget,6005,D016,Input,Input,Amount,160772
2027-01,Budget,6005,D017,Input,Input,Amount,309685
2027-01,Budget,6006,D001,Input,Input,Amount,484269
2027-01,Budget,6006,D002,Input,Input,Amount,603785
2027-01,Budget,6006,D003,Input,Input,Amount,484226
2027-01,Budget,6006,D004,Input,Input,Amount,385567
2027-01,Budget,6006,D005,Input,Input,Amount,245408
2027-01,Budget,6006,D006,Input,Input,Amount,430255
2027-01,Budget,6006,D007,Input,Input,Amount,126745
2027-01,Budget,6006,D008,Input,Input,Amount,408375
2027-01,Budget,6006,D009,Input,Input,Amount,475981
2027-01,Budget,6006,D010,Input,Input,Amount,359252
2027-01,Budget,6006,D011,Input,Input,Amount,515198
2027-01,Budget,6006,D012,Input,Input,Amount,190746
2027-01,Budget,6006,D013,Input,Input,Amount,143234
2027-01,Budget,6006,D014,Input,Input,Amount,337662
2027-01,Budget,6006,D015,Input,Input,Amount,396670
2027-01,Budget,6006,D016,Input,Input,Amount,434924
2027-01,Budget,6006,D017,Input,Input,Amount,480652
2027-01,Budget,6007,D001,Input,Input,Amount,193646
2027-01,Budget,6007,D002,Input,Input,Amount,229969
2027-01,Budget,6007,D003,Input,Input,Amount,278279
2027-01,Budget,6007,D004,Input,Input,Amount,462291
2027-01,Budget,6007,D005,Input,Input,Amount,486281
2027-01,Budget,6007,D006,Input,Input,Amount,373608
2027-01,Budget,6007,D007,Input,Input,Amount,557525
2027-01,Budget,6007,D008,Input,Input,Amount,575513
2027-01,Budget,6007,D009,Input,Input,Amount,230080
2027-01,Budget,6007,D010,Input,Input,Amount,97363
2027-01,Budget,6007,D011,Input,Input,Amount,251755
2027-01,Budget,6007,D012,Input,Input,Amount,160799
2027-01,Budget,6007,D013,Input,Input,Amount,448145
2027-01,Budget,6007,D014,Input,Input,Amount,70100
2027-01,Budget,6007,D015,Input,Input,Amount,52669
2027-01,Budget,6007,D016,Input,Input,Amount,103324
2027-01,Budget,6007,D017,Input,Input,Amount,410611
2027-01,Budget,6008,D001,Input,Input,Amount,188775
2027-01,Budget,6008,D002,Input,Input,Amount,131181
2027-01,Budget,6008,D003,Input,Input,Amount,46047
2027-01,Budget,6008,D004,Input,Input,Amount,355168
2027-01,Budget,6008,D005,Input,Input,Amount,455503
2027-01,Budget,6008,D006,Input,Input,Amount,37484
2027-01,Budget,6008,D007,Input,Input,Amount,160998
2027-01,Budget,6008,D008,Input,Input,Amount,70506
2027-01,Budget,6008,D009,Input,Input,Amount,44770
2027-01,Budget,6008,D010,Input,Input,Amount,500105
2027-01,Budget,6008,D011,Input,Input,Amount,53698
2027-01,Budget,6008,D012,Input,Input,Amount,276726
2027-01,Budget,6008,D013,Input,Input,Amount,189675
2027-01,Budget,6008,D014,Input,Input,Amount,215627
2027-01,Budget,6008,D015,Input,Input,Amount,533522
2027-01,Budget,6008,D016,Input,Input,Amount,89331
2027-01,Budget,6008,D017,Input,Input,Amount,251583
2027-01,Budget,6009,D001,Input,Input,Amount,541579
2027-01,Budget,6009,D002,Input,Input,Amount,239222
2027-01,Budget,6009,D003,Input,Input,Amount,253736
2027-01,Budget,6009,D004,Input,Input,Amount,118371
2027-01,Budget,6009,D005,Input,Input,Amount,345054
2027-01,Budget,6009,D006,Input,Input,Amount,288841
2027-01,Budget,6009,D007,Input,Input,Amount,390236
2027-01,Budget,6009,D008,Input,Input,Amount,439806
2027-01,Budget,6009,D009,Input,Input,Amount,85381
2027-01,Budget,6009,D010,Input,Input,Amount,563467
2027-01,Budget,6009,D011,Input,Input,Amount,398967
2027-01,Budget,6009,D012,Input,Input,Amount,581896
2027-01,Budget,6009,D013,Input,Input,Amount,145414
2027-01,Budget,6009,D014,Input,Input,Amount,502050
2027-01,Budget,6009,D015,Input,Input,Amount,462706
2027-01,Budget,6009,D016,Input,Input,Amount,610228
2027-01,Budget,6009,D017,Input,Input,Amount,489791
2027-01,Budget,6010,D001,Input,Input,Amount,469761
2027-01,Budget,6010,D002,Input,Input,Amount,99263
2027-01,Budget,6010,D003,Input,Input,Amount,73036
2027-01,Budget,6010,D004,Input,Input,Amount,106242
2027-01,Budget,6010,D005,Input,Input,Amount,474787
2027-01,Budget,6010,D006,Input,Input,Amount,581513
2027-01,Budget,6010,D007,Input,Input,Amount,537652
2027-01,Budget,6010,D008,Input,Input,Amount,365539
2027-01,Budget,6010,D009,Input,Input,Amount,273255
2027-01,Budget,6010,D010,Input,Input,Amount,507129
2027-01,Budget,6010,D011,Input,Input,Amount,395307
2027-01,Budget,6010,D012,Input,Input,Amount,336176
2027-01,Budget,6010,D013,Input,Input,Amount,97621
2027-01,Budget,6010,D014,Input,Input,Amount,415333
2027-01,Budget,6010,D015,Input,Input,Amount,272805
2027-01,Budget,6010,D016,Input,Input,Amount,237837
2027-01,Budget,6010,D017,Input,Input,Amount,110455
2027-01,Budget,6011,D001,Input,Input,Amount,289977
2027-01,Budget,6011,D002,Input,Input,Amount,223035
2027-01,Budget,6011,D003,Input,Input,Amount,207464
2027-01,Budget,6011,D004,Input,Input,Amount,585192
2027-01,Budget,6011,D005,Input,Input,Amount,588837
2027-01,Budget,6011,D006,Input,Input,Amount,578086
2027-01,Budget,6011,D007,Input,Input,Amount,170303
2027-01,Budget,6011,D008,Input,Input,Amount,435419
2027-01,Budget,6011,D009,Input,Input,Amount,460003
2027-01,Budget,6011,D010,Input,Input,Amount,602497
2027-01,Budget,6011,D011,Input,Input,Amount,207249
2027-01,Budget,6011,D012,Input,Input,Amount,558205
2027-01,Budget,6011,D013,Input,Input,Amount,99198
2027-01,Budget,6011,D014,Input,Input,Amount,401633
2027-01,Budget,6011,D015,Input,Input,Amount,480352
2027-01,Budget,6011,D016,Input,Input,Amount,479031
2027-01,Budget,6011,D017,Input,Input,Amount,307744
2027-01,Budget,6012,D001,Input,Input,Amount,288844
2027-01,Budget,6012,D002,Input,Input,Amount,178462
2027-01,Budget,6012,D003,Input,Input,Amount,356113
2027-01,Budget,6012,D004,Input,Input,Amount,252275
2027-01,Budget,6012,D005,Input,Input,Amount,146321
2027-01,Budget,6012,D006,Input,Input,Amount,568990
2027-01,Budget,6012,D007,Input,Input,Amount,74646
2027-01,Budget,6012,D008,Input,Input,Amount,276442
2027-01,Budget,6012,D009,Input,Input,Amount,429541
2027-01,Budget,6012,D010,Input,Input,Amount,233585
2027-01,Budget,6012,D011,Input,Input,Amount,256174
2027-01,Budget,6012,D012,Input,Input,Amount,56224
2027-01,Budget,6012,D013,Input,Input,Amount,475422
2027-01,Budget,6012,D014,Input,Input,Amount,522105
2027-01,Budget,6012,D015,Input,Input,Amount,67322
2027-01,Budget,6012,D016,Input,Input,Amount,514002
2027-01,Budget,6012,D017,Input,Input,Amount,416242
2027-01,Budget,6013,D001,Input,Input,Amount,149499
2027-01,Budget,6013,D002,Input,Input,Amount,244687
2027-01,Budget,6013,D003,Input,Input,Amount,343288
2027-01,Budget,6013,D004,Input,Input,Amount,115013
2027-01,Budget,6013,D005,Input,Input,Amount,206182
2027-01,Budget,6013,D006,Input,Input,Amount,432499
2027-01,Budget,6013,D007,Input,Input,Amount,48796
2027-01,Budget,6013,D008,Input,Input,Amount,477969
2027-01,Budget,6013,D009,Input,Input,Amount,500988
2027-01,Budget,6013,D010,Input,Input,Amount,200152
2027-01,Budget,6013,D011,Input,Input,Amount,58195
2027-01,Budget,6013,D012,Input,Input,Amount,310709
2027-01,Budget,6013,D013,Input,Input,Amount,131326
2027-01,Budget,6013,D014,Input,Input,Amount,345895
2027-01,Budget,6013,D015,Input,Input,Amount,176299
2027-01,Budget,6013,D016,Input,Input,Amount,506351
2027-01,Budget,6013,D017,Input,Input,Amount,517527
2027-01,Budget,6014,D001,Input,Input,Amount,207862
2027-01,Budget,6014,D002,Input,Input,Amount,312402
2027-01,Budget,6014,D003,Input,Input,Amount,620299
2027-01,Budget,6014,D004,Input,Input,Amount,578605
2027-01,Budget,6014,D005,Input,Input,Amount,265716
2027-01,Budget,6014,D006,Input,Input,Amount,263568
2027-01,Budget,6014,D007,Input,Input,Amount,583400
2027-01,Budget,6014,D008,Input,Input,Amount,533028
2027-01,Budget,6014,D009,Input,Input,Amount,174684
2027-01,Budget,6014,D010,Input,Input,Amount,333834
2027-01,Budget,6014,D011,Input,Input,Amount,463815
2027-01,Budget,6014,D012,Input,Input,Amount,136629
2027-01,Budget,6014,D013,Input,Input,Amount,219561
2027-01,Budget,6014,D014,Input,Input,Amount,482531
2027-01,Budget,6014,D015,Input,Input,Amount,34621
2027-01,Budget,6014,D016,Input,Input,Amount,512220
2027-01,Budget,6014,D017,Input,Input,Amount,424969
2027-01,Budget,6015,D001,Input,Input,Amount,308445
2027-01,Budget,6015,D002,Input,Input,Amount,597778
2027-01,Budget,6015,D003,Input,Input,Amount,83216
2027-01,Budget,6015,D004,Input,Input,Amount,558101
2027-01,Budget,6015,D005,Input,Input,Amount,297815
2027-01,Budget,6015,D006,Input,Input,Amount,38385
2027-01,Budget,6015,D007,Input,Input,Amount,269815
2027-01,Budget,6015,D008,Input,Input,Amount,100950
2027-01,Budget,6015,D009,Input,Input,Amount,538899
2027-01,Budget,6015,D010,Input,Input,Amount,554583
2027-01,Budget,6015,D011,Input,Input,Amount,492609
2027-01,Budget,6015,D012,Input,Input,Amount,345164
2027-01,Budget,6015,D013,Input,Input,Amount,42167
2027-01,Budget,6015,D014,Input,Input,Amount,270117
2027-01,Budget,6015,D015,Input,Input,Amount,430823
2027-01,Budget,6015,D016,Input,Input,Amount,373348
2027-01,Budget,6015,D017,Input,Input,Amount,91876
2027-01,Budget,6016,D001,Input,Input,Amount,275436
2027-01,Budget,6016,D002,Input,Input,Amount,124702
2027-01,Budget,6016,D003,Input,Input,Amount,514915
2027-01,Budget,6016,D004,Input,Input,Amount,438296
2027-01,Budget,6016,D005,Input,Input,Amount,438998
2027-01,Budget,6016,D006,Input,Input,Amount,114579
2027-01,Budget,6016,D007,Input,Input,Amount,243751
2027-01,Budget,6016,D008,Input,Input,Amount,465131
2027-01,Budget,6016,D009,Input,Input,Amount,74634
2027-01,Budget,6016,D010,Input,Input,Amount,150865
2027-01,Budget,6016,D011,Input,Input,Amount,370868
2027-01,Budget,6016,D012,Input,Input,Amount,81286
2027-01,Budget,6016,D013,Input,Input,Amount,106600
2027-01,Budget,6016,D014,Input,Input,Amount,75020
2027-01,Budget,6016,D015,Input,Input,Amount,187653
2027-01,Budget,6016,D016,Input,Input,Amount,577137
2027-01,Budget,6016,D017,Input,Input,Amount,536842
2027-01,Budget,6017,D001,Input,Input,Amount,421995
2027-01,Budget,6017,D002,Input,Input,Amount,253330
2027-01,Budget,6017,D003,Input,Input,Amount,200885
2027-01,Budget,6017,D004,Input,Input,Amount,373048
2027-01,Budget,6017,D005,Input,Input,Amount,397465
2027-01,Budget,6017,D006,Input,Input,Amount,326960
2027-01,Budget,6017,D007,Input,Input,Amount,536323
2027-01,Budget,6017,D008,Input,Input,Amount,374720
2027-01,Budget,6017,D009,Input,Input,Amount,207082
2027-01,Budget,6017,D010,Input,Input,Amount,262932
2027-01,Budget,6017,D011,Input,Input,Amount,229118
2027-01,Budget,6017,D012,Input,Input,Amount,199356
2027-01,Budget,6017,D013,Input,Input,Amount,476662
2027-01,Budget,6017,D014,Input,Input,Amount,132397
2027-01,Budget,6017,D015,Input,Input,Amount,599035
2027-01,Budget,6017,D016,Input,Input,Amount,146460
2027-01,Budget,6017,D017,Input,Input,Amount,629172
2027-01,Budget,6018,D001,Input,Input,Amount,384315
2027-01,Budget,6018,D002,Input,Input,Amount,359429
2027-01,Budget,6018,D003,Input,Input,Amount,39495
2027-01,Budget,6018,D004,Input,Input,Amount,346231
2027-01,Budget,6018,D005,Input,Input,Amount,321294
2027-01,Budget,6018,D006,Input,Input,Amount,186237
2027-01,Budget,6018,D007,Input,Input,Amount,342110
2027-01,Budget,6018,D008,Input,Input,Amount,433247
2027-01,Budget,6018,D009,Input,Input,Amount,316255
2027-01,Budget,6018,D010,Input,Input,Amount,168690
2027-01,Budget,6018,D011,Input,Input,Amount,379286
2027-01,Budget,6018,D012,Input,Input,Amount,394435
2027-01,Budget,6018,D013,Input,Input,Amount,570120
2027-01,Budget,6018,D014,Input,Input,Amount,535614
2027-01,Budget,6018,D015,Input,Input,Amount,206404
2027-01,Budget,6018,D016,Input,Input,Amount,396808
2027-01,Budget,6018,D017,Input,Input,Amount,108264
2027-01,Budget,6019,D001,Input,Input,Amount,147398
2027-01,Budget,6019,D002,Input,Input,Amount,303717
2027-01,Budget,6019,D003,Input,Input,Amount,376488
2027-01,Budget,6019,D004,Input,Input,Amount,535414
2027-01,Budget,6019,D005,Input,Input,Amount,320674
2027-01,Budget,6019,D006,Input,Input,Amount,585458
2027-01,Budget,6019,D007,Input,Input,Amount,276884
2027-01,Budget,6019,D008,Input,Input,Amount,42115
2027-01,Budget,6019,D009,Input,Input,Amount,554109
2027-01,Budget,6019,D010,Input,Input,Amount,384311
2027-01,Budget,6019,D011,Input,Input,Amount,483061
2027-01,Budget,6019,D012,Input,Input,Amount,605704
2027-01,Budget,6019,D013,Input,Input,Amount,127161
2027-01,Budget,6019,D014,Input,Input,Amount,370825
2027-01,Budget,6019,D015,Input,Input,Amount,78753
2027-01,Budget,6019,D016,Input,Input,Amount,200929
2027-01,Budget,6019,D017,Input,Input,Amount,378480
2027-01,Budget,6020,D001,Input,Input,Amount,228335
2027-01,Budget,6020,D002,Input,Input,Amount,162604
2027-01,Budget,6020,D003,Input,Input,Amount,598138
2027-01,Budget,6020,D004,Input,Input,Amount,175187
2027-01,Budget,6020,D005,Input,Input,Amount,53225
2027-01,Budget,6020,D006,Input,Input,Amount,438448
2027-01,Budget,6020,D007,Input,Input,Amount,527652
2027-01,Budget,6020,D008,Input,Input,Amount,441129
2027-01,Budget,6020,D009,Input,Input,Amount,416621
2027-01,Budget,6020,D010,Input,Input,Amount,81454
2027-01,Budget,6020,D011,Input,Input,Amount,148806
2027-01,Budget,6020,D012,Input,Input,Amount,571602
2027-01,Budget,6020,D013,Input,Input,Amount,589544
2027-01,Budget,6020,D014,Input,Input,Amount,126927
2027-01,Budget,6020,D015,Input,Input,Amount,524889
2027-01,Budget,6020,D016,Input,Input,Amount,596835
2027-01,Budget,6020,D017,Input,Input,Amount,78879
2027-01,Budget,6021,D001,Input,Input,Amount,153329
2027-01,Budget,6021,D002,Input,Input,Amount,553888
2027-01,Budget,6021,D003,Input,Input,Amount,601584
2027-01,Budget,6021,D004,Input,Input,Amount,132624
2027-01,Budget,6021,D005,Input,Input,Amount,574083
2027-01,Budget,6021,D006,Input,Input,Amount,351877
2027-01,Budget,6021,D007,Input,Input,Amount,141048
2027-01,Budget,6021,D008,Input,Input,Amount,149688
2027-01,Budget,6021,D009,Input,Input,Amount,174867
2027-01,Budget,6021,D010,Input,Input,Amount,270351
2027-01,Budget,6021,D011,Input,Input,Amount,395030
2027-01,Budget,6021,D012,Input,Input,Amount,405985
2027-01,Budget,6021,D013,Input,Input,Amount,337478
2027-01,Budget,6021,D014,Input,Input,Amount,446241
2027-01,Budget,6021,D015,Input,Input,Amount,377646
2027-01,Budget,6021,D016,Input,Input,Amount,291168
2027-01,Budget,6021,D017,Input,Input,Amount,245050
2027-01,Budget,6022,D001,Input,Input,Amount,318028
2027-01,Budget,6022,D002,Input,Input,Amount,452943
2027-01,Budget,6022,D003,Input,Input,Amount,291536
2027-01,Budget,6022,D004,Input,Input,Amount,383270
2027-01,Budget,6022,D005,Input,Input,Amount,37157
2027-01,Budget,6022,D006,Input,Input,Amount,548339
2027-01,Budget,6022,D007,Input,Input,Amount,242156
2027-01,Budget,6022,D008,Input,Input,Amount,508978
2027-01,Budget,6022,D009,Input,Input,Amount,393315
2027-01,Budget,6022,D010,Input,Input,Amount,123797
2027-01,Budget,6022,D011,Input,Input,Amount,315903
2027-01,Budget,6022,D012,Input,Input,Amount,575566
2027-01,Budget,6022,D013,Input,Input,Amount,315312
2027-01,Budget,6022,D014,Input,Input,Amount,37403
2027-01,Budget,6022,D015,Input,Input,Amount,80831
2027-01,Budget,6022,D016,Input,Input,Amount,605845
2027-01,Budget,6022,D017,Input,Input,Amount,71827
2027-01,Budget,6023,D001,Input,Input,Amount,382936
2027-01,Budget,6023,D002,Input,Input,Amount,180021
2027-01,Budget,6023,D003,Input,Input,Amount,566414
2027-01,Budget,6023,D004,Input,Input,Amount,391373
2027-01,Budget,6023,D005,Input,Input,Amount,328425
2027-01,Budget,6023,D006,Input,Input,Amount,216254
2027-01,Budget,6023,D007,Input,Input,Amount,118993
2027-01,Budget,6023,D008,Input,Input,Amount,98562
2027-01,Budget,6023,D009,Input,Input,Amount,318589
2027-01,Budget,6023,D010,Input,Input,Amount,180370
2027-01,Budget,6023,D011,Input,Input,Amount,111098
2027-01,Budget,6023,D012,Input,Input,Amount,596131
2027-01,Budget,6023,D013,Input,Input,Amount,457110
2027-01,Budget,6023,D014,Input,Input,Amount,218890
2027-01,Budget,6023,D015,Input,Input,Amount,199768
2027-01,Budget,6023,D016,Input,Input,Amount,89380
2027-01,Budget,6023,D017,Input,Input,Amount,357116
2027-01,Budget,6024,D001,Input,Input,Amount,417471
2027-01,Budget,6024,D002,Input,Input,Amount,443917
2027-01,Budget,6024,D003,Input,Input,Amount,233436
2027-01,Budget,6024,D004,Input,Input,Amount,268628
2027-01,Budget,6024,D005,Input,Input,Amount,342621
2027-01,Budget,6024,D006,Input,Input,Amount,326605
2027-01,Budget,6024,D007,Input,Input,Amount,250958
2027-01,Budget,6024,D008,Input,Input,Amount,243870
2027-01,Budget,6024,D009,Input,Input,Amount,294572
2027-01,Budget,6024,D010,Input,Input,Amount,342149
2027-01,Budget,6024,D011,Input,Input,Amount,214674
2027-01,Budget,6024,D012,Input,Input,Amount,546800
2027-01,Budget,6024,D013,Input,Input,Amount,345125
2027-01,Budget,6024,D014,Input,Input,Amount,627733
2027-01,Budget,6024,D015,Input,Input,Amount,124035
2027-01,Budget,6024,D016,Input,Input,Amount,215846
2027-01,Budget,6024,D017,Input,Input,Amount,285145
2027-01,Budget,6025,D001,Input,Input,Amount,88346
2027-01,Budget,6025,D002,Input,Input,Amount,539286
2027-01,Budget,6025,D003,Input,Input,Amount,356976
2027-01,Budget,6025,D004,Input,Input,Amount,516913
2027-01,Budget,6025,D005,Input,Input,Amount,365894
2027-01,Budget,6025,D006,Input,Input,Amount,537542
2027-01,Budget,6025,D007,Input,Input,Amount,180669
2027-01,Budget,6025,D008,Input,Input,Amount,561460
2027-01,Budget,6025,D009,Input,Input,Amount,116036
2027-01,Budget,6025,D010,Input,Input,Amount,243813
2027-01,Budget,6025,D011,Input,Input,Amount,108996
2027-01,Budget,6025,D012,Input,Input,Amount,132965
2027-01,Budget,6025,D013,Input,Input,Amount,72849
2027-01,Budget,6025,D014,Input,Input,Amount,508614
2027-01,Budget,6025,D015,Input,Input,Amount,184745
2027-01,Budget,6025,D016,Input,Input,Amount,112392
2027-01,Budget,6025,D017,Input,Input,Amount,307168
2027-01,Budget,6026,D001,Input,Input,Amount,136384
2027-01,Budget,6026,D002,Input,Input,Amount,248543
2027-01,Budget,6026,D003,Input,Input,Amount,365630
2027-01,Budget,6026,D004,Input,Input,Amount,163816
2027-01,Budget,6026,D005,Input,Input,Amount,614621
2027-01,Budget,6026,D006,Input,Input,Amount,55747
2027-01,Budget,6026,D007,Input,Input,Amount,96323
2027-01,Budget,6026,D008,Input,Input,Amount,351220
2027-01,Budget,6026,D009,Input,Input,Amount,261423
2027-01,Budget,6026,D010,Input,Input,Amount,407434
2027-01,Budget,6026,D011,Input,Input,Amount,169296
2027-01,Budget,6026,D012,Input,Input,Amount,275275
2027-01,Budget,6026,D013,Input,Input,Amount,79830
2027-01,Budget,6026,D014,Input,Input,Amount,622744
2027-01,Budget,6026,D015,Input,Input,Amount,287475
2027-01,Budget,6026,D016,Input,Input,Amount,318289
2027-01,Budget,6026,D017,Input,Input,Amount,134830
2027-02,Budget,4001,D001,Input,Input,Amount,597841
2027-02,Budget,4001,D002,Input,Input,Amount,619564
2027-02,Budget,4001,D003,Input,Input,Amount,617764
2027-02,Budget,4001,D004,Input,Input,Amount,608566
2027-02,Budget,4001,D005,Input,Input,Amount,590539
2027-02,Budget,4001,D006,Input,Input,Amount,609807
2027-02,Budget,4001,D007,Input,Input,Amount,610276
2027-02,Budget,4001,D008,Input,Input,Amount,629806
2027-02,Budget,4001,D009,Input,Input,Amount,581891
2027-02,Budget,4001,D010,Input,Input,Amount,586108
2027-02,Budget,4001,D011,Input,Input,Amount,453503
2027-02,Budget,4001,D012,Input,Input,Amount,254583
2027-02,Budget,4001,D013,Input,Input,Amount,260210
2027-02,Budget,4001,D014,Input,Input,Amount,619704
2027-02,Budget,4001,D015,Input,Input,Amount,112474
2027-02,Budget,4001,D016,Input,Input,Amount,620569
2027-02,Budget,4001,D017,Input,Input,Amount,437556
2027-02,Budget,4002,D001,Input,Input,Amount,612798
2027-02,Budget,4002,D002,Input,Input,Amount,596408
2027-02,Budget,4002,D003,Input,Input,Amount,582636
2027-02,Budget,4002,D004,Input,Input,Amount,621601
2027-02,Budget,4002,D005,Input,Input,Amount,601614
2027-02,Budget,4002,D006,Input,Input,Amount,585771
2027-02,Budget,4002,D007,Input,Input,Amount,607082
2027-02,Budget,4002,D008,Input,Input,Amount,583382
2027-02,Budget,4002,D009,Input,Input,Amount,621289
2027-02,Budget,4002,D010,Input,Input,Amount,594725
2027-02,Budget,4002,D011,Input,Input,Amount,397434
2027-02,Budget,4002,D012,Input,Input,Amount,230741
2027-02,Budget,4002,D013,Input,Input,Amount,392314
2027-02,Budget,4002,D014,Input,Input,Amount,249852
2027-02,Budget,4002,D015,Input,Input,Amount,138937
2027-02,Budget,4002,D016,Input,Input,Amount,305725
2027-02,Budget,4002,D017,Input,Input,Amount,63127
2027-02,Budget,4003,D001,Input,Input,Amount,615388
2027-02,Budget,4003,D002,Input,Input,Amount,581695
2027-02,Budget,4003,D003,Input,Input,Amount,629562
2027-02,Budget,4003,D004,Input,Input,Amount,612225
2027-02,Budget,4003,D005,Input,Input,Amount,606977
2027-02,Budget,4003,D006,Input,Input,Amount,600612
2027-02,Budget,4003,D007,Input,Input,Amount,583552
2027-02,Budget,4003,D008,Input,Input,Amount,593340
2027-02,Budget,4003,D009,Input,Input,Amount,619903
2027-02,Budget,4003,D010,Input,Input,Amount,587435
2027-02,Budget,4003,D011,Input,Input,Amount,157013
2027-02,Budget,4003,D012,Input,Input,Amount,94248
2027-02,Budget,4003,D013,Input,Input,Amount,285194
2027-02,Budget,4003,D014,Input,Input,Amount,121766
2027-02,Budget,4003,D015,Input,Input,Amount,125850
2027-02,Budget,4003,D016,Input,Input,Amount,39707
2027-02,Budget,4003,D017,Input,Input,Amount,594411
2027-02,Budget,4004,D001,Input,Input,Amount,591684
2027-02,Budget,4004,D002,Input,Input,Amount,568620
2027-02,Budget,4004,D003,Input,Input,Amount,420715
2027-02,Budget,4004,D004,Input,Input,Amount,575255
2027-02,Budget,4004,D005,Input,Input,Amount,491535
2027-02,Budget,4004,D006,Input,Input,Amount,182905
2027-02,Budget,4004,D007,Input,Input,Amount,110691
2027-02,Budget,4004,D008,Input,Input,Amount,468564
2027-02,Budget,4004,D009,Input,Input,Amount,428338
2027-02,Budget,4004,D010,Input,Input,Amount,149278
2027-02,Budget,4004,D011,Input,Input,Amount,500022
2027-02,Budget,4004,D012,Input,Input,Amount,404750
2027-02,Budget,4004,D013,Input,Input,Amount,359307
2027-02,Budget,4004,D014,Input,Input,Amount,103720
2027-02,Budget,4004,D015,Input,Input,Amount,158047
2027-02,Budget,4004,D016,Input,Input,Amount,452410
2027-02,Budget,4004,D017,Input,Input,Amount,524932
2027-02,Budget,4005,D001,Input,Input,Amount,37769
2027-02,Budget,4005,D002,Input,Input,Amount,292584
2027-02,Budget,4005,D003,Input,Input,Amount,323479
2027-02,Budget,4005,D004,Input,Input,Amount,120468
2027-02,Budget,4005,D005,Input,Input,Amount,460972
2027-02,Budget,4005,D006,Input,Input,Amount,568503
2027-02,Budget,4005,D007,Input,Input,Amount,434600
2027-02,Budget,4005,D008,Input,Input,Amount,381327
2027-02,Budget,4005,D009,Input,Input,Amount,463565
2027-02,Budget,4005,D010,Input,Input,Amount,433029
2027-02,Budget,4005,D011,Input,Input,Amount,141713
2027-02,Budget,4005,D012,Input,Input,Amount,337773
2027-02,Budget,4005,D013,Input,Input,Amount,421940
2027-02,Budget,4005,D014,Input,Input,Amount,425105
2027-02,Budget,4005,D015,Input,Input,Amount,565837
2027-02,Budget,4005,D016,Input,Input,Amount,194462
2027-02,Budget,4005,D017,Input,Input,Amount,134464
2027-02,Budget,5001,D001,Input,Input,Amount,362361
2027-02,Budget,5001,D002,Input,Input,Amount,335985
2027-02,Budget,5001,D003,Input,Input,Amount,341481
2027-02,Budget,5001,D004,Input,Input,Amount,335979
2027-02,Budget,5001,D005,Input,Input,Amount,375460
2027-02,Budget,5001,D006,Input,Input,Amount,346541
2027-02,Budget,5001,D007,Input,Input,Amount,342293
2027-02,Budget,5001,D008,Input,Input,Amount,347501
2027-02,Budget,5001,D009,Input,Input,Amount,345682
2027-02,Budget,5001,D010,Input,Input,Amount,360241
2027-02,Budget,5001,D011,Input,Input,Amount,264765
2027-02,Budget,5001,D012,Input,Input,Amount,600692
2027-02,Budget,5001,D013,Input,Input,Amount,362203
2027-02,Budget,5001,D014,Input,Input,Amount,371686
2027-02,Budget,5001,D015,Input,Input,Amount,333502
2027-02,Budget,5001,D016,Input,Input,Amount,223569
2027-02,Budget,5001,D017,Input,Input,Amount,592023
2027-02,Budget,5002,D001,Input,Input,Amount,358688
2027-02,Budget,5002,D002,Input,Input,Amount,345002
2027-02,Budget,5002,D003,Input,Input,Amount,360834
2027-02,Budget,5002,D004,Input,Input,Amount,360802
2027-02,Budget,5002,D005,Input,Input,Amount,362471
2027-02,Budget,5002,D006,Input,Input,Amount,351186
2027-02,Budget,5002,D007,Input,Input,Amount,363976
2027-02,Budget,5002,D008,Input,Input,Amount,365993
2027-02,Budget,5002,D009,Input,Input,Amount,376516
2027-02,Budget,5002,D010,Input,Input,Amount,337698
2027-02,Budget,5002,D011,Input,Input,Amount,194102
2027-02,Budget,5002,D012,Input,Input,Amount,365382
2027-02,Budget,5002,D013,Input,Input,Amount,492304
2027-02,Budget,5002,D014,Input,Input,Amount,622849
2027-02,Budget,5002,D015,Input,Input,Amount,313542
2027-02,Budget,5002,D016,Input,Input,Amount,610824
2027-02,Budget,5002,D017,Input,Input,Amount,316791
2027-02,Budget,5003,D001,Input,Input,Amount,335271
2027-02,Budget,5003,D002,Input,Input,Amount,374190
2027-02,Budget,5003,D003,Input,Input,Amount,364010
2027-02,Budget,5003,D004,Input,Input,Amount,352803
2027-02,Budget,5003,D005,Input,Input,Amount,348888
2027-02,Budget,5003,D006,Input,Input,Amount,337597
2027-02,Budget,5003,D007,Input,Input,Amount,353709
2027-02,Budget,5003,D008,Input,Input,Amount,338586
2027-02,Budget,5003,D009,Input,Input,Amount,340379
2027-02,Budget,5003,D010,Input,Input,Amount,372448
2027-02,Budget,5003,D011,Input,Input,Amount,261146
2027-02,Budget,5003,D012,Input,Input,Amount,308400
2027-02,Budget,5003,D013,Input,Input,Amount,569959
2027-02,Budget,5003,D014,Input,Input,Amount,169157
2027-02,Budget,5003,D015,Input,Input,Amount,511644
2027-02,Budget,5003,D016,Input,Input,Amount,547646
2027-02,Budget,5003,D017,Input,Input,Amount,39440
2027-02,Budget,6001,D001,Input,Input,Amount,104192
2027-02,Budget,6001,D002,Input,Input,Amount,102696
2027-02,Budget,6001,D003,Input,Input,Amount,107697
2027-02,Budget,6001,D004,Input,Input,Amount,91761
2027-02,Budget,6001,D005,Input,Input,Amount,108423
2027-02,Budget,6001,D006,Input,Input,Amount,91488
2027-02,Budget,6001,D007,Input,Input,Amount,105804
2027-02,Budget,6001,D008,Input,Input,Amount,83876
2027-02,Budget,6001,D009,Input,Input,Amount,85365
2027-02,Budget,6001,D010,Input,Input,Amount,75090
2027-02,Budget,6001,D011,Input,Input,Amount,481208
2027-02,Budget,6001,D012,Input,Input,Amount,265138
2027-02,Budget,6001,D013,Input,Input,Amount,252167
2027-02,Budget,6001,D014,Input,Input,Amount,542025
2027-02,Budget,6001,D015,Input,Input,Amount,36524
2027-02,Budget,6001,D016,Input,Input,Amount,69264
2027-02,Budget,6001,D017,Input,Input,Amount,437353
2027-02,Budget,6002,D001,Input,Input,Amount,67612
2027-02,Budget,6002,D002,Input,Input,Amount,103477
2027-02,Budget,6002,D003,Input,Input,Amount,93981
2027-02,Budget,6002,D004,Input,Input,Amount,86843
2027-02,Budget,6002,D005,Input,Input,Amount,91244
2027-02,Budget,6002,D006,Input,Input,Amount,98724
2027-02,Budget,6002,D007,Input,Input,Amount,114574
2027-02,Budget,6002,D008,Input,Input,Amount,93712
2027-02,Budget,6002,D009,Input,Input,Amount,101099
2027-02,Budget,6002,D010,Input,Input,Amount,97661
2027-02,Budget,6002,D011,Input,Input,Amount,394988
2027-02,Budget,6002,D012,Input,Input,Amount,325989
2027-02,Budget,6002,D013,Input,Input,Amount,283096
2027-02,Budget,6002,D014,Input,Input,Amount,326477
2027-02,Budget,6002,D015,Input,Input,Amount,373009
2027-02,Budget,6002,D016,Input,Input,Amount,344951
2027-02,Budget,6002,D017,Input,Input,Amount,402815
2027-02,Budget,6003,D001,Input,Input,Amount,93313
2027-02,Budget,6003,D002,Input,Input,Amount,66359
2027-02,Budget,6003,D003,Input,Input,Amount,83229
2027-02,Budget,6003,D004,Input,Input,Amount,86040
2027-02,Budget,6003,D005,Input,Input,Amount,114840
2027-02,Budget,6003,D006,Input,Input,Amount,65075
2027-02,Budget,6003,D007,Input,Input,Amount,97669
2027-02,Budget,6003,D008,Input,Input,Amount,110760
2027-02,Budget,6003,D009,Input,Input,Amount,65896
2027-02,Budget,6003,D010,Input,Input,Amount,111963
2027-02,Budget,6003,D011,Input,Input,Amount,432467
2027-02,Budget,6003,D012,Input,Input,Amount,605580
2027-02,Budget,6003,D013,Input,Input,Amount,59399
2027-02,Budget,6003,D014,Input,Input,Amount,478245
2027-02,Budget,6003,D015,Input,Input,Amount,361199
2027-02,Budget,6003,D016,Input,Input,Amount,560271
2027-02,Budget,6003,D017,Input,Input,Amount,620394
2027-02,Budget,6004,D001,Input,Input,Amount,113138
2027-02,Budget,6004,D002,Input,Input,Amount,109058
2027-02,Budget,6004,D003,Input,Input,Amount,76894
2027-02,Budget,6004,D004,Input,Input,Amount,108917
2027-02,Budget,6004,D005,Input,Input,Amount,101051
2027-02,Budget,6004,D006,Input,Input,Amount,108100
2027-02,Budget,6004,D007,Input,Input,Amount,105986
2027-02,Budget,6004,D008,Input,Input,Amount,96766
2027-02,Budget,6004,D009,Input,Input,Amount,101192
2027-02,Budget,6004,D010,Input,Input,Amount,84127
2027-02,Budget,6004,D011,Input,Input,Amount,411268
2027-02,Budget,6004,D012,Input,Input,Amount,281614
2027-02,Budget,6004,D013,Input,Input,Amount,72055
2027-02,Budget,6004,D014,Input,Input,Amount,509495
2027-02,Budget,6004,D015,Input,Input,Amount,505956
2027-02,Budget,6004,D016,Input,Input,Amount,147483
2027-02,Budget,6004,D017,Input,Input,Amount,582310
2027-02,Budget,6005,D001,Input,Input,Amount,86123
2027-02,Budget,6005,D002,Input,Input,Amount,82662
2027-02,Budget,6005,D003,Input,Input,Amount,103360
2027-02,Budget,6005,D004,Input,Input,Amount,71855
2027-02,Budget,6005,D005,Input,Input,Amount,67404
2027-02,Budget,6005,D006,Input,Input,Amount,100559
2027-02,Budget,6005,D007,Input,Input,Amount,93969
2027-02,Budget,6005,D008,Input,Input,Amount,72957
2027-02,Budget,6005,D009,Input,Input,Amount,91738
2027-02,Budget,6005,D010,Input,Input,Amount,98349
2027-02,Budget,6005,D011,Input,Input,Amount,544691
2027-02,Budget,6005,D012,Input,Input,Amount,59599
2027-02,Budget,6005,D013,Input,Input,Amount,363679
2027-02,Budget,6005,D014,Input,Input,Amount,285471
2027-02,Budget,6005,D015,Input,Input,Amount,141738
2027-02,Budget,6005,D016,Input,Input,Amount,495591
2027-02,Budget,6005,D017,Input,Input,Amount,500284
2027-02,Budget,6006,D001,Input,Input,Amount,621727
2027-02,Budget,6006,D002,Input,Input,Amount,157755
2027-02,Budget,6006,D003,Input,Input,Amount,546055
2027-02,Budget,6006,D004,Input,Input,Amount,119532
2027-02,Budget,6006,D005,Input,Input,Amount,81934
2027-02,Budget,6006,D006,Input,Input,Amount,46364
2027-02,Budget,6006,D007,Input,Input,Amount,590176
2027-02,Budget,6006,D008,Input,Input,Amount,251301
2027-02,Budget,6006,D009,Input,Input,Amount,368949
2027-02,Budget,6006,D010,Input,Input,Amount,106760
2027-02,Budget,6006,D011,Input,Input,Amount,481355
2027-02,Budget,6006,D012,Input,Input,Amount,354931
2027-02,Budget,6006,D013,Input,Input,Amount,426790
2027-02,Budget,6006,D014,Input,Input,Amount,143606
2027-02,Budget,6006,D015,Input,Input,Amount,404597
2027-02,Budget,6006,D016,Input,Input,Amount,55720
2027-02,Budget,6006,D017,Input,Input,Amount,172572
2027-02,Budget,6007,D001,Input,Input,Amount,401829
2027-02,Budget,6007,D002,Input,Input,Amount,146998
2027-02,Budget,6007,D003,Input,Input,Amount,396181
2027-02,Budget,6007,D004,Input,Input,Amount,513032
2027-02,Budget,6007,D005,Input,Input,Amount,166276
2027-02,Budget,6007,D006,Input,Input,Amount,155487
2027-02,Budget,6007,D007,Input,Input,Amount,600374
2027-02,Budget,6007,D008,Input,Input,Amount,196957
2027-02,Budget,6007,D009,Input,Input,Amount,37430
2027-02,Budget,6007,D010,Input,Input,Amount,362785
2027-02,Budget,6007,D011,Input,Input,Amount,451234
2027-02,Budget,6007,D012,Input,Input,Amount,614457
2027-02,Budget,6007,D013,Input,Input,Amount,568754
2027-02,Budget,6007,D014,Input,Input,Amount,586745
2027-02,Budget,6007,D015,Input,Input,Amount,303194
2027-02,Budget,6007,D016,Input,Input,Amount,92811
2027-02,Budget,6007,D017,Input,Input,Amount,437217
2027-02,Budget,6008,D001,Input,Input,Amount,270318
2027-02,Budget,6008,D002,Input,Input,Amount,292963
2027-02,Budget,6008,D003,Input,Input,Amount,393008
2027-02,Budget,6008,D004,Input,Input,Amount,292993
2027-02,Budget,6008,D005,Input,Input,Amount,577103
2027-02,Budget,6008,D006,Input,Input,Amount,337772
2027-02,Budget,6008,D007,Input,Input,Amount,472146
2027-02,Budget,6008,D008,Input,Input,Amount,347451
2027-02,Budget,6008,D009,Input,Input,Amount,591635
2027-02,Budget,6008,D010,Input,Input,Amount,154659
2027-02,Budget,6008,D011,Input,Input,Amount,296385
2027-02,Budget,6008,D012,Input,Input,Amount,574123
2027-02,Budget,6008,D013,Input,Input,Amount,131427
2027-02,Budget,6008,D014,Input,Input,Amount,611465
2027-02,Budget,6008,D015,Input,Input,Amount,258669
2027-02,Budget,6008,D016,Input,Input,Amount,336558
2027-02,Budget,6008,D017,Input,Input,Amount,185513
2027-02,Budget,6009,D001,Input,Input,Amount,382004
2027-02,Budget,6009,D002,Input,Input,Amount,418293
2027-02,Budget,6009,D003,Input,Input,Amount,265929
2027-02,Budget,6009,D004,Input,Input,Amount,85920
2027-02,Budget,6009,D005,Input,Input,Amount,43455
2027-02,Budget,6009,D006,Input,Input,Amount,327124
2027-02,Budget,6009,D007,Input,Input,Amount,398856
2027-02,Budget,6009,D008,Input,Input,Amount,280124
2027-02,Budget,6009,D009,Input,Input,Amount,226588
2027-02,Budget,6009,D010,Input,Input,Amount,365876
2027-02,Budget,6009,D011,Input,Input,Amount,382771
2027-02,Budget,6009,D012,Input,Input,Amount,359333
2027-02,Budget,6009,D013,Input,Input,Amount,124978
2027-02,Budget,6009,D014,Input,Input,Amount,178944
2027-02,Budget,6009,D015,Input,Input,Amount,124346
2027-02,Budget,6009,D016,Input,Input,Amount,612215
2027-02,Budget,6009,D017,Input,Input,Amount,220516
2027-02,Budget,6010,D001,Input,Input,Amount,157822
2027-02,Budget,6010,D002,Input,Input,Amount,153025
2027-02,Budget,6010,D003,Input,Input,Amount,148391
2027-02,Budget,6010,D004,Input,Input,Amount,194081
2027-02,Budget,6010,D005,Input,Input,Amount,266769
2027-02,Budget,6010,D006,Input,Input,Amount,461800
2027-02,Budget,6010,D007,Input,Input,Amount,472717
2027-02,Budget,6010,D008,Input,Input,Amount,515296
2027-02,Budget,6010,D009,Input,Input,Amount,564744
2027-02,Budget,6010,D010,Input,Input,Amount,507003
2027-02,Budget,6010,D011,Input,Input,Amount,274643
2027-02,Budget,6010,D012,Input,Input,Amount,268918
2027-02,Budget,6010,D013,Input,Input,Amount,44003
2027-02,Budget,6010,D014,Input,Input,Amount,160078
2027-02,Budget,6010,D015,Input,Input,Amount,232135
2027-02,Budget,6010,D016,Input,Input,Amount,551309
2027-02,Budget,6010,D017,Input,Input,Amount,158954
2027-02,Budget,6011,D001,Input,Input,Amount,349460
2027-02,Budget,6011,D002,Input,Input,Amount,266901
2027-02,Budget,6011,D003,Input,Input,Amount,477798
2027-02,Budget,6011,D004,Input,Input,Amount,507045
2027-02,Budget,6011,D005,Input,Input,Amount,487279
2027-02,Budget,6011,D006,Input,Input,Amount,605826
2027-02,Budget,6011,D007,Input,Input,Amount,523632
2027-02,Budget,6011,D008,Input,Input,Amount,450472
2027-02,Budget,6011,D009,Input,Input,Amount,437259
2027-02,Budget,6011,D010,Input,Input,Amount,237082
2027-02,Budget,6011,D011,Input,Input,Amount,300805
2027-02,Budget,6011,D012,Input,Input,Amount,76565
2027-02,Budget,6011,D013,Input,Input,Amount,422254
2027-02,Budget,6011,D014,Input,Input,Amount,373546
2027-02,Budget,6011,D015,Input,Input,Amount,72887
2027-02,Budget,6011,D016,Input,Input,Amount,351830
2027-02,Budget,6011,D017,Input,Input,Amount,568314
2027-02,Budget,6012,D001,Input,Input,Amount,400040
2027-02,Budget,6012,D002,Input,Input,Amount,582646
2027-02,Budget,6012,D003,Input,Input,Amount,31724
2027-02,Budget,6012,D004,Input,Input,Amount,524786
2027-02,Budget,6012,D005,Input,Input,Amount,96036
2027-02,Budget,6012,D006,Input,Input,Amount,576395
2027-02,Budget,6012,D007,Input,Input,Amount,422438
2027-02,Budget,6012,D008,Input,Input,Amount,491725
2027-02,Budget,6012,D009,Input,Input,Amount,609496
2027-02,Budget,6012,D010,Input,Input,Amount,368430
2027-02,Budget,6012,D011,Input,Input,Amount,79509
2027-02,Budget,6012,D012,Input,Input,Amount,592984
2027-02,Budget,6012,D013,Input,Input,Amount,571112
2027-02,Budget,6012,D014,Input,Input,Amount,421417
2027-02,Budget,6012,D015,Input,Input,Amount,489820
2027-02,Budget,6012,D016,Input,Input,Amount,318492
2027-02,Budget,6012,D017,Input,Input,Amount,115012
2027-02,Budget,6013,D001,Input,Input,Amount,595195
2027-02,Budget,6013,D002,Input,Input,Amount,590175
2027-02,Budget,6013,D003,Input,Input,Amount,372603
2027-02,Budget,6013,D004,Input,Input,Amount,239452
2027-02,Budget,6013,D005,Input,Input,Amount,53790
2027-02,Budget,6013,D006,Input,Input,Amount,219213
2027-02,Budget,6013,D007,Input,Input,Amount,493143
2027-02,Budget,6013,D008,Input,Input,Amount,350694
2027-02,Budget,6013,D009,Input,Input,Amount,532976
2027-02,Budget,6013,D010,Input,Input,Amount,126069
2027-02,Budget,6013,D011,Input,Input,Amount,157577
2027-02,Budget,6013,D012,Input,Input,Amount,222931
2027-02,Budget,6013,D013,Input,Input,Amount,296542
2027-02,Budget,6013,D014,Input,Input,Amount,189489
2027-02,Budget,6013,D015,Input,Input,Amount,226192
2027-02,Budget,6013,D016,Input,Input,Amount,138430
2027-02,Budget,6013,D017,Input,Input,Amount,47131
2027-02,Budget,6014,D001,Input,Input,Amount,547342
2027-02,Budget,6014,D002,Input,Input,Amount,499840
2027-02,Budget,6014,D003,Input,Input,Amount,63285
2027-02,Budget,6014,D004,Input,Input,Amount,121478
2027-02,Budget,6014,D005,Input,Input,Amount,418047
2027-02,Budget,6014,D006,Input,Input,Amount,104168
2027-02,Budget,6014,D007,Input,Input,Amount,292819
2027-02,Budget,6014,D008,Input,Input,Amount,204109
2027-02,Budget,6014,D009,Input,Input,Amount,89540
2027-02,Budget,6014,D010,Input,Input,Amount,619674
2027-02,Budget,6014,D011,Input,Input,Amount,584295
2027-02,Budget,6014,D012,Input,Input,Amount,216387
2027-02,Budget,6014,D013,Input,Input,Amount,294513
2027-02,Budget,6014,D014,Input,Input,Amount,426032
2027-02,Budget,6014,D015,Input,Input,Amount,380161
2027-02,Budget,6014,D016,Input,Input,Amount,318303
2027-02,Budget,6014,D017,Input,Input,Amount,237718
2027-02,Budget,6015,D001,Input,Input,Amount,462114
2027-02,Budget,6015,D002,Input,Input,Amount,345744
2027-02,Budget,6015,D003,Input,Input,Amount,46461
2027-02,Budget,6015,D004,Input,Input,Amount,123674
2027-02,Budget,6015,D005,Input,Input,Amount,555808
2027-02,Budget,6015,D006,Input,Input,Amount,378968
2027-02,Budget,6015,D007,Input,Input,Amount,465198
2027-02,Budget,6015,D008,Input,Input,Amount,171645
2027-02,Budget,6015,D009,Input,Input,Amount,534832
2027-02,Budget,6015,D010,Input,Input,Amount,475976
2027-02,Budget,6015,D011,Input,Input,Amount,539658
2027-02,Budget,6015,D012,Input,Input,Amount,92432
2027-02,Budget,6015,D013,Input,Input,Amount,496654
2027-02,Budget,6015,D014,Input,Input,Amount,336227
2027-02,Budget,6015,D015,Input,Input,Amount,524896
2027-02,Budget,6015,D016,Input,Input,Amount,206699
2027-02,Budget,6015,D017,Input,Input,Amount,185038
2027-02,Budget,6016,D001,Input,Input,Amount,376248
2027-02,Budget,6016,D002,Input,Input,Amount,151097
2027-02,Budget,6016,D003,Input,Input,Amount,140927
2027-02,Budget,6016,D004,Input,Input,Amount,463758
2027-02,Budget,6016,D005,Input,Input,Amount,310422
2027-02,Budget,6016,D006,Input,Input,Amount,103018
2027-02,Budget,6016,D007,Input,Input,Amount,206437
2027-02,Budget,6016,D008,Input,Input,Amount,366320
2027-02,Budget,6016,D009,Input,Input,Amount,566547
2027-02,Budget,6016,D010,Input,Input,Amount,295630
2027-02,Budget,6016,D011,Input,Input,Amount,217081
2027-02,Budget,6016,D012,Input,Input,Amount,536330
2027-02,Budget,6016,D013,Input,Input,Amount,243411
2027-02,Budget,6016,D014,Input,Input,Amount,331402
2027-02,Budget,6016,D015,Input,Input,Amount,555826
2027-02,Budget,6016,D016,Input,Input,Amount,514079
2027-02,Budget,6016,D017,Input,Input,Amount,47084
2027-02,Budget,6017,D001,Input,Input,Amount,594945
2027-02,Budget,6017,D002,Input,Input,Amount,148711
2027-02,Budget,6017,D003,Input,Input,Amount,82693
2027-02,Budget,6017,D004,Input,Input,Amount,129687
2027-02,Budget,6017,D005,Input,Input,Amount,529789
2027-02,Budget,6017,D006,Input,Input,Amount,95448
2027-02,Budget,6017,D007,Input,Input,Amount,577004
2027-02,Budget,6017,D008,Input,Input,Amount,171947
2027-02,Budget,6017,D009,Input,Input,Amount,419152
2027-02,Budget,6017,D010,Input,Input,Amount,427800
2027-02,Budget,6017,D011,Input,Input,Amount,586341
2027-02,Budget,6017,D012,Input,Input,Amount,539734
2027-02,Budget,6017,D013,Input,Input,Amount,239793
2027-02,Budget,6017,D014,Input,Input,Amount,79734
2027-02,Budget,6017,D015,Input,Input,Amount,171403
2027-02,Budget,6017,D016,Input,Input,Amount,587410
2027-02,Budget,6017,D017,Input,Input,Amount,96219
2027-02,Budget,6018,D001,Input,Input,Amount,238973
2027-02,Budget,6018,D002,Input,Input,Amount,457307
2027-02,Budget,6018,D003,Input,Input,Amount,292998
2027-02,Budget,6018,D004,Input,Input,Amount,50774
2027-02,Budget,6018,D005,Input,Input,Amount,138268
2027-02,Budget,6018,D006,Input,Input,Amount,573522
2027-02,Budget,6018,D007,Input,Input,Amount,173249
2027-02,Budget,6018,D008,Input,Input,Amount,459071
2027-02,Budget,6018,D009,Input,Input,Amount,191127
2027-02,Budget,6018,D010,Input,Input,Amount,208955
2027-02,Budget,6018,D011,Input,Input,Amount,35289
2027-02,Budget,6018,D012,Input,Input,Amount,229916
2027-02,Budget,6018,D013,Input,Input,Amount,569802
2027-02,Budget,6018,D014,Input,Input,Amount,259026
2027-02,Budget,6018,D015,Input,Input,Amount,439337
2027-02,Budget,6018,D016,Input,Input,Amount,303267
2027-02,Budget,6018,D017,Input,Input,Amount,271648
2027-02,Budget,6019,D001,Input,Input,Amount,530967
2027-02,Budget,6019,D002,Input,Input,Amount,60716
2027-02,Budget,6019,D003,Input,Input,Amount,389767
2027-02,Budget,6019,D004,Input,Input,Amount,326138
2027-02,Budget,6019,D005,Input,Input,Amount,399797
2027-02,Budget,6019,D006,Input,Input,Amount,66277
2027-02,Budget,6019,D007,Input,Input,Amount,581429
2027-02,Budget,6019,D008,Input,Input,Amount,181445
2027-02,Budget,6019,D009,Input,Input,Amount,334279
2027-02,Budget,6019,D010,Input,Input,Amount,558631
2027-02,Budget,6019,D011,Input,Input,Amount,506212
2027-02,Budget,6019,D012,Input,Input,Amount,265818
2027-02,Budget,6019,D013,Input,Input,Amount,115518
2027-02,Budget,6019,D014,Input,Input,Amount,88037
2027-02,Budget,6019,D015,Input,Input,Amount,119868
2027-02,Budget,6019,D016,Input,Input,Amount,148779
2027-02,Budget,6019,D017,Input,Input,Amount,197440
2027-02,Budget,6020,D001,Input,Input,Amount,138912
2027-02,Budget,6020,D002,Input,Input,Amount,514635
2027-02,Budget,6020,D003,Input,Input,Amount,204179
2027-02,Budget,6020,D004,Input,Input,Amount,201340
2027-02,Budget,6020,D005,Input,Input,Amount,143717
2027-02,Budget,6020,D006,Input,Input,Amount,195690
2027-02,Budget,6020,D007,Input,Input,Amount,315724
2027-02,Budget,6020,D008,Input,Input,Amount,305563
2027-02,Budget,6020,D009,Input,Input,Amount,456303
2027-02,Budget,6020,D010,Input,Input,Amount,243622
2027-02,Budget,6020,D011,Input,Input,Amount,390608
2027-02,Budget,6020,D012,Input,Input,Amount,423206
2027-02,Budget,6020,D013,Input,Input,Amount,35734
2027-02,Budget,6020,D014,Input,Input,Amount,188579
2027-02,Budget,6020,D015,Input,Input,Amount,410273
2027-02,Budget,6020,D016,Input,Input,Amount,468173
2027-02,Budget,6020,D017,Input,Input,Amount,421645
2027-02,Budget,6021,D001,Input,Input,Amount,567658
2027-02,Budget,6021,D002,Input,Input,Amount,217257
2027-02,Budget,6021,D003,Input,Input,Amount,186480
2027-02,Budget,6021,D004,Input,Input,Amount,296642
2027-02,Budget,6021,D005,Input,Input,Amount,199563
2027-02,Budget,6021,D006,Input,Input,Amount,411255
2027-02,Budget,6021,D007,Input,Input,Amount,296987
2027-02,Budget,6021,D008,Input,Input,Amount,518394
2027-02,Budget,6021,D009,Input,Input,Amount,452865
2027-02,Budget,6021,D010,Input,Input,Amount,412420
2027-02,Budget,6021,D011,Input,Input,Amount,465884
2027-02,Budget,6021,D012,Input,Input,Amount,119061
2027-02,Budget,6021,D013,Input,Input,Amount,159603
2027-02,Budget,6021,D014,Input,Input,Amount,350017
2027-02,Budget,6021,D015,Input,Input,Amount,202207
2027-02,Budget,6021,D016,Input,Input,Amount,555426
2027-02,Budget,6021,D017,Input,Input,Amount,428574
2027-02,Budget,6022,D001,Input,Input,Amount,473476
2027-02,Budget,6022,D002,Input,Input,Amount,230413
2027-02,Budget,6022,D003,Input,Input,Amount,225468
2027-02,Budget,6022,D004,Input,Input,Amount,76871
2027-02,Budget,6022,D005,Input,Input,Amount,97208
2027-02,Budget,6022,D006,Input,Input,Amount,401033
2027-02,Budget,6022,D007,Input,Input,Amount,417288
2027-02,Budget,6022,D008,Input,Input,Amount,248443
2027-02,Budget,6022,D009,Input,Input,Amount,581397
2027-02,Budget,6022,D010,Input,Input,Amount,211681
2027-02,Budget,6022,D011,Input,Input,Amount,203408
2027-02,Budget,6022,D012,Input,Input,Amount,257631
2027-02,Budget,6022,D013,Input,Input,Amount,513622
2027-02,Budget,6022,D014,Input,Input,Amount,151994
2027-02,Budget,6022,D015,Input,Input,Amount,183535
2027-02,Budget,6022,D016,Input,Input,Amount,490468
2027-02,Budget,6022,D017,Input,Input,Amount,130755
2027-02,Budget,6023,D001,Input,Input,Amount,588856
2027-02,Budget,6023,D002,Input,Input,Amount,104721
2027-02,Budget,6023,D003,Input,Input,Amount,285764
2027-02,Budget,6023,D004,Input,Input,Amount,549330
2027-02,Budget,6023,D005,Input,Input,Amount,52609
2027-02,Budget,6023,D006,Input,Input,Amount,327438
2027-02,Budget,6023,D007,Input,Input,Amount,423701
2027-02,Budget,6023,D008,Input,Input,Amount,295793
2027-02,Budget,6023,D009,Input,Input,Amount,190982
2027-02,Budget,6023,D010,Input,Input,Amount,97067
2027-02,Budget,6023,D011,Input,Input,Amount,148668
2027-02,Budget,6023,D012,Input,Input,Amount,563071
2027-02,Budget,6023,D013,Input,Input,Amount,100036
2027-02,Budget,6023,D014,Input,Input,Amount,481873
2027-02,Budget,6023,D015,Input,Input,Amount,584582
2027-02,Budget,6023,D016,Input,Input,Amount,302297
2027-02,Budget,6023,D017,Input,Input,Amount,550707
2027-02,Budget,6024,D001,Input,Input,Amount,508864
2027-02,Budget,6024,D002,Input,Input,Amount,559242
2027-02,Budget,6024,D003,Input,Input,Amount,575908
2027-02,Budget,6024,D004,Input,Input,Amount,32708
2027-02,Budget,6024,D005,Input,Input,Amount,154254
2027-02,Budget,6024,D006,Input,Input,Amount,485924
2027-02,Budget,6024,D007,Input,Input,Amount,193783
2027-02,Budget,6024,D008,Input,Input,Amount,129209
2027-02,Budget,6024,D009,Input,Input,Amount,386937
2027-02,Budget,6024,D010,Input,Input,Amount,355455
2027-02,Budget,6024,D011,Input,Input,Amount,533303
2027-02,Budget,6024,D012,Input,Input,Amount,445815
2027-02,Budget,6024,D013,Input,Input,Amount,65882
2027-02,Budget,6024,D014,Input,Input,Amount,409086
2027-02,Budget,6024,D015,Input,Input,Amount,56252
2027-02,Budget,6024,D016,Input,Input,Amount,587119
2027-02,Budget,6024,D017,Input,Input,Amount,304979
2027-02,Budget,6025,D001,Input,Input,Amount,613838
2027-02,Budget,6025,D002,Input,Input,Amount,550449
2027-02,Budget,6025,D003,Input,Input,Amount,396384
2027-02,Budget,6025,D004,Input,Input,Amount,66068
2027-02,Budget,6025,D005,Input,Input,Amount,71231
2027-02,Budget,6025,D006,Input,Input,Amount,537516
2027-02,Budget,6025,D007,Input,Input,Amount,97500
2027-02,Budget,6025,D008,Input,Input,Amount,516441
2027-02,Budget,6025,D009,Input,Input,Amount,214116
2027-02,Budget,6025,D010,Input,Input,Amount,326310
2027-02,Budget,6025,D011,Input,Input,Amount,377510
2027-02,Budget,6025,D012,Input,Input,Amount,148961
2027-02,Budget,6025,D013,Input,Input,Amount,460530
2027-02,Budget,6025,D014,Input,Input,Amount,259151
2027-02,Budget,6025,D015,Input,Input,Amount,237346
2027-02,Budget,6025,D016,Input,Input,Amount,498584
2027-02,Budget,6025,D017,Input,Input,Amount,114189
2027-02,Budget,6026,D001,Input,Input,Amount,155978
2027-02,Budget,6026,D002,Input,Input,Amount,436197
2027-02,Budget,6026,D003,Input,Input,Amount,628685
2027-02,Budget,6026,D004,Input,Input,Amount,195850
2027-02,Budget,6026,D005,Input,Input,Amount,591730
2027-02,Budget,6026,D006,Input,Input,Amount,246947
2027-02,Budget,6026,D007,Input,Input,Amount,138259
2027-02,Budget,6026,D008,Input,Input,Amount,580564
2027-02,Budget,6026,D009,Input,Input,Amount,506106
2027-02,Budget,6026,D010,Input,Input,Amount,508337
2027-02,Budget,6026,D011,Input,Input,Amount,44131
2027-02,Budget,6026,D012,Input,Input,Amount,59410
2027-02,Budget,6026,D013,Input,Input,Amount,157480
2027-02,Budget,6026,D014,Input,Input,Amount,187703
2027-02,Budget,6026,D015,Input,Input,Amount,357017
2027-02,Budget,6026,D016,Input,Input,Amount,429159
2027-02,Budget,6026,D017,Input,Input,Amount,92758
2027-03,Budget,4001,D001,Input,Input,Amount,626229
2027-03,Budget,4001,D002,Input,Input,Amount,619280
2027-03,Budget,4001,D003,Input,Input,Amount,598536
2027-03,Budget,4001,D004,Input,Input,Amount,602618
2027-03,Budget,4001,D005,Input,Input,Amount,617473
2027-03,Budget,4001,D006,Input,Input,Amount,623495
2027-03,Budget,4001,D007,Input,Input,Amount,586534
2027-03,Budget,4001,D008,Input,Input,Amount,597368
2027-03,Budget,4001,D009,Input,Input,Amount,600752
2027-03,Budget,4001,D010,Input,Input,Amount,624852
2027-03,Budget,4001,D011,Input,Input,Amount,336468
2027-03,Budget,4001,D012,Input,Input,Amount,42113
2027-03,Budget,4001,D013,Input,Input,Amount,530641
2027-03,Budget,4001,D014,Input,Input,Amount,232761
2027-03,Budget,4001,D015,Input,Input,Amount,535651
2027-03,Budget,4001,D016,Input,Input,Amount,304816
2027-03,Budget,4001,D017,Input,Input,Amount,478418
2027-03,Budget,4002,D001,Input,Input,Amount,597919
2027-03,Budget,4002,D002,Input,Input,Amount,613308
2027-03,Budget,4002,D003,Input,Input,Amount,627582
2027-03,Budget,4002,D004,Input,Input,Amount,601786
2027-03,Budget,4002,D005,Input,Input,Amount,605098
2027-03,Budget,4002,D006,Input,Input,Amount,622730
2027-03,Budget,4002,D007,Input,Input,Amount,614468
2027-03,Budget,4002,D008,Input,Input,Amount,602187
2027-03,Budget,4002,D009,Input,Input,Amount,621077
2027-03,Budget,4002,D010,Input,Input,Amount,598833
2027-03,Budget,4002,D011,Input,Input,Amount,446854
2027-03,Budget,4002,D012,Input,Input,Amount,198782
2027-03,Budget,4002,D013,Input,Input,Amount,51485
2027-03,Budget,4002,D014,Input,Input,Amount,49574
2027-03,Budget,4002,D015,Input,Input,Amount,583182
2027-03,Budget,4002,D016,Input,Input,Amount,219549
2027-03,Budget,4002,D017,Input,Input,Amount,620734
2027-03,Budget,4003,D001,Input,Input,Amount,607229
2027-03,Budget,4003,D002,Input,Input,Amount,628909
2027-03,Budget,4003,D003,Input,Input,Amount,599566
2027-03,Budget,4003,D004,Input,Input,Amount,616170
2027-03,Budget,4003,D005,Input,Input,Amount,595306
2027-03,Budget,4003,D006,Input,Input,Amount,589968
2027-03,Budget,4003,D007,Input,Input,Amount,609945
2027-03,Budget,4003,D008,Input,Input,Amount,620845
2027-03,Budget,4003,D009,Input,Input,Amount,627101
2027-03,Budget,4003,D010,Input,Input,Amount,594908
2027-03,Budget,4003,D011,Input,Input,Amount,574765
2027-03,Budget,4003,D012,Input,Input,Amount,81781
2027-03,Budget,4003,D013,Input,Input,Amount,560149
2027-03,Budget,4003,D014,Input,Input,Amount,434485
2027-03,Budget,4003,D015,Input,Input,Amount,616863
2027-03,Budget,4003,D016,Input,Input,Amount,279272
2027-03,Budget,4003,D017,Input,Input,Amount,372547
2027-03,Budget,4004,D001,Input,Input,Amount,191445
2027-03,Budget,4004,D002,Input,Input,Amount,291942
2027-03,Budget,4004,D003,Input,Input,Amount,357570
2027-03,Budget,4004,D004,Input,Input,Amount,332173
2027-03,Budget,4004,D005,Input,Input,Amount,410787
2027-03,Budget,4004,D006,Input,Input,Amount,174290
2027-03,Budget,4004,D007,Input,Input,Amount,232616
2027-03,Budget,4004,D008,Input,Input,Amount,556609
2027-03,Budget,4004,D009,Input,Input,Amount,491552
2027-03,Budget,4004,D010,Input,Input,Amount,100726
2027-03,Budget,4004,D011,Input,Input,Amount,324655
2027-03,Budget,4004,D012,Input,Input,Amount,476219
2027-03,Budget,4004,D013,Input,Input,Amount,94816
2027-03,Budget,4004,D014,Input,Input,Amount,407485
2027-03,Budget,4004,D015,Input,Input,Amount,506257
2027-03,Budget,4004,D016,Input,Input,Amount,106268
2027-03,Budget,4004,D017,Input,Input,Amount,613457
2027-03,Budget,4005,D001,Input,Input,Amount,454092
2027-03,Budget,4005,D002,Input,Input,Amount,186303
2027-03,Budget,4005,D003,Input,Input,Amount,200333
2027-03,Budget,4005,D004,Input,Input,Amount,501347
2027-03,Budget,4005,D005,Input,Input,Amount,153798
2027-03,Budget,4005,D006,Input,Input,Amount,106927
2027-03,Budget,4005,D007,Input,Input,Amount,442293
2027-03,Budget,4005,D008,Input,Input,Amount,142863
2027-03,Budget,4005,D009,Input,Input,Amount,203798
2027-03,Budget,4005,D010,Input,Input,Amount,122970
2027-03,Budget,4005,D011,Input,Input,Amount,406933
2027-03,Budget,4005,D012,Input,Input,Amount,122957
2027-03,Budget,4005,D013,Input,Input,Amount,350859
2027-03,Budget,4005,D014,Input,Input,Amount,480495
2027-03,Budget,4005,D015,Input,Input,Amount,211726
2027-03,Budget,4005,D016,Input,Input,Amount,151534
2027-03,Budget,4005,D017,Input,Input,Amount,274573
2027-03,Budget,5001,D001,Input,Input,Amount,361621
2027-03,Budget,5001,D002,Input,Input,Amount,338946
2027-03,Budget,5001,D003,Input,Input,Amount,368465
2027-03,Budget,5001,D004,Input,Input,Amount,379995
2027-03,Budget,5001,D005,Input,Input,Amount,356920
2027-03,Budget,5001,D006,Input,Input,Amount,362461
2027-03,Budget,5001,D007,Input,Input,Amount,331005
2027-03,Budget,5001,D008,Input,Input,Amount,375397
2027-03,Budget,5001,D009,Input,Input,Amount,379768
2027-03,Budget,5001,D010,Input,Input,Amount,378940
2027-03,Budget,5001,D011,Input,Input,Amount,626968
2027-03,Budget,5001,D012,Input,Input,Amount,235810
2027-03,Budget,5001,D013,Input,Input,Amount,467853
2027-03,Budget,5001,D014,Input,Input,Amount,451765
2027-03,Budget,5001,D015,Input,Input,Amount,249667
2027-03,Budget,5001,D016,Input,Input,Amount,31025
2027-03,Budget,5001,D017,Input,Input,Amount,47962
2027-03,Budget,5002,D001,Input,Input,Amount,360947
2027-03,Budget,5002,D002,Input,Input,Amount,334575
2027-03,Budget,5002,D003,Input,Input,Amount,368005
2027-03,Budget,5002,D004,Input,Input,Amount,365614
2027-03,Budget,5002,D005,Input,Input,Amount,332860
2027-03,Budget,5002,D006,Input,Input,Amount,332426
2027-03,Budget,5002,D007,Input,Input,Amount,377346
2027-03,Budget,5002,D008,Input,Input,Amount,356049
2027-03,Budget,5002,D009,Input,Input,Amount,361978
2027-03,Budget,5002,D010,Input,Input,Amount,335923
2027-03,Budget,5002,D011,Input,Input,Amount,441900
2027-03,Budget,5002,D012,Input,Input,Amount,120775
2027-03,Budget,5002,D013,Input,Input,Amount,267207
2027-03,Budget,5002,D014,Input,Input,Amount,157902
2027-03,Budget,5002,D015,Input,Input,Amount,562775
2027-03,Budget,5002,D016,Input,Input,Amount,208392
2027-03,Budget,5002,D017,Input,Input,Amount,207164
2027-03,Budget,5003,D001,Input,Input,Amount,345973
2027-03,Budget,5003,D002,Input,Input,Amount,348104
2027-03,Budget,5003,D003,Input,Input,Amount,373249
2027-03,Budget,5003,D004,Input,Input,Amount,354720
2027-03,Budget,5003,D005,Input,Input,Amount,350852
2027-03,Budget,5003,D006,Input,Input,Amount,338273
2027-03,Budget,5003,D007,Input,Input,Amount,339447
2027-03,Budget,5003,D008,Input,Input,Amount,372587
2027-03,Budget,5003,D009,Input,Input,Amount,365456
2027-03,Budget,5003,D010,Input,Input,Amount,358440
2027-03,Budget,5003,D011,Input,Input,Amount,80856
2027-03,Budget,5003,D012,Input,Input,Amount,156374
2027-03,Budget,5003,D013,Input,Input,Amount,363600
2027-03,Budget,5003,D014,Input,Input,Amount,572131
2027-03,Budget,5003,D015,Input,Input,Amount,44673
2027-03,Budget,5003,D016,Input,Input,Amount,390759
2027-03,Budget,5003,D017,Input,Input,Amount,159965
2027-03,Budget,6001,D001,Input,Input,Amount,94935
2027-03,Budget,6001,D002,Input,Input,Amount,92193
2027-03,Budget,6001,D003,Input,Input,Amount,97089
2027-03,Budget,6001,D004,Input,Input,Amount,94841
2027-03,Budget,6001,D005,Input,Input,Amount,113804
2027-03,Budget,6001,D006,Input,Input,Amount,97918
2027-03,Budget,6001,D007,Input,Input,Amount,91868
2027-03,Budget,6001,D008,Input,Input,Amount,70263
2027-03,Budget,6001,D009,Input,Input,Amount,67352
2027-03,Budget,6001,D010,Input,Input,Amount,71451
2027-03,Budget,6001,D011,Input,Input,Amount,402550
2027-03,Budget,6001,D012,Input,Input,Amount,298994
2027-03,Budget,6001,D013,Input,Input,Amount,169349
2027-03,Budget,6001,D014,Input,Input,Amount,328386
2027-03,Budget,6001,D015,Input,Input,Amount,618936
2027-03,Budget,6001,D016,Input,Input,Amount,182052
2027-03,Budget,6001,D017,Input,Input,Amount,181366
2027-03,Budget,6002,D001,Input,Input,Amount,101127
2027-03,Budget,6002,D002,Input,Input,Amount,87274
2027-03,Budget,6002,D003,Input,Input,Amount,74738
2027-03,Budget,6002,D004,Input,Input,Amount,86088
2027-03,Budget,6002,D005,Input,Input,Amount,95996
2027-03,Budget,6002,D006,Input,Input,Amount,103678
2027-03,Budget,6002,D007,Input,Input,Amount,107911
2027-03,Budget,6002,D008,Input,Input,Amount,86532
2027-03,Budget,6002,D009,Input,Input,Amount,105465
2027-03,Budget,6002,D010,Input,Input,Amount,114831
2027-03,Budget,6002,D011,Input,Input,Amount,31537
2027-03,Budget,6002,D012,Input,Input,Amount,55388
2027-03,Budget,6002,D013,Input,Input,Amount,274058
2027-03,Budget,6002,D014,Input,Input,Amount,242721
2027-03,Budget,6002,D015,Input,Input,Amount,540151
2027-03,Budget,6002,D016,Input,Input,Amount,360703
2027-03,Budget,6002,D017,Input,Input,Amount,539418
2027-03,Budget,6003,D001,Input,Input,Amount,74479
2027-03,Budget,6003,D002,Input,Input,Amount,98275
2027-03,Budget,6003,D003,Input,Input,Amount,94264
2027-03,Budget,6003,D004,Input,Input,Amount,77363
2027-03,Budget,6003,D005,Input,Input,Amount,111217
2027-03,Budget,6003,D006,Input,Input,Amount,86757
2027-03,Budget,6003,D007,Input,Input,Amount,75116
2027-03,Budget,6003,D008,Input,Input,Amount,109194
2027-03,Budget,6003,D009,Input,Input,Amount,69484
2027-03,Budget,6003,D010,Input,Input,Amount,106533
2027-03,Budget,6003,D011,Input,Input,Amount,294558
2027-03,Budget,6003,D012,Input,Input,Amount,621018
2027-03,Budget,6003,D013,Input,Input,Amount,613806
2027-03,Budget,6003,D014,Input,Input,Amount,50855
2027-03,Budget,6003,D015,Input,Input,Amount,142061
2027-03,Budget,6003,D016,Input,Input,Amount,419850
2027-03,Budget,6003,D017,Input,Input,Amount,48358
2027-03,Budget,6004,D001,Input,Input,Amount,90138
2027-03,Budget,6004,D002,Input,Input,Amount,82509
2027-03,Budget,6004,D003,Input,Input,Amount,100296
2027-03,Budget,6004,D004,Input,Input,Amount,110711
2027-03,Budget,6004,D005,Input,Input,Amount,89984
2027-03,Budget,6004,D006,Input,Input,Amount,71577
2027-03,Budget,6004,D007,Input,Input,Amount,69903
2027-03,Budget,6004,D008,Input,Input,Amount,99971
2027-03,Budget,6004,D009,Input,Input,Amount,80385
2027-03,Budget,6004,D010,Input,Input,Amount,111130
2027-03,Budget,6004,D011,Input,Input,Amount,285648
2027-03,Budget,6004,D012,Input,Input,Amount,589861
2027-03,Budget,6004,D013,Input,Input,Amount,524274
2027-03,Budget,6004,D014,Input,Input,Amount,540260
2027-03,Budget,6004,D015,Input,Input,Amount,166089
2027-03,Budget,6004,D016,Input,Input,Amount,59537
2027-03,Budget,6004,D017,Input,Input,Amount,520239
2027-03,Budget,6005,D001,Input,Input,Amount,77491
2027-03,Budget,6005,D002,Input,Input,Amount,65168
2027-03,Budget,6005,D003,Input,Input,Amount,96741
2027-03,Budget,6005,D004,Input,Input,Amount,80650
2027-03,Budget,6005,D005,Input,Input,Amount,90302
2027-03,Budget,6005,D006,Input,Input,Amount,93855
2027-03,Budget,6005,D007,Input,Input,Amount,95768
2027-03,Budget,6005,D008,Input,Input,Amount,89904
2027-03,Budget,6005,D009,Input,Input,Amount,106363
2027-03,Budget,6005,D010,Input,Input,Amount,71586
2027-03,Budget,6005,D011,Input,Input,Amount,591198
2027-03,Budget,6005,D012,Input,Input,Amount,408826
2027-03,Budget,6005,D013,Input,Input,Amount,159905
2027-03,Budget,6005,D014,Input,Input,Amount,590535
2027-03,Budget,6005,D015,Input,Input,Amount,104148
2027-03,Budget,6005,D016,Input,Input,Amount,612174
2027-03,Budget,6005,D017,Input,Input,Amount,442088
2027-03,Budget,6006,D001,Input,Input,Amount,528314
2027-03,Budget,6006,D002,Input,Input,Amount,448545
2027-03,Budget,6006,D003,Input,Input,Amount,143660
2027-03,Budget,6006,D004,Input,Input,Amount,415022
2027-03,Budget,6006,D005,Input,Input,Amount,590843
2027-03,Budget,6006,D006,Input,Input,Amount,121930
2027-03,Budget,6006,D007,Input,Input,Amount,171722
2027-03,Budget,6006,D008,Input,Input,Amount,523969
2027-03,Budget,6006,D009,Input,Input,Amount,460512
2027-03,Budget,6006,D010,Input,Input,Amount,355510
2027-03,Budget,6006,D011,Input,Input,Amount,345427
2027-03,Budget,6006,D012,Input,Input,Amount,162418
2027-03,Budget,6006,D013,Input,Input,Amount,107184
2027-03,Budget,6006,D014,Input,Input,Amount,482325
2027-03,Budget,6006,D015,Input,Input,Amount,40134
2027-03,Budget,6006,D016,Input,Input,Amount,591368
2027-03,Budget,6006,D017,Input,Input,Amount,159735
2027-03,Budget,6007,D001,Input,Input,Amount,380330
2027-03,Budget,6007,D002,Input,Input,Amount,390054
2027-03,Budget,6007,D003,Input,Input,Amount,616954
2027-03,Budget,6007,D004,Input,Input,Amount,135086
2027-03,Budget,6007,D005,Input,Input,Amount,297276
2027-03,Budget,6007,D006,Input,Input,Amount,48389
2027-03,Budget,6007,D007,Input,Input,Amount,590434
2027-03,Budget,6007,D008,Input,Input,Amount,74007
2027-03,Budget,6007,D009,Input,Input,Amount,589420
2027-03,Budget,6007,D010,Input,Input,Amount,592636
2027-03,Budget,6007,D011,Input,Input,Amount,596389
2027-03,Budget,6007,D012,Input,Input,Amount,323254
2027-03,Budget,6007,D013,Input,Input,Amount,58877
2027-03,Budget,6007,D014,Input,Input,Amount,560169
2027-03,Budget,6007,D015,Input,Input,Amount,79071
2027-03,Budget,6007,D016,Input,Input,Amount,51636
2027-03,Budget,6007,D017,Input,Input,Amount,461675
2027-03,Budget,6008,D001,Input,Input,Amount,261431
2027-03,Budget,6008,D002,Input,Input,Amount,391821
2027-03,Budget,6008,D003,Input,Input,Amount,591759
2027-03,Budget,6008,D004,Input,Input,Amount,403270
2027-03,Budget,6008,D005,Input,Input,Amount,449892
2027-03,Budget,6008,D006,Input,Input,Amount,168939
2027-03,Budget,6008,D007,Input,Input,Amount,529198
2027-03,Budget,6008,D008,Input,Input,Amount,263146
2027-03,Budget,6008,D009,Input,Input,Amount,216824
2027-03,Budget,6008,D010,Input,Input,Amount,219141
2027-03,Budget,6008,D011,Input,Input,Amount,292831
2027-03,Budget,6008,D012,Input,Input,Amount,390618
2027-03,Budget,6008,D013,Input,Input,Amount,428410
2027-03,Budget,6008,D014,Input,Input,Amount,548314
2027-03,Budget,6008,D015,Input,Input,Amount,511607
2027-03,Budget,6008,D016,Input,Input,Amount,302870
2027-03,Budget,6008,D017,Input,Input,Amount,587534
2027-03,Budget,6009,D001,Input,Input,Amount,258898
2027-03,Budget,6009,D002,Input,Input,Amount,127655
2027-03,Budget,6009,D003,Input,Input,Amount,45601
2027-03,Budget,6009,D004,Input,Input,Amount,135619
2027-03,Budget,6009,D005,Input,Input,Amount,422406
2027-03,Budget,6009,D006,Input,Input,Amount,123132
2027-03,Budget,6009,D007,Input,Input,Amount,266566
2027-03,Budget,6009,D008,Input,Input,Amount,586085
2027-03,Budget,6009,D009,Input,Input,Amount,435141
2027-03,Budget,6009,D010,Input,Input,Amount,404243
2027-03,Budget,6009,D011,Input,Input,Amount,334450
2027-03,Budget,6009,D012,Input,Input,Amount,533908
2027-03,Budget,6009,D013,Input,Input,Amount,232053
2027-03,Budget,6009,D014,Input,Input,Amount,409952
2027-03,Budget,6009,D015,Input,Input,Amount,125734
2027-03,Budget,6009,D016,Input,Input,Amount,423818
2027-03,Budget,6009,D017,Input,Input,Amount,36484
2027-03,Budget,6010,D001,Input,Input,Amount,406721
2027-03,Budget,6010,D002,Input,Input,Amount,84628
2027-03,Budget,6010,D003,Input,Input,Amount,288444
2027-03,Budget,6010,D004,Input,Input,Amount,485266
2027-03,Budget,6010,D005,Input,Input,Amount,174394
2027-03,Budget,6010,D006,Input,Input,Amount,154367
2027-03,Budget,6010,D007,Input,Input,Amount,134237
2027-03,Budget,6010,D008,Input,Input,Amount,415006
2027-03,Budget,6010,D009,Input,Input,Amount,507396
2027-03,Budget,6010,D010,Input,Input,Amount,546871
2027-03,Budget,6010,D011,Input,Input,Amount,350301
2027-03,Budget,6010,D012,Input,Input,Amount,624100
2027-03,Budget,6010,D013,Input,Input,Amount,159537
2027-03,Budget,6010,D014,Input,Input,Amount,612542
2027-03,Budget,6010,D015,Input,Input,Amount,242424
2027-03,Budget,6010,D016,Input,Input,Amount,289201
2027-03,Budget,6010,D017,Input,Input,Amount,256671
2027-03,Budget,6011,D001,Input,Input,Amount,242693
2027-03,Budget,6011,D002,Input,Input,Amount,442406
2027-03,Budget,6011,D003,Input,Input,Amount,403123
2027-03,Budget,6011,D004,Input,Input,Amount,451484
2027-03,Budget,6011,D005,Input,Input,Amount,500905
2027-03,Budget,6011,D006,Input,Input,Amount,317642
2027-03,Budget,6011,D007,Input,Input,Amount,484223
2027-03,Budget,6011,D008,Input,Input,Amount,617695
2027-03,Budget,6011,D009,Input,Input,Amount,371064
2027-03,Budget,6011,D010,Input,Input,Amount,269967
2027-03,Budget,6011,D011,Input,Input,Amount,328047
2027-03,Budget,6011,D012,Input,Input,Amount,472845
2027-03,Budget,6011,D013,Input,Input,Amount,234132
2027-03,Budget,6011,D014,Input,Input,Amount,320358
2027-03,Budget,6011,D015,Input,Input,Amount,506911
2027-03,Budget,6011,D016,Input,Input,Amount,212522
2027-03,Budget,6011,D017,Input,Input,Amount,186135
2027-03,Budget,6012,D001,Input,Input,Amount,172288
2027-03,Budget,6012,D002,Input,Input,Amount,528272
2027-03,Budget,6012,D003,Input,Input,Amount,578504
2027-03,Budget,6012,D004,Input,Input,Amount,486839
2027-03,Budget,6012,D005,Input,Input,Amount,127813
2027-03,Budget,6012,D006,Input,Input,Amount,37756
2027-03,Budget,6012,D007,Input,Input,Amount,403957
2027-03,Budget,6012,D008,Input,Input,Amount,167973
2027-03,Budget,6012,D009,Input,Input,Amount,62665
2027-03,Budget,6012,D010,Input,Input,Amount,78755
2027-03,Budget,6012,D011,Input,Input,Amount,55012
2027-03,Budget,6012,D012,Input,Input,Amount,45569
2027-03,Budget,6012,D013,Input,Input,Amount,269886
2027-03,Budget,6012,D014,Input,Input,Amount,81958
2027-03,Budget,6012,D015,Input,Input,Amount,447853
2027-03,Budget,6012,D016,Input,Input,Amount,97743
2027-03,Budget,6012,D017,Input,Input,Amount,262175
2027-03,Budget,6013,D001,Input,Input,Amount,191920
2027-03,Budget,6013,D002,Input,Input,Amount,587596
2027-03,Budget,6013,D003,Input,Input,Amount,625758
2027-03,Budget,6013,D004,Input,Input,Amount,253839
2027-03,Budget,6013,D005,Input,Input,Amount,405167
2027-03,Budget,6013,D006,Input,Input,Amount,98896
2027-03,Budget,6013,D007,Input,Input,Amount,347542
2027-03,Budget,6013,D008,Input,Input,Amount,433761
2027-03,Budget,6013,D009,Input,Input,Amount,71077
2027-03,Budget,6013,D010,Input,Input,Amount,409939
2027-03,Budget,6013,D011,Input,Input,Amount,157076
2027-03,Budget,6013,D012,Input,Input,Amount,62068
2027-03,Budget,6013,D013,Input,Input,Amount,434800
2027-03,Budget,6013,D014,Input,Input,Amount,589404
2027-03,Budget,6013,D015,Input,Input,Amount,254139
2027-03,Budget,6013,D016,Input,Input,Amount,491469
2027-03,Budget,6013,D017,Input,Input,Amount,570465
2027-03,Budget,6014,D001,Input,Input,Amount,203234
2027-03,Budget,6014,D002,Input,Input,Amount,519768
2027-03,Budget,6014,D003,Input,Input,Amount,84121
2027-03,Budget,6014,D004,Input,Input,Amount,184784
2027-03,Budget,6014,D005,Input,Input,Amount,293383
2027-03,Budget,6014,D006,Input,Input,Amount,569597
2027-03,Budget,6014,D007,Input,Input,Amount,114382
2027-03,Budget,6014,D008,Input,Input,Amount,303415
2027-03,Budget,6014,D009,Input,Input,Amount,250709
2027-03,Budget,6014,D010,Input,Input,Amount,364143
2027-03,Budget,6014,D011,Input,Input,Amount,179698
2027-03,Budget,6014,D012,Input,Input,Amount,189808
2027-03,Budget,6014,D013,Input,Input,Amount,587008
2027-03,Budget,6014,D014,Input,Input,Amount,315247
2027-03,Budget,6014,D015,Input,Input,Amount,342365
2027-03,Budget,6014,D016,Input,Input,Amount,139535
2027-03,Budget,6014,D017,Input,Input,Amount,400500
2027-03,Budget,6015,D001,Input,Input,Amount,157208
2027-03,Budget,6015,D002,Input,Input,Amount,271759
2027-03,Budget,6015,D003,Input,Input,Amount,79343
2027-03,Budget,6015,D004,Input,Input,Amount,412412
2027-03,Budget,6015,D005,Input,Input,Amount,549418
2027-03,Budget,6015,D006,Input,Input,Amount,342784
2027-03,Budget,6015,D007,Input,Input,Amount,132936
2027-03,Budget,6015,D008,Input,Input,Amount,40066
2027-03,Budget,6015,D009,Input,Input,Amount,470712
2027-03,Budget,6015,D010,Input,Input,Amount,547491
2027-03,Budget,6015,D011,Input,Input,Amount,496138
2027-03,Budget,6015,D012,Input,Input,Amount,90447
2027-03,Budget,6015,D013,Input,Input,Amount,394769
2027-03,Budget,6015,D014,Input,Input,Amount,49440
2027-03,Budget,6015,D015,Input,Input,Amount,395964
2027-03,Budget,6015,D016,Input,Input,Amount,168112
2027-03,Budget,6015,D017,Input,Input,Amount,563480
2027-03,Budget,6016,D001,Input,Input,Amount,240999
2027-03,Budget,6016,D002,Input,Input,Amount,356076
2027-03,Budget,6016,D003,Input,Input,Amount,425461
2027-03,Budget,6016,D004,Input,Input,Amount,198078
2027-03,Budget,6016,D005,Input,Input,Amount,453581
2027-03,Budget,6016,D006,Input,Input,Amount,151620
2027-03,Budget,6016,D007,Input,Input,Amount,128923
2027-03,Budget,6016,D008,Input,Input,Amount,313040
2027-03,Budget,6016,D009,Input,Input,Amount,470825
2027-03,Budget,6016,D010,Input,Input,Amount,187452
2027-03,Budget,6016,D011,Input,Input,Amount,144279
2027-03,Budget,6016,D012,Input,Input,Amount,101467
2027-03,Budget,6016,D013,Input,Input,Amount,131627
2027-03,Budget,6016,D014,Input,Input,Amount,552346
2027-03,Budget,6016,D015,Input,Input,Amount,508438
2027-03,Budget,6016,D016,Input,Input,Amount,307735
2027-03,Budget,6016,D017,Input,Input,Amount,575447
2027-03,Budget,6017,D001,Input,Input,Amount,471466
2027-03,Budget,6017,D002,Input,Input,Amount,629887
2027-03,Budget,6017,D003,Input,Input,Amount,558362
2027-03,Budget,6017,D004,Input,Input,Amount,44976
2027-03,Budget,6017,D005,Input,Input,Amount,456506
2027-03,Budget,6017,D006,Input,Input,Amount,505088
2027-03,Budget,6017,D007,Input,Input,Amount,273208
2027-03,Budget,6017,D008,Input,Input,Amount,586041
2027-03,Budget,6017,D009,Input,Input,Amount,176976
2027-03,Budget,6017,D010,Input,Input,Amount,405446
2027-03,Budget,6017,D011,Input,Input,Amount,372919
2027-03,Budget,6017,D012,Input,Input,Amount,320870
2027-03,Budget,6017,D013,Input,Input,Amount,550730
2027-03,Budget,6017,D014,Input,Input,Amount,369734
2027-03,Budget,6017,D015,Input,Input,Amount,584059
2027-03,Budget,6017,D016,Input,Input,Amount,556136
2027-03,Budget,6017,D017,Input,Input,Amount,461557
2027-03,Budget,6018,D001,Input,Input,Amount,181817
2027-03,Budget,6018,D002,Input,Input,Amount,444598
2027-03,Budget,6018,D003,Input,Input,Amount,532346
2027-03,Budget,6018,D004,Input,Input,Amount,476496
2027-03,Budget,6018,D005,Input,Input,Amount,198174
2027-03,Budget,6018,D006,Input,Input,Amount,255899
2027-03,Budget,6018,D007,Input,Input,Amount,379603
2027-03,Budget,6018,D008,Input,Input,Amount,86974
2027-03,Budget,6018,D009,Input,Input,Amount,81989
2027-03,Budget,6018,D010,Input,Input,Amount,144080
2027-03,Budget,6018,D011,Input,Input,Amount,189976
2027-03,Budget,6018,D012,Input,Input,Amount,242901
2027-03,Budget,6018,D013,Input,Input,Amount,366919
2027-03,Budget,6018,D014,Input,Input,Amount,576513
2027-03,Budget,6018,D015,Input,Input,Amount,579101
2027-03,Budget,6018,D016,Input,Input,Amount,148634
2027-03,Budget,6018,D017,Input,Input,Amount,223753
2027-03,Budget,6019,D001,Input,Input,Amount,215683
2027-03,Budget,6019,D002,Input,Input,Amount,599027
2027-03,Budget,6019,D003,Input,Input,Amount,236971
2027-03,Budget,6019,D004,Input,Input,Amount,309419
2027-03,Budget,6019,D005,Input,Input,Amount,468132
2027-03,Budget,6019,D006,Input,Input,Amount,131577
2027-03,Budget,6019,D007,Input,Input,Amount,484525
2027-03,Budget,6019,D008,Input,Input,Amount,446016
2027-03,Budget,6019,D009,Input,Input,Amount,50236
2027-03,Budget,6019,D010,Input,Input,Amount,151141
2027-03,Budget,6019,D011,Input,Input,Amount,413665
2027-03,Budget,6019,D012,Input,Input,Amount,263585
2027-03,Budget,6019,D013,Input,Input,Amount,442732
2027-03,Budget,6019,D014,Input,Input,Amount,111062
2027-03,Budget,6019,D015,Input,Input,Amount,573705
2027-03,Budget,6019,D016,Input,Input,Amount,367308
2027-03,Budget,6019,D017,Input,Input,Amount,43424
2027-03,Budget,6020,D001,Input,Input,Amount,224237
2027-03,Budget,6020,D002,Input,Input,Amount,330408
2027-03,Budget,6020,D003,Input,Input,Amount,621517
2027-03,Budget,6020,D004,Input,Input,Amount,513984
2027-03,Budget,6020,D005,Input,Input,Amount,402638
2027-03,Budget,6020,D006,Input,Input,Amount,189978
2027-03,Budget,6020,D007,Input,Input,Amount,109046
2027-03,Budget,6020,D008,Input,Input,Amount,492692
2027-03,Budget,6020,D009,Input,Input,Amount,370513
2027-03,Budget,6020,D010,Input,Input,Amount,462511
2027-03,Budget,6020,D011,Input,Input,Amount,85087
2027-03,Budget,6020,D012,Input,Input,Amount,333069
2027-03,Budget,6020,D013,Input,Input,Amount,182221
2027-03,Budget,6020,D014,Input,Input,Amount,81132
2027-03,Budget,6020,D015,Input,Input,Amount,545881
2027-03,Budget,6020,D016,Input,Input,Amount,69884
2027-03,Budget,6020,D017,Input,Input,Amount,305519
2027-03,Budget,6021,D001,Input,Input,Amount,342117
2027-03,Budget,6021,D002,Input,Input,Amount,325006
2027-03,Budget,6021,D003,Input,Input,Amount,492874
2027-03,Budget,6021,D004,Input,Input,Amount,561102
2027-03,Budget,6021,D005,Input,Input,Amount,314343
2027-03,Budget,6021,D006,Input,Input,Amount,208452
2027-03,Budget,6021,D007,Input,Input,Amount,479020
2027-03,Budget,6021,D008,Input,Input,Amount,287395
2027-03,Budget,6021,D009,Input,Input,Amount,147300
2027-03,Budget,6021,D010,Input,Input,Amount,476717
2027-03,Budget,6021,D011,Input,Input,Amount,379836
2027-03,Budget,6021,D012,Input,Input,Amount,278988
2027-03,Budget,6021,D013,Input,Input,Amount,546620
2027-03,Budget,6021,D014,Input,Input,Amount,327221
2027-03,Budget,6021,D015,Input,Input,Amount,348308
2027-03,Budget,6021,D016,Input,Input,Amount,348873
2027-03,Budget,6021,D017,Input,Input,Amount,131146
2027-03,Budget,6022,D001,Input,Input,Amount,579042
2027-03,Budget,6022,D002,Input,Input,Amount,322532
2027-03,Budget,6022,D003,Input,Input,Amount,501958
2027-03,Budget,6022,D004,Input,Input,Amount,57646
2027-03,Budget,6022,D005,Input,Input,Amount,515747
2027-03,Budget,6022,D006,Input,Input,Amount,421745
2027-03,Budget,6022,D007,Input,Input,Amount,409794
2027-03,Budget,6022,D008,Input,Input,Amount,181120
2027-03,Budget,6022,D009,Input,Input,Amount,434400
2027-03,Budget,6022,D010,Input,Input,Amount,76498
2027-03,Budget,6022,D011,Input,Input,Amount,257945
2027-03,Budget,6022,D012,Input,Input,Amount,136127
2027-03,Budget,6022,D013,Input,Input,Amount,96161
2027-03,Budget,6022,D014,Input,Input,Amount,559229
2027-03,Budget,6022,D015,Input,Input,Amount,301816
2027-03,Budget,6022,D016,Input,Input,Amount,486254
2027-03,Budget,6022,D017,Input,Input,Amount,176744
2027-03,Budget,6023,D001,Input,Input,Amount,461498
2027-03,Budget,6023,D002,Input,Input,Amount,85660
2027-03,Budget,6023,D003,Input,Input,Amount,367661
2027-03,Budget,6023,D004,Input,Input,Amount,134517
2027-03,Budget,6023,D005,Input,Input,Amount,620523
2027-03,Budget,6023,D006,Input,Input,Amount,410176
2027-03,Budget,6023,D007,Input,Input,Amount,224743
2027-03,Budget,6023,D008,Input,Input,Amount,234010
2027-03,Budget,6023,D009,Input,Input,Amount,620484
2027-03,Budget,6023,D010,Input,Input,Amount,254780
2027-03,Budget,6023,D011,Input,Input,Amount,400323
2027-03,Budget,6023,D012,Input,Input,Amount,95025
2027-03,Budget,6023,D013,Input,Input,Amount,108597
2027-03,Budget,6023,D014,Input,Input,Amount,392634
2027-03,Budget,6023,D015,Input,Input,Amount,329453
2027-03,Budget,6023,D016,Input,Input,Amount,296551
2027-03,Budget,6023,D017,Input,Input,Amount,311548
2027-03,Budget,6024,D001,Input,Input,Amount,33789
2027-03,Budget,6024,D002,Input,Input,Amount,299549
2027-03,Budget,6024,D003,Input,Input,Amount,163472
2027-03,Budget,6024,D004,Input,Input,Amount,255880
2027-03,Budget,6024,D005,Input,Input,Amount,500504
2027-03,Budget,6024,D006,Input,Input,Amount,608505
2027-03,Budget,6024,D007,Input,Input,Amount,564548
2027-03,Budget,6024,D008,Input,Input,Amount,139463
2027-03,Budget,6024,D009,Input,Input,Amount,524606
2027-03,Budget,6024,D010,Input,Input,Amount,405750
2027-03,Budget,6024,D011,Input,Input,Amount,493660
2027-03,Budget,6024,D012,Input,Input,Amount,35170
2027-03,Budget,6024,D013,Input,Input,Amount,162839
2027-03,Budget,6024,D014,Input,Input,Amount,192310
2027-03,Budget,6024,D015,Input,Input,Amount,113759
2027-03,Budget,6024,D016,Input,Input,Amount,216320
2027-03,Budget,6024,D017,Input,Input,Amount,568905
2027-03,Budget,6025,D001,Input,Input,Amount,124108
2027-03,Budget,6025,D002,Input,Input,Amount,576466
2027-03,Budget,6025,D003,Input,Input,Amount,275034
2027-03,Budget,6025,D004,Input,Input,Amount,302742
2027-03,Budget,6025,D005,Input,Input,Amount,483531
2027-03,Budget,6025,D006,Input,Input,Amount,391398
2027-03,Budget,6025,D007,Input,Input,Amount,441703
2027-03,Budget,6025,D008,Input,Input,Amount,526346
2027-03,Budget,6025,D009,Input,Input,Amount,278655
2027-03,Budget,6025,D010,Input,Input,Amount,155346
2027-03,Budget,6025,D011,Input,Input,Amount,474983
2027-03,Budget,6025,D012,Input,Input,Amount,283417
2027-03,Budget,6025,D013,Input,Input,Amount,176596
2027-03,Budget,6025,D014,Input,Input,Amount,242860
2027-03,Budget,6025,D015,Input,Input,Amount,145944
2027-03,Budget,6025,D016,Input,Input,Amount,611735
2027-03,Budget,6025,D017,Input,Input,Amount,99180
2027-03,Budget,6026,D001,Input,Input,Amount,500751
2027-03,Budget,6026,D002,Input,Input,Amount,234182
2027-03,Budget,6026,D003,Input,Input,Amount,309051
2027-03,Budget,6026,D004,Input,Input,Amount,429028
2027-03,Budget,6026,D005,Input,Input,Amount,354205
2027-03,Budget,6026,D006,Input,Input,Amount,168472
2027-03,Budget,6026,D007,Input,Input,Amount,259338
2027-03,Budget,6026,D008,Input,Input,Amount,72613
2027-03,Budget,6026,D009,Input,Input,Amount,451042
2027-03,Budget,6026,D010,Input,Input,Amount,254910
2027-03,Budget,6026,D011,Input,Input,Amount,475502
2027-03,Budget,6026,D012,Input,Input,Amount,213751
2027-03,Budget,6026,D013,Input,Input,Amount,511201
2027-03,Budget,6026,D014,Input,Input,Amount,129086
2027-03,Budget,6026,D015,Input,Input,Amount,91792
2027-03,Budget,6026,D016,Input,Input,Amount,411808
2027-03,Budget,6026,D017,Input,Input,Amount,218188
