vGBL Period,vGBL Version,vGBL Account,vGBL Cost Centre,vCST Cost Pool,vCST Service Line,vCST Account Config Measure,vAmount
2026-04,Budget,5001,D001,Input,SL01,Direct Percentage Share,55.2
2026-04,Budget,5001,D001,Input,SL06,Direct Percentage Share,44.8
2026-04,Budget,5001,D002,Input,SL02,Direct Percentage Share,93.4
2026-04,Budget,5001,D002,Input,SL05,Direct Percentage Share,6.6
2026-04,Budget,5001,D003,Input,SL04,Direct Percentage Share,3.03
2026-04,Budget,5001,D003,Input,SL05,Direct Percentage Share,22.72
2026-04,Budget,5001,D003,Input,SL07,Direct Percentage Share,74.25
2026-04,Budget,5001,D004,Input,SL04,Direct Percentage Share,41.37
2026-04,Budget,5001,D004,Input,SL08,Direct Percentage Share,8.7
2026-04,Budget,5001,D004,Input,SL05,Direct Percentage Share,23.04
2026-04,Budget,5001,D004,Input,SL03,Direct Percentage Share,15.15
2026-04,Budget,5001,D004,Input,SL01,Direct Percentage Share,11.74
2026-04,Budget,5001,D005,Input,SL02,Direct Percentage Share,35.51
2026-04,Budget,5001,D005,Input,SL01,Direct Percentage Share,34.02
2026-04,Budget,5001,D005,Input,SL04,Direct Percentage Share,26.17
2026-04,Budget,5001,D005,Input,SL07,Direct Percentage Share,4.3
2026-04,Budget,5001,D006,Input,SL02,Direct Percentage Share,23.09
2026-04,Budget,5001,D006,Input,SL04,Direct Percentage Share,17.22
2026-04,Budget,5001,D006,Input,SL01,Direct Percentage Share,23.99
2026-04,Budget,5001,D006,Input,SL05,Direct Percentage Share,16.08
2026-04,Budget,5001,D006,Input,SL03,Direct Percentage Share,19.62
2026-04,Budget,5001,D007,Input,SL04,Direct Percentage Share,78.39
2026-04,Budget,5001,D007,Input,SL07,Direct Percentage Share,21.61
2026-04,Budget,5001,D008,Input,SL02,Direct Percentage Share,31.26
2026-04,Budget,5001,D008,Input,SL04,Direct Percentage Share,57.52
2026-04,Budget,5001,D008,Input,SL03,Direct Percentage Share,11.22
2026-04,Budget,5001,D009,Input,SL04,Direct Percentage Share,36.41
2026-04,Budget,5001,D009,Input,SL06,Direct Percentage Share,10.23
2026-04,Budget,5001,D009,Input,SL03,Direct Percentage Share,43.59
2026-04,Budget,5001,D009,Input,SL01,Direct Percentage Share,9.77
2026-04,Budget,5001,D010,Input,SL05,Direct Percentage Share,26.7
2026-04,Budget,5001,D010,Input,SL06,Direct Percentage Share,32.86
2026-04,Budget,5001,D010,Input,SL07,Direct Percentage Share,30.26
2026-04,Budget,5001,D010,Input,SL08,Direct Percentage Share,8.93
2026-04,Budget,5001,D010,Input,SL02,Direct Percentage Share,1.25
2026-04,Budget,5001,D011,Input,SL07,Direct Percentage Share,37.87
2026-04,Budget,5001,D011,Input,SL03,Direct Percentage Share,23.53
2026-04,Budget,5001,D011,Input,SL01,Direct Percentage Share,29.78
2026-04,Budget,5001,D011,Input,SL02,Direct Percentage Share,8.82
2026-04,Budget,5001,D012,Input,SL07,Direct Percentage Share,5.38
2026-04,Budget,5001,D012,Input,SL06,Direct Percentage Share,28.66
2026-04,Budget,5001,D012,Input,SL04,Direct Percentage Share,20.74
2026-04,Budget,5001,D012,Input,SL02,Direct Percentage Share,28.74
2026-04,Budget,5001,D012,Input,SL03,Direct Percentage Share,16.48
2026-04,Budget,5001,D013,Input,SL06,Direct Percentage Share,5.45
2026-04,Budget,5001,D013,Input,SL02,Direct Percentage Share,2.83
2026-04,Budget,5001,D013,Input,SL07,Direct Percentage Share,6.58
2026-04,Budget,5001,D013,Input,SL05,Direct Percentage Share,37.63
2026-04,Budget,5001,D013,Input,SL04,Direct Percentage Share,47.51
2026-04,Budget,5001,D014,Input,SL02,Direct Percentage Share,17.11
2026-04,Budget,5001,D014,Input,SL04,Direct Percentage Share,31.39
2026-04,Budget,5001,D014,Input,SL07,Direct Percentage Share,27.83
2026-04,Budget,5001,D014,Input,SL05,Direct Percentage Share,0.37
2026-04,Budget,5001,D014,Input,SL06,Direct Percentage Share,23.3
2026-04,Budget,5001,D015,Input,SL06,Direct Percentage Share,9.87
2026-04,Budget,5001,D015,Input,SL01,Direct Percentage Share,0.2
2026-04,Budget,5001,D015,Input,SL03,Direct Percentage Share,45.04
2026-04,Budget,5001,D015,Input,SL04,Direct Percentage Share,44.89
2026-04,Budget,5001,D016,Input,SL02,Direct Percentage Share,19.3
2026-04,Budget,5001,D016,Input,SL07,Direct Percentage Share,41.32
2026-04,Budget,5001,D016,Input,SL06,Direct Percentage Share,39.38
2026-04,Budget,5001,D017,Input,SL06,Direct Percentage Share,29.18
2026-04,Budget,5001,D017,Input,SL07,Direct Percentage Share,42.13
2026-04,Budget,5001,D017,Input,SL02,Direct Percentage Share,28.69
2026-04,Budget,5002,D001,Input,SL06,Direct Percentage Share,2.05
2026-04,Budget,5002,D001,Input,SL04,Direct Percentage Share,97.95
2026-04,Budget,5002,D002,Input,SL04,Direct Percentage Share,59.64
2026-04,Budget,5002,D002,Input,SL01,Direct Percentage Share,5.39
2026-04,Budget,5002,D002,Input,SL02,Direct Percentage Share,30.61
2026-04,Budget,5002,D002,Input,SL05,Direct Percentage Share,4.36
2026-04,Budget,5002,D003,Input,SL03,Direct Percentage Share,57.75
2026-04,Budget,5002,D003,Input,SL06,Direct Percentage Share,10.07
2026-04,Budget,5002,D003,Input,SL04,Direct Percentage Share,32.18
2026-04,Budget,5002,D004,Input,SL04,Direct Percentage Share,14.28
2026-04,Budget,5002,D004,Input,SL05,Direct Percentage Share,24.03
2026-04,Budget,5002,D004,Input,SL06,Direct Percentage Share,13.36
2026-04,Budget,5002,D004,Input,SL02,Direct Percentage Share,32.18
2026-04,Budget,5002,D004,Input,SL03,Direct Percentage Share,16.15
2026-04,Budget,5002,D005,Input,SL04,Direct Percentage Share,1.81
2026-04,Budget,5002,D005,Input,SL01,Direct Percentage Share,47.61
2026-04,Budget,5002,D005,Input,SL03,Direct Percentage Share,50.58
2026-04,Budget,5002,D006,Input,SL02,Direct Percentage Share,73.38
2026-04,Budget,5002,D006,Input,SL06,Direct Percentage Share,26.62
2026-04,Budget,5002,D007,Input,SL06,Direct Percentage Share,64.87
2026-04,Budget,5002,D007,Input,SL01,Direct Percentage Share,35.13
2026-04,Budget,5002,D008,Input,SL04,Direct Percentage Share,12.95
2026-04,Budget,5002,D008,Input,SL05,Direct Percentage Share,25.21
2026-04,Budget,5002,D008,Input,SL02,Direct Percentage Share,21.69
2026-04,Budget,5002,D008,Input,SL07,Direct Percentage Share,5.03
2026-04,Budget,5002,D008,Input,SL08,Direct Percentage Share,35.12
2026-04,Budget,5002,D009,Input,SL07,Direct Percentage Share,31.2
2026-04,Budget,5002,D009,Input,SL04,Direct Percentage Share,45.59
2026-04,Budget,5002,D009,Input,SL08,Direct Percentage Share,4.56
2026-04,Budget,5002,D009,Input,SL01,Direct Percentage Share,18.65
2026-04,Budget,5002,D010,Input,SL02,Direct Percentage Share,40.55
2026-04,Budget,5002,D010,Input,SL08,Direct Percentage Share,10.6
2026-04,Budget,5002,D010,Input,SL07,Direct Percentage Share,13.87
2026-04,Budget,5002,D010,Input,SL06,Direct Percentage Share,34.98
2026-04,Budget,5002,D011,Input,SL08,Direct Percentage Share,61.02
2026-04,Budget,5002,D011,Input,SL07,Direct Percentage Share,38.98
2026-04,Budget,5002,D012,Input,SL01,Direct Percentage Share,52.19
2026-04,Budget,5002,D012,Input,SL08,Direct Percentage Share,47.81
2026-04,Budget,5002,D013,Input,SL07,Direct Percentage Share,31.74
2026-04,Budget,5002,D013,Input,SL04,Direct Percentage Share,59.55
2026-04,Budget,5002,D013,Input,SL08,Direct Percentage Share,8.71
2026-04,Budget,5002,D014,Input,SL01,Direct Percentage Share,11.59
2026-04,Budget,5002,D014,Input,SL04,Direct Percentage Share,26.23
2026-04,Budget,5002,D014,Input,SL03,Direct Percentage Share,27.27
2026-04,Budget,5002,D014,Input,SL07,Direct Percentage Share,15.23
2026-04,Budget,5002,D014,Input,SL06,Direct Percentage Share,19.68
2026-04,Budget,5002,D015,Input,SL04,Direct Percentage Share,46.35
2026-04,Budget,5002,D015,Input,SL03,Direct Percentage Share,27.71
2026-04,Budget,5002,D015,Input,SL02,Direct Percentage Share,25.94
2026-04,Budget,5002,D016,Input,SL01,Direct Percentage Share,20.33
2026-04,Budget,5002,D016,Input,SL08,Direct Percentage Share,34.47
2026-04,Budget,5002,D016,Input,SL05,Direct Percentage Share,6.36
2026-04,Budget,5002,D016,Input,SL04,Direct Percentage Share,38.84
2026-04,Budget,5002,D017,Input,SL03,Direct Percentage Share,46.84
2026-04,Budget,5002,D017,Input,SL01,Direct Percentage Share,53.16
2026-04,Budget,5003,D001,Input,SL07,Direct Percentage Share,16.86
2026-04,Budget,5003,D001,Input,SL01,Direct Percentage Share,40.72
2026-04,Budget,5003,D001,Input,SL05,Direct Percentage Share,42.42
2026-04,Budget,5003,D002,Input,SL06,Direct Percentage Share,10.94
2026-04,Budget,5003,D002,Input,SL03,Direct Percentage Share,5.39
2026-04,Budget,5003,D002,Input,SL02,Direct Percentage Share,26.58
2026-04,Budget,5003,D002,Input,SL07,Direct Percentage Share,18.83
2026-04,Budget,5003,D002,Input,SL08,Direct Percentage Share,38.26
2026-04,Budget,5003,D003,Input,SL01,Direct Percentage Share,52.46
2026-04,Budget,5003,D003,Input,SL04,Direct Percentage Share,47.54
2026-04,Budget,5003,D004,Input,SL02,Direct Percentage Share,44.56
2026-04,Budget,5003,D004,Input,SL05,Direct Percentage Share,55.44
2026-04,Budget,5003,D005,Input,SL02,Direct Percentage Share,6.84
2026-04,Budget,5003,D005,Input,SL08,Direct Percentage Share,36.14
2026-04,Budget,5003,D005,Input,SL03,Direct Percentage Share,30.5
2026-04,Budget,5003,D005,Input,SL06,Direct Percentage Share,26.52
2026-04,Budget,5003,D006,Input,SL05,Direct Percentage Share,10.55
2026-04,Budget,5003,D006,Input,SL06,Direct Percentage Share,89.45
2026-04,Budget,5003,D007,Input,SL02,Direct Percentage Share,15.69
2026-04,Budget,5003,D007,Input,SL01,Direct Percentage Share,28.44
2026-04,Budget,5003,D007,Input,SL06,Direct Percentage Share,21.26
2026-04,Budget,5003,D007,Input,SL05,Direct Percentage Share,34.61
2026-04,Budget,5003,D008,Input,SL08,Direct Percentage Share,34.45
2026-04,Budget,5003,D008,Input,SL03,Direct Percentage Share,45.04
2026-04,Budget,5003,D008,Input,SL01,Direct Percentage Share,2.39
2026-04,Budget,5003,D008,Input,SL06,Direct Percentage Share,18.12
2026-04,Budget,5003,D009,Input,SL05,Direct Percentage Share,25.86
2026-04,Budget,5003,D009,Input,SL02,Direct Percentage Share,41.31
2026-04,Budget,5003,D009,Input,SL06,Direct Percentage Share,32.83
2026-04,Budget,5003,D010,Input,SL02,Direct Percentage Share,62.36
2026-04,Budget,5003,D010,Input,SL06,Direct Percentage Share,37.64
2026-04,Budget,5003,D011,Input,SL03,Direct Percentage Share,10.76
2026-04,Budget,5003,D011,Input,SL04,Direct Percentage Share,31.39
2026-04,Budget,5003,D011,Input,SL02,Direct Percentage Share,27.8
2026-04,Budget,5003,D011,Input,SL01,Direct Percentage Share,30.05
2026-04,Budget,5003,D012,Input,SL04,Direct Percentage Share,12.8
2026-04,Budget,5003,D012,Input,SL06,Direct Percentage Share,20.27
2026-04,Budget,5003,D012,Input,SL02,Direct Percentage Share,31.67
2026-04,Budget,5003,D012,Input,SL01,Direct Percentage Share,35.26
2026-04,Budget,5003,D013,Input,SL04,Direct Percentage Share,36.59
2026-04,Budget,5003,D013,Input,SL07,Direct Percentage Share,30.38
2026-04,Budget,5003,D013,Input,SL02,Direct Percentage Share,33.03
2026-04,Budget,5003,D014,Input,SL03,Direct Percentage Share,54.16
2026-04,Budget,5003,D014,Input,SL06,Direct Percentage Share,45.84
2026-04,Budget,5003,D015,Input,SL04,Direct Percentage Share,27.0
2026-04,Budget,5003,D015,Input,SL03,Direct Percentage Share,26.58
2026-04,Budget,5003,D015,Input,SL02,Direct Percentage Share,6.89
2026-04,Budget,5003,D015,Input,SL01,Direct Percentage Share,25.28
2026-04,Budget,5003,D015,Input,SL08,Direct Percentage Share,14.25
2026-04,Budget,5003,D016,Input,SL04,Direct Percentage Share,26.22
2026-04,Budget,5003,D016,Input,SL02,Direct Percentage Share,18.33
2026-04,Budget,5003,D016,Input,SL01,Direct Percentage Share,4.57
2026-04,Budget,5003,D016,Input,SL07,Direct Percentage Share,50.88
2026-04,Budget,5003,D017,Input,SL07,Direct Percentage Share,42.63
2026-04,Budget,5003,D017,Input,SL06,Direct Percentage Share,5.23
2026-04,Budget,5003,D017,Input,SL05,Direct Percentage Share,44.04
2026-04,Budget,5003,D017,Input,SL03,Direct Percentage Share,8.1
2026-05,Budget,5001,D001,Input,SL01,Direct Percentage Share,13.53
2026-05,Budget,5001,D001,Input,SL08,Direct Percentage Share,30.81
2026-05,Budget,5001,D001,Input,SL05,Direct Percentage Share,17.1
2026-05,Budget,5001,D001,Input,SL04,Direct Percentage Share,38.56
2026-05,Budget,5001,D002,Input,SL07,Direct Percentage Share,81.07
2026-05,Budget,5001,D002,Input,SL05,Direct Percentage Share,18.93
2026-05,Budget,5001,D003,Input,SL01,Direct Percentage Share,12.02
2026-05,Budget,5001,D003,Input,SL05,Direct Percentage Share,26.45
2026-05,Budget,5001,D003,Input,SL07,Direct Percentage Share,25.67
2026-05,Budget,5001,D003,Input,SL02,Direct Percentage Share,17.37
2026-05,Budget,5001,D003,Input,SL03,Direct Percentage Share,18.49
2026-05,Budget,5001,D004,Input,SL05,Direct Percentage Share,43.1
2026-05,Budget,5001,D004,Input,SL08,Direct Percentage Share,56.9
2026-05,Budget,5001,D005,Input,SL05,Direct Percentage Share,26.23
2026-05,Budget,5001,D005,Input,SL08,Direct Percentage Share,14.95
2026-05,Budget,5001,D005,Input,SL02,Direct Percentage Share,29.51
2026-05,Budget,5001,D005,Input,SL06,Direct Percentage Share,6.86
2026-05,Budget,5001,D005,Input,SL04,Direct Percentage Share,22.45
2026-05,Budget,5001,D006,Input,SL01,Direct Percentage Share,27.74
2026-05,Budget,5001,D006,Input,SL03,Direct Percentage Share,21.42
2026-05,Budget,5001,D006,Input,SL07,Direct Percentage Share,11.38
2026-05,Budget,5001,D006,Input,SL02,Direct Percentage Share,15.6
2026-05,Budget,5001,D006,Input,SL04,Direct Percentage Share,23.86
2026-05,Budget,5001,D007,Input,SL03,Direct Percentage Share,3.89
2026-05,Budget,5001,D007,Input,SL06,Direct Percentage Share,39.71
2026-05,Budget,5001,D007,Input,SL01,Direct Percentage Share,9.8
2026-05,Budget,5001,D007,Input,SL08,Direct Percentage Share,12.95
2026-05,Budget,5001,D007,Input,SL05,Direct Percentage Share,33.65
2026-05,Budget,5001,D008,Input,SL01,Direct Percentage Share,41.63
2026-05,Budget,5001,D008,Input,SL08,Direct Percentage Share,25.86
2026-05,Budget,5001,D008,Input,SL02,Direct Percentage Share,32.51
2026-05,Budget,5001,D009,Input,SL07,Direct Percentage Share,22.99
2026-05,Budget,5001,D009,Input,SL06,Direct Percentage Share,11.34
2026-05,Budget,5001,D009,Input,SL05,Direct Percentage Share,30.5
2026-05,Budget,5001,D009,Input,SL02,Direct Percentage Share,0.26
2026-05,Budget,5001,D009,Input,SL04,Direct Percentage Share,34.91
2026-05,Budget,5001,D010,Input,SL07,Direct Percentage Share,15.51
2026-05,Budget,5001,D010,Input,SL02,Direct Percentage Share,84.49
2026-05,Budget,5001,D011,Input,SL01,Direct Percentage Share,6.65
2026-05,Budget,5001,D011,Input,SL05,Direct Percentage Share,23.17
2026-05,Budget,5001,D011,Input,SL02,Direct Percentage Share,26.49
2026-05,Budget,5001,D011,Input,SL08,Direct Percentage Share,27.87
2026-05,Budget,5001,D011,Input,SL04,Direct Percentage Share,15.82
2026-05,Budget,5001,D012,Input,SL07,Direct Percentage Share,31.48
2026-05,Budget,5001,D012,Input,SL08,Direct Percentage Share,20.09
2026-05,Budget,5001,D012,Input,SL05,Direct Percentage Share,10.97
2026-05,Budget,5001,D012,Input,SL04,Direct Percentage Share,10.47
2026-05,Budget,5001,D012,Input,SL02,Direct Percentage Share,26.99
2026-05,Budget,5001,D013,Input,SL04,Direct Percentage Share,13.84
2026-05,Budget,5001,D013,Input,SL03,Direct Percentage Share,19.82
2026-05,Budget,5001,D013,Input,SL08,Direct Percentage Share,52.69
2026-05,Budget,5001,D013,Input,SL01,Direct Percentage Share,4.75
2026-05,Budget,5001,D013,Input,SL07,Direct Percentage Share,8.9
2026-05,Budget,5001,D014,Input,SL03,Direct Percentage Share,20.45
2026-05,Budget,5001,D014,Input,SL06,Direct Percentage Share,27.23
2026-05,Budget,5001,D014,Input,SL02,Direct Percentage Share,20.86
2026-05,Budget,5001,D014,Input,SL01,Direct Percentage Share,10.38
2026-05,Budget,5001,D014,Input,SL04,Direct Percentage Share,21.08
2026-05,Budget,5001,D015,Input,SL07,Direct Percentage Share,1.65
2026-05,Budget,5001,D015,Input,SL04,Direct Percentage Share,98.35
2026-05,Budget,5001,D016,Input,SL07,Direct Percentage Share,21.2
2026-05,Budget,5001,D016,Input,SL05,Direct Percentage Share,11.84
2026-05,Budget,5001,D016,Input,SL06,Direct Percentage Share,21.07
2026-05,Budget,5001,D016,Input,SL08,Direct Percentage Share,16.87
2026-05,Budget,5001,D016,Input,SL02,Direct Percentage Share,29.02
2026-05,Budget,5001,D017,Input,SL03,Direct Percentage Share,33.91
2026-05,Budget,5001,D017,Input,SL07,Direct Percentage Share,22.13
2026-05,Budget,5001,D017,Input,SL04,Direct Percentage Share,24.79
2026-05,Budget,5001,D017,Input,SL02,Direct Percentage Share,3.14
2026-05,Budget,5001,D017,Input,SL01,Direct Percentage Share,16.03
2026-05,Budget,5002,D001,Input,SL03,Direct Percentage Share,8.69
2026-05,Budget,5002,D001,Input,SL01,Direct Percentage Share,13.45
2026-05,Budget,5002,D001,Input,SL08,Direct Percentage Share,31.32
2026-05,Budget,5002,D001,Input,SL04,Direct Percentage Share,15.6
2026-05,Budget,5002,D001,Input,SL06,Direct Percentage Share,30.94
2026-05,Budget,5002,D002,Input,SL05,Direct Percentage Share,36.61
2026-05,Budget,5002,D002,Input,SL07,Direct Percentage Share,2.55
2026-05,Budget,5002,D002,Input,SL01,Direct Percentage Share,46.53
2026-05,Budget,5002,D002,Input,SL04,Direct Percentage Share,10.96
2026-05,Budget,5002,D002,Input,SL06,Direct Percentage Share,3.35
2026-05,Budget,5002,D003,Input,SL01,Direct Percentage Share,90.73
2026-05,Budget,5002,D003,Input,SL02,Direct Percentage Share,9.27
2026-05,Budget,5002,D004,Input,SL04,Direct Percentage Share,46.12
2026-05,Budget,5002,D004,Input,SL02,Direct Percentage Share,38.86
2026-05,Budget,5002,D004,Input,SL08,Direct Percentage Share,15.02
2026-05,Budget,5002,D005,Input,SL06,Direct Percentage Share,36.73
2026-05,Budget,5002,D005,Input,SL02,Direct Percentage Share,27.38
2026-05,Budget,5002,D005,Input,SL05,Direct Percentage Share,29.65
2026-05,Budget,5002,D005,Input,SL08,Direct Percentage Share,6.24
2026-05,Budget,5002,D006,Input,SL02,Direct Percentage Share,20.56
2026-05,Budget,5002,D006,Input,SL05,Direct Percentage Share,32.42
2026-05,Budget,5002,D006,Input,SL01,Direct Percentage Share,13.4
2026-05,Budget,5002,D006,Input,SL03,Direct Percentage Share,33.62
2026-05,Budget,5002,D007,Input,SL02,Direct Percentage Share,46.9
2026-05,Budget,5002,D007,Input,SL05,Direct Percentage Share,13.72
2026-05,Budget,5002,D007,Input,SL06,Direct Percentage Share,39.38
2026-05,Budget,5002,D008,Input,SL02,Direct Percentage Share,21.01
2026-05,Budget,5002,D008,Input,SL07,Direct Percentage Share,25.93
2026-05,Budget,5002,D008,Input,SL05,Direct Percentage Share,22.43
2026-05,Budget,5002,D008,Input,SL01,Direct Percentage Share,30.63
2026-05,Budget,5002,D009,Input,SL01,Direct Percentage Share,4.16
2026-05,Budget,5002,D009,Input,SL07,Direct Percentage Share,37.97
2026-05,Budget,5002,D009,Input,SL04,Direct Percentage Share,25.12
2026-05,Budget,5002,D009,Input,SL06,Direct Percentage Share,32.75
2026-05,Budget,5002,D010,Input,SL07,Direct Percentage Share,29.18
2026-05,Budget,5002,D010,Input,SL02,Direct Percentage Share,36.38
2026-05,Budget,5002,D010,Input,SL06,Direct Percentage Share,34.44
2026-05,Budget,5002,D011,Input,SL08,Direct Percentage Share,14.43
2026-05,Budget,5002,D011,Input,SL04,Direct Percentage Share,11.0
2026-05,Budget,5002,D011,Input,SL06,Direct Percentage Share,41.87
2026-05,Budget,5002,D011,Input,SL05,Direct Percentage Share,12.5
2026-05,Budget,5002,D011,Input,SL03,Direct Percentage Share,20.2
2026-05,Budget,5002,D012,Input,SL07,Direct Percentage Share,7.54
2026-05,Budget,5002,D012,Input,SL03,Direct Percentage Share,8.79
2026-05,Budget,5002,D012,Input,SL01,Direct Percentage Share,33.07
2026-05,Budget,5002,D012,Input,SL04,Direct Percentage Share,14.11
2026-05,Budget,5002,D012,Input,SL08,Direct Percentage Share,36.49
2026-05,Budget,5002,D013,Input,SL01,Direct Percentage Share,16.72
2026-05,Budget,5002,D013,Input,SL05,Direct Percentage Share,28.16
2026-05,Budget,5002,D013,Input,SL02,Direct Percentage Share,38.47
2026-05,Budget,5002,D013,Input,SL08,Direct Percentage Share,16.65
2026-05,Budget,5002,D014,Input,SL08,Direct Percentage Share,9.74
2026-05,Budget,5002,D014,Input,SL04,Direct Percentage Share,30.42
2026-05,Budget,5002,D014,Input,SL01,Direct Percentage Share,13.46
2026-05,Budget,5002,D014,Input,SL06,Direct Percentage Share,25.57
2026-05,Budget,5002,D014,Input,SL03,Direct Percentage Share,20.81
2026-05,Budget,5002,D015,Input,SL07,Direct Percentage Share,26.2
2026-05,Budget,5002,D015,Input,SL06,Direct Percentage Share,33.79
2026-05,Budget,5002,D015,Input,SL05,Direct Percentage Share,22.84
2026-05,Budget,5002,D015,Input,SL03,Direct Percentage Share,17.17
2026-05,Budget,5002,D016,Input,SL06,Direct Percentage Share,36.13
2026-05,Budget,5002,D016,Input,SL01,Direct Percentage Share,51.39
2026-05,Budget,5002,D016,Input,SL08,Direct Percentage Share,12.48
2026-05,Budget,5002,D017,Input,SL08,Direct Percentage Share,30.29
2026-05,Budget,5002,D017,Input,SL03,Direct Percentage Share,39.05
2026-05,Budget,5002,D017,Input,SL06,Direct Percentage Share,30.66
2026-05,Budget,5003,D001,Input,SL04,Direct Percentage Share,55.9
2026-05,Budget,5003,D001,Input,SL03,Direct Percentage Share,44.1
2026-05,Budget,5003,D002,Input,SL03,Direct Percentage Share,45.5
2026-05,Budget,5003,D002,Input,SL08,Direct Percentage Share,54.5
2026-05,Budget,5003,D003,Input,SL03,Direct Percentage Share,37.03
2026-05,Budget,5003,D003,Input,SL06,Direct Percentage Share,24.36
2026-05,Budget,5003,D003,Input,SL04,Direct Percentage Share,19.92
2026-05,Budget,5003,D003,Input,SL01,Direct Percentage Share,18.69
2026-05,Budget,5003,D004,Input,SL01,Direct Percentage Share,16.99
2026-05,Budget,5003,D004,Input,SL03,Direct Percentage Share,9.74
2026-05,Budget,5003,D004,Input,SL04,Direct Percentage Share,73.27
2026-05,Budget,5003,D005,Input,SL03,Direct Percentage Share,46.08
2026-05,Budget,5003,D005,Input,SL02,Direct Percentage Share,53.92
2026-05,Budget,5003,D006,Input,SL04,Direct Percentage Share,57.28
2026-05,Budget,5003,D006,Input,SL01,Direct Percentage Share,42.72
2026-05,Budget,5003,D007,Input,SL07,Direct Percentage Share,22.62
2026-05,Budget,5003,D007,Input,SL04,Direct Percentage Share,44.76
2026-05,Budget,5003,D007,Input,SL08,Direct Percentage Share,32.62
2026-05,Budget,5003,D008,Input,SL02,Direct Percentage Share,49.61
2026-05,Budget,5003,D008,Input,SL07,Direct Percentage Share,50.39
2026-05,Budget,5003,D009,Input,SL03,Direct Percentage Share,69.84
2026-05,Budget,5003,D009,Input,SL02,Direct Percentage Share,30.16
2026-05,Budget,5003,D010,Input,SL07,Direct Percentage Share,59.47
2026-05,Budget,5003,D010,Input,SL04,Direct Percentage Share,40.53
2026-05,Budget,5003,D011,Input,SL04,Direct Percentage Share,50.14
2026-05,Budget,5003,D011,Input,SL03,Direct Percentage Share,49.86
2026-05,Budget,5003,D012,Input,SL02,Direct Percentage Share,12.68
2026-05,Budget,5003,D012,Input,SL06,Direct Percentage Share,16.24
2026-05,Budget,5003,D012,Input,SL08,Direct Percentage Share,19.32
2026-05,Budget,5003,D012,Input,SL03,Direct Percentage Share,27.1
2026-05,Budget,5003,D012,Input,SL07,Direct Percentage Share,24.66
2026-05,Budget,5003,D013,Input,SL01,Direct Percentage Share,57.12
2026-05,Budget,5003,D013,Input,SL02,Direct Percentage Share,42.88
2026-05,Budget,5003,D014,Input,SL08,Direct Percentage Share,26.54
2026-05,Budget,5003,D014,Input,SL01,Direct Percentage Share,35.75
2026-05,Budget,5003,D014,Input,SL04,Direct Percentage Share,18.98
2026-05,Budget,5003,D014,Input,SL03,Direct Percentage Share,18.73
2026-05,Budget,5003,D015,Input,SL01,Direct Percentage Share,54.89
2026-05,Budget,5003,D015,Input,SL04,Direct Percentage Share,45.11
2026-05,Budget,5003,D016,Input,SL02,Direct Percentage Share,53.5
2026-05,Budget,5003,D016,Input,SL08,Direct Percentage Share,46.5
2026-05,Budget,5003,D017,Input,SL05,Direct Percentage Share,5.05
2026-05,Budget,5003,D017,Input,SL08,Direct Percentage Share,94.95
2026-06,Budget,5001,D001,Input,SL08,Direct Percentage Share,33.44
2026-06,Budget,5001,D001,Input,SL03,Direct Percentage Share,25.89
2026-06,Budget,5001,D001,Input,SL02,Direct Percentage Share,4.8
2026-06,Budget,5001,D001,Input,SL05,Direct Percentage Share,18.32
2026-06,Budget,5001,D001,Input,SL04,Direct Percentage Share,17.55
2026-06,Budget,5001,D002,Input,SL03,Direct Percentage Share,45.38
2026-06,Budget,5001,D002,Input,SL08,Direct Percentage Share,54.62
2026-06,Budget,5001,D003,Input,SL01,Direct Percentage Share,10.1
2026-06,Budget,5001,D003,Input,SL04,Direct Percentage Share,30.31
2026-06,Budget,5001,D003,Input,SL08,Direct Percentage Share,12.63
2026-06,Budget,5001,D003,Input,SL03,Direct Percentage Share,16.08
2026-06,Budget,5001,D003,Input,SL05,Direct Percentage Share,30.88
2026-06,Budget,5001,D004,Input,SL07,Direct Percentage Share,33.09
2026-06,Budget,5001,D004,Input,SL01,Direct Percentage Share,26.49
2026-06,Budget,5001,D004,Input,SL02,Direct Percentage Share,23.49
2026-06,Budget,5001,D004,Input,SL05,Direct Percentage Share,2.74
2026-06,Budget,5001,D004,Input,SL03,Direct Percentage Share,14.19
2026-06,Budget,5001,D005,Input,SL05,Direct Percentage Share,42.39
2026-06,Budget,5001,D005,Input,SL04,Direct Percentage Share,2.52
2026-06,Budget,5001,D005,Input,SL06,Direct Percentage Share,55.09
2026-06,Budget,5001,D006,Input,SL03,Direct Percentage Share,2.12
2026-06,Budget,5001,D006,Input,SL08,Direct Percentage Share,63.12
2026-06,Budget,5001,D006,Input,SL05,Direct Percentage Share,34.76
2026-06,Budget,5001,D007,Input,SL08,Direct Percentage Share,80.79
2026-06,Budget,5001,D007,Input,SL01,Direct Percentage Share,19.21
2026-06,Budget,5001,D008,Input,SL05,Direct Percentage Share,11.6
2026-06,Budget,5001,D008,Input,SL04,Direct Percentage Share,26.25
2026-06,Budget,5001,D008,Input,SL07,Direct Percentage Share,18.26
2026-06,Budget,5001,D008,Input,SL06,Direct Percentage Share,43.89
2026-06,Budget,5001,D009,Input,SL02,Direct Percentage Share,24.36
2026-06,Budget,5001,D009,Input,SL03,Direct Percentage Share,56.48
2026-06,Budget,5001,D009,Input,SL04,Direct Percentage Share,19.16
2026-06,Budget,5001,D010,Input,SL05,Direct Percentage Share,33.72
2026-06,Budget,5001,D010,Input,SL06,Direct Percentage Share,66.28
2026-06,Budget,5001,D011,Input,SL03,Direct Percentage Share,10.16
2026-06,Budget,5001,D011,Input,SL04,Direct Percentage Share,23.29
2026-06,Budget,5001,D011,Input,SL05,Direct Percentage Share,11.52
2026-06,Budget,5001,D011,Input,SL07,Direct Percentage Share,28.48
2026-06,Budget,5001,D011,Input,SL08,Direct Percentage Share,26.55
2026-06,Budget,5001,D012,Input,SL07,Direct Percentage Share,2.92
2026-06,Budget,5001,D012,Input,SL02,Direct Percentage Share,49.86
2026-06,Budget,5001,D012,Input,SL04,Direct Percentage Share,47.22
2026-06,Budget,5001,D013,Input,SL07,Direct Percentage Share,38.77
2026-06,Budget,5001,D013,Input,SL06,Direct Percentage Share,5.07
2026-06,Budget,5001,D013,Input,SL08,Direct Percentage Share,38.79
2026-06,Budget,5001,D013,Input,SL02,Direct Percentage Share,13.34
2026-06,Budget,5001,D013,Input,SL04,Direct Percentage Share,4.03
2026-06,Budget,5001,D014,Input,SL02,Direct Percentage Share,15.42
2026-06,Budget,5001,D014,Input,SL05,Direct Percentage Share,24.64
2026-06,Budget,5001,D014,Input,SL04,Direct Percentage Share,5.81
2026-06,Budget,5001,D014,Input,SL01,Direct Percentage Share,17.66
2026-06,Budget,5001,D014,Input,SL08,Direct Percentage Share,36.47
2026-06,Budget,5001,D015,Input,SL07,Direct Percentage Share,35.39
2026-06,Budget,5001,D015,Input,SL06,Direct Percentage Share,35.68
2026-06,Budget,5001,D015,Input,SL01,Direct Percentage Share,15.78
2026-06,Budget,5001,D015,Input,SL03,Direct Percentage Share,13.15
2026-06,Budget,5001,D016,Input,SL01,Direct Percentage Share,34.27
2026-06,Budget,5001,D016,Input,SL05,Direct Percentage Share,25.66
2026-06,Budget,5001,D016,Input,SL08,Direct Percentage Share,14.91
2026-06,Budget,5001,D016,Input,SL02,Direct Percentage Share,3.38
2026-06,Budget,5001,D016,Input,SL03,Direct Percentage Share,21.78
2026-06,Budget,5001,D017,Input,SL08,Direct Percentage Share,43.44
2026-06,Budget,5001,D017,Input,SL02,Direct Percentage Share,56.56
2026-06,Budget,5002,D001,Input,SL06,Direct Percentage Share,13.54
2026-06,Budget,5002,D001,Input,SL07,Direct Percentage Share,86.46
2026-06,Budget,5002,D002,Input,SL03,Direct Percentage Share,8.59
2026-06,Budget,5002,D002,Input,SL02,Direct Percentage Share,3.99
2026-06,Budget,5002,D002,Input,SL05,Direct Percentage Share,43.97
2026-06,Budget,5002,D002,Input,SL04,Direct Percentage Share,31.29
2026-06,Budget,5002,D002,Input,SL07,Direct Percentage Share,12.16
2026-06,Budget,5002,D003,Input,SL04,Direct Percentage Share,48.97
2026-06,Budget,5002,D003,Input,SL08,Direct Percentage Share,49.22
2026-06,Budget,5002,D003,Input,SL06,Direct Percentage Share,1.81
2026-06,Budget,5002,D004,Input,SL05,Direct Percentage Share,18.12
2026-06,Budget,5002,D004,Input,SL06,Direct Percentage Share,14.17
2026-06,Budget,5002,D004,Input,SL08,Direct Percentage Share,24.1
2026-06,Budget,5002,D004,Input,SL02,Direct Percentage Share,26.21
2026-06,Budget,5002,D004,Input,SL01,Direct Percentage Share,17.4
2026-06,Budget,5002,D005,Input,SL08,Direct Percentage Share,42.69
2026-06,Budget,5002,D005,Input,SL07,Direct Percentage Share,36.46
2026-06,Budget,5002,D005,Input,SL03,Direct Percentage Share,4.56
2026-06,Budget,5002,D005,Input,SL02,Direct Percentage Share,16.29
2026-06,Budget,5002,D006,Input,SL05,Direct Percentage Share,39.49
2026-06,Budget,5002,D006,Input,SL06,Direct Percentage Share,26.58
2026-06,Budget,5002,D006,Input,SL03,Direct Percentage Share,11.08
2026-06,Budget,5002,D006,Input,SL01,Direct Percentage Share,22.85
2026-06,Budget,5002,D007,Input,SL08,Direct Percentage Share,75.96
2026-06,Budget,5002,D007,Input,SL07,Direct Percentage Share,24.04
2026-06,Budget,5002,D008,Input,SL06,Direct Percentage Share,15.89
2026-06,Budget,5002,D008,Input,SL02,Direct Percentage Share,20.95
2026-06,Budget,5002,D008,Input,SL08,Direct Percentage Share,63.16
2026-06,Budget,5002,D009,Input,SL02,Direct Percentage Share,4.58
2026-06,Budget,5002,D009,Input,SL06,Direct Percentage Share,91.55
2026-06,Budget,5002,D009,Input,SL07,Direct Percentage Share,3.87
2026-06,Budget,5002,D010,Input,SL03,Direct Percentage Share,46.87
2026-06,Budget,5002,D010,Input,SL01,Direct Percentage Share,11.01
2026-06,Budget,5002,D010,Input,SL08,Direct Percentage Share,8.29
2026-06,Budget,5002,D010,Input,SL06,Direct Percentage Share,33.83
2026-06,Budget,5002,D011,Input,SL05,Direct Percentage Share,29.28
2026-06,Budget,5002,D011,Input,SL07,Direct Percentage Share,30.26
2026-06,Budget,5002,D011,Input,SL02,Direct Percentage Share,31.0
2026-06,Budget,5002,D011,Input,SL03,Direct Percentage Share,9.46
2026-06,Budget,5002,D012,Input,SL02,Direct Percentage Share,32.36
2026-06,Budget,5002,D012,Input,SL04,Direct Percentage Share,9.68
2026-06,Budget,5002,D012,Input,SL01,Direct Percentage Share,29.02
2026-06,Budget,5002,D012,Input,SL08,Direct Percentage Share,28.94
2026-06,Budget,5002,D013,Input,SL06,Direct Percentage Share,18.37
2026-06,Budget,5002,D013,Input,SL01,Direct Percentage Share,15.57
2026-06,Budget,5002,D013,Input,SL04,Direct Percentage Share,23.03
2026-06,Budget,5002,D013,Input,SL07,Direct Percentage Share,23.02
2026-06,Budget,5002,D013,Input,SL03,Direct Percentage Share,20.01
2026-06,Budget,5002,D014,Input,SL02,Direct Percentage Share,1.05
2026-06,Budget,5002,D014,Input,SL06,Direct Percentage Share,37.06
2026-06,Budget,5002,D014,Input,SL08,Direct Percentage Share,23.53
2026-06,Budget,5002,D014,Input,SL04,Direct Percentage Share,38.36
2026-06,Budget,5002,D015,Input,SL02,Direct Percentage Share,56.13
2026-06,Budget,5002,D015,Input,SL06,Direct Percentage Share,18.66
2026-06,Budget,5002,D015,Input,SL04,Direct Percentage Share,25.21
2026-06,Budget,5002,D016,Input,SL01,Direct Percentage Share,73.95
2026-06,Budget,5002,D016,Input,SL08,Direct Percentage Share,8.62
2026-06,Budget,5002,D016,Input,SL03,Direct Percentage Share,17.43
2026-06,Budget,5002,D017,Input,SL07,Direct Percentage Share,28.42
2026-06,Budget,5002,D017,Input,SL04,Direct Percentage Share,31.49
2026-06,Budget,5002,D017,Input,SL03,Direct Percentage Share,40.09
2026-06,Budget,5003,D001,Input,SL03,Direct Percentage Share,22.46
2026-06,Budget,5003,D001,Input,SL04,Direct Percentage Share,34.25
2026-06,Budget,5003,D001,Input,SL06,Direct Percentage Share,10.2
2026-06,Budget,5003,D001,Input,SL01,Direct Percentage Share,25.17
2026-06,Budget,5003,D001,Input,SL07,Direct Percentage Share,7.92
2026-06,Budget,5003,D002,Input,SL04,Direct Percentage Share,22.04
2026-06,Budget,5003,D002,Input,SL07,Direct Percentage Share,39.61
2026-06,Budget,5003,D002,Input,SL03,Direct Percentage Share,14.53
2026-06,Budget,5003,D002,Input,SL01,Direct Percentage Share,16.13
2026-06,Budget,5003,D002,Input,SL06,Direct Percentage Share,7.69
2026-06,Budget,5003,D003,Input,SL08,Direct Percentage Share,50.81
2026-06,Budget,5003,D003,Input,SL01,Direct Percentage Share,49.19
2026-06,Budget,5003,D004,Input,SL01,Direct Percentage Share,25.22
2026-06,Budget,5003,D004,Input,SL07,Direct Percentage Share,74.78
2026-06,Budget,5003,D005,Input,SL02,Direct Percentage Share,16.03
2026-06,Budget,5003,D005,Input,SL07,Direct Percentage Share,16.7
2026-06,Budget,5003,D005,Input,SL05,Direct Percentage Share,67.27
2026-06,Budget,5003,D006,Input,SL03,Direct Percentage Share,9.94
2026-06,Budget,5003,D006,Input,SL07,Direct Percentage Share,35.28
2026-06,Budget,5003,D006,Input,SL05,Direct Percentage Share,35.41
2026-06,Budget,5003,D006,Input,SL01,Direct Percentage Share,19.37
2026-06,Budget,5003,D007,Input,SL02,Direct Percentage Share,10.31
2026-06,Budget,5003,D007,Input,SL06,Direct Percentage Share,28.02
2026-06,Budget,5003,D007,Input,SL01,Direct Percentage Share,61.67
2026-06,Budget,5003,D008,Input,SL01,Direct Percentage Share,17.48
2026-06,Budget,5003,D008,Input,SL02,Direct Percentage Share,58.07
2026-06,Budget,5003,D008,Input,SL03,Direct Percentage Share,15.68
2026-06,Budget,5003,D008,Input,SL08,Direct Percentage Share,8.77
2026-06,Budget,5003,D009,Input,SL06,Direct Percentage Share,16.03
2026-06,Budget,5003,D009,Input,SL05,Direct Percentage Share,30.08
2026-06,Budget,5003,D009,Input,SL07,Direct Percentage Share,1.38
2026-06,Budget,5003,D009,Input,SL01,Direct Percentage Share,24.92
2026-06,Budget,5003,D009,Input,SL04,Direct Percentage Share,27.59
2026-06,Budget,5003,D010,Input,SL08,Direct Percentage Share,41.95
2026-06,Budget,5003,D010,Input,SL06,Direct Percentage Share,35.6
2026-06,Budget,5003,D010,Input,SL01,Direct Percentage Share,17.91
2026-06,Budget,5003,D010,Input,SL07,Direct Percentage Share,4.54
2026-06,Budget,5003,D011,Input,SL02,Direct Percentage Share,3.56
2026-06,Budget,5003,D011,Input,SL01,Direct Percentage Share,14.89
2026-06,Budget,5003,D011,Input,SL03,Direct Percentage Share,34.27
2026-06,Budget,5003,D011,Input,SL05,Direct Percentage Share,29.68
2026-06,Budget,5003,D011,Input,SL08,Direct Percentage Share,17.6
2026-06,Budget,5003,D012,Input,SL08,Direct Percentage Share,4.31
2026-06,Budget,5003,D012,Input,SL05,Direct Percentage Share,30.45
2026-06,Budget,5003,D012,Input,SL07,Direct Percentage Share,37.0
2026-06,Budget,5003,D012,Input,SL04,Direct Percentage Share,28.24
2026-06,Budget,5003,D013,Input,SL07,Direct Percentage Share,25.24
2026-06,Budget,5003,D013,Input,SL04,Direct Percentage Share,50.45
2026-06,Budget,5003,D013,Input,SL02,Direct Percentage Share,24.31
2026-06,Budget,5003,D014,Input,SL06,Direct Percentage Share,55.08
2026-06,Budget,5003,D014,Input,SL04,Direct Percentage Share,44.92
2026-06,Budget,5003,D015,Input,SL08,Direct Percentage Share,81.42
2026-06,Budget,5003,D015,Input,SL01,Direct Percentage Share,9.13
2026-06,Budget,5003,D015,Input,SL07,Direct Percentage Share,9.45
2026-06,Budget,5003,D016,Input,SL03,Direct Percentage Share,36.8
2026-06,Budget,5003,D016,Input,SL05,Direct Percentage Share,21.61
2026-06,Budget,5003,D016,Input,SL01,Direct Percentage Share,25.78
2026-06,Budget,5003,D016,Input,SL07,Direct Percentage Share,15.81
2026-06,Budget,5003,D017,Input,SL01,Direct Percentage Share,4.95
2026-06,Budget,5003,D017,Input,SL03,Direct Percentage Share,24.22
2026-06,Budget,5003,D017,Input,SL05,Direct Percentage Share,7.38
2026-06,Budget,5003,D017,Input,SL07,Direct Percentage Share,23.01
2026-06,Budget,5003,D017,Input,SL06,Direct Percentage Share,40.44
2026-07,Budget,5001,D001,Input,SL06,Direct Percentage Share,11.4
2026-07,Budget,5001,D001,Input,SL01,Direct Percentage Share,21.63
2026-07,Budget,5001,D001,Input,SL03,Direct Percentage Share,28.28
2026-07,Budget,5001,D001,Input,SL05,Direct Percentage Share,38.69
2026-07,Budget,5001,D002,Input,SL05,Direct Percentage Share,20.43
2026-07,Budget,5001,D002,Input,SL01,Direct Percentage Share,79.57
2026-07,Budget,5001,D003,Input,SL06,Direct Percentage Share,43.96
2026-07,Budget,5001,D003,Input,SL03,Direct Percentage Share,28.62
2026-07,Budget,5001,D003,Input,SL01,Direct Percentage Share,20.25
2026-07,Budget,5001,D003,Input,SL02,Direct Percentage Share,7.17
2026-07,Budget,5001,D004,Input,SL02,Direct Percentage Share,58.51
2026-07,Budget,5001,D004,Input,SL06,Direct Percentage Share,41.49
2026-07,Budget,5001,D005,Input,SL06,Direct Percentage Share,47.39
2026-07,Budget,5001,D005,Input,SL02,Direct Percentage Share,34.62
2026-07,Budget,5001,D005,Input,SL03,Direct Percentage Share,5.18
2026-07,Budget,5001,D005,Input,SL08,Direct Percentage Share,3.21
2026-07,Budget,5001,D005,Input,SL05,Direct Percentage Share,9.6
2026-07,Budget,5001,D006,Input,SL02,Direct Percentage Share,51.1
2026-07,Budget,5001,D006,Input,SL03,Direct Percentage Share,48.9
2026-07,Budget,5001,D007,Input,SL07,Direct Percentage Share,15.32
2026-07,Budget,5001,D007,Input,SL03,Direct Percentage Share,4.92
2026-07,Budget,5001,D007,Input,SL02,Direct Percentage Share,30.08
2026-07,Budget,5001,D007,Input,SL05,Direct Percentage Share,26.31
2026-07,Budget,5001,D007,Input,SL01,Direct Percentage Share,23.37
2026-07,Budget,5001,D008,Input,SL01,Direct Percentage Share,2.78
2026-07,Budget,5001,D008,Input,SL02,Direct Percentage Share,10.37
2026-07,Budget,5001,D008,Input,SL04,Direct Percentage Share,47.94
2026-07,Budget,5001,D008,Input,SL05,Direct Percentage Share,38.91
2026-07,Budget,5001,D009,Input,SL05,Direct Percentage Share,31.28
2026-07,Budget,5001,D009,Input,SL03,Direct Percentage Share,27.09
2026-07,Budget,5001,D009,Input,SL01,Direct Percentage Share,8.13
2026-07,Budget,5001,D009,Input,SL06,Direct Percentage Share,33.5
2026-07,Budget,5001,D010,Input,SL06,Direct Percentage Share,93.39
2026-07,Budget,5001,D010,Input,SL01,Direct Percentage Share,4.58
2026-07,Budget,5001,D010,Input,SL04,Direct Percentage Share,2.03
2026-07,Budget,5001,D011,Input,SL06,Direct Percentage Share,51.49
2026-07,Budget,5001,D011,Input,SL05,Direct Percentage Share,48.51
2026-07,Budget,5001,D012,Input,SL05,Direct Percentage Share,6.53
2026-07,Budget,5001,D012,Input,SL01,Direct Percentage Share,36.02
2026-07,Budget,5001,D012,Input,SL04,Direct Percentage Share,17.49
2026-07,Budget,5001,D012,Input,SL07,Direct Percentage Share,26.21
2026-07,Budget,5001,D012,Input,SL03,Direct Percentage Share,13.75
2026-07,Budget,5001,D013,Input,SL02,Direct Percentage Share,27.54
2026-07,Budget,5001,D013,Input,SL08,Direct Percentage Share,20.8
2026-07,Budget,5001,D013,Input,SL04,Direct Percentage Share,16.31
2026-07,Budget,5001,D013,Input,SL05,Direct Percentage Share,17.84
2026-07,Budget,5001,D013,Input,SL06,Direct Percentage Share,17.51
2026-07,Budget,5001,D014,Input,SL02,Direct Percentage Share,7.46
2026-07,Budget,5001,D014,Input,SL05,Direct Percentage Share,33.33
2026-07,Budget,5001,D014,Input,SL06,Direct Percentage Share,59.21
2026-07,Budget,5001,D015,Input,SL06,Direct Percentage Share,19.98
2026-07,Budget,5001,D015,Input,SL08,Direct Percentage Share,12.39
2026-07,Budget,5001,D015,Input,SL07,Direct Percentage Share,16.68
2026-07,Budget,5001,D015,Input,SL02,Direct Percentage Share,50.95
2026-07,Budget,5001,D016,Input,SL03,Direct Percentage Share,57.51
2026-07,Budget,5001,D016,Input,SL07,Direct Percentage Share,42.49
2026-07,Budget,5001,D017,Input,SL06,Direct Percentage Share,15.01
2026-07,Budget,5001,D017,Input,SL07,Direct Percentage Share,16.02
2026-07,Budget,5001,D017,Input,SL08,Direct Percentage Share,21.57
2026-07,Budget,5001,D017,Input,SL03,Direct Percentage Share,27.2
2026-07,Budget,5001,D017,Input,SL02,Direct Percentage Share,20.2
2026-07,Budget,5002,D001,Input,SL02,Direct Percentage Share,2.81
2026-07,Budget,5002,D001,Input,SL03,Direct Percentage Share,27.56
2026-07,Budget,5002,D001,Input,SL04,Direct Percentage Share,21.45
2026-07,Budget,5002,D001,Input,SL06,Direct Percentage Share,48.18
2026-07,Budget,5002,D002,Input,SL07,Direct Percentage Share,37.82
2026-07,Budget,5002,D002,Input,SL04,Direct Percentage Share,62.18
2026-07,Budget,5002,D003,Input,SL08,Direct Percentage Share,75.23
2026-07,Budget,5002,D003,Input,SL07,Direct Percentage Share,24.77
2026-07,Budget,5002,D004,Input,SL03,Direct Percentage Share,39.94
2026-07,Budget,5002,D004,Input,SL01,Direct Percentage Share,3.43
2026-07,Budget,5002,D004,Input,SL04,Direct Percentage Share,26.27
2026-07,Budget,5002,D004,Input,SL07,Direct Percentage Share,1.59
2026-07,Budget,5002,D004,Input,SL08,Direct Percentage Share,28.77
2026-07,Budget,5002,D005,Input,SL03,Direct Percentage Share,14.71
2026-07,Budget,5002,D005,Input,SL08,Direct Percentage Share,12.16
2026-07,Budget,5002,D005,Input,SL07,Direct Percentage Share,21.49
2026-07,Budget,5002,D005,Input,SL06,Direct Percentage Share,28.37
2026-07,Budget,5002,D005,Input,SL04,Direct Percentage Share,23.27
2026-07,Budget,5002,D006,Input,SL06,Direct Percentage Share,59.07
2026-07,Budget,5002,D006,Input,SL01,Direct Percentage Share,40.93
2026-07,Budget,5002,D007,Input,SL03,Direct Percentage Share,26.06
2026-07,Budget,5002,D007,Input,SL08,Direct Percentage Share,36.0
2026-07,Budget,5002,D007,Input,SL01,Direct Percentage Share,12.18
2026-07,Budget,5002,D007,Input,SL05,Direct Percentage Share,25.76
2026-07,Budget,5002,D008,Input,SL03,Direct Percentage Share,23.67
2026-07,Budget,5002,D008,Input,SL05,Direct Percentage Share,27.25
2026-07,Budget,5002,D008,Input,SL06,Direct Percentage Share,13.91
2026-07,Budget,5002,D008,Input,SL01,Direct Percentage Share,5.41
2026-07,Budget,5002,D008,Input,SL08,Direct Percentage Share,29.76
2026-07,Budget,5002,D009,Input,SL07,Direct Percentage Share,49.95
2026-07,Budget,5002,D009,Input,SL05,Direct Percentage Share,50.05
2026-07,Budget,5002,D010,Input,SL04,Direct Percentage Share,14.26
2026-07,Budget,5002,D010,Input,SL03,Direct Percentage Share,74.24
2026-07,Budget,5002,D010,Input,SL08,Direct Percentage Share,11.5
2026-07,Budget,5002,D011,Input,SL02,Direct Percentage Share,2.97
2026-07,Budget,5002,D011,Input,SL05,Direct Percentage Share,26.48
2026-07,Budget,5002,D011,Input,SL07,Direct Percentage Share,60.25
2026-07,Budget,5002,D011,Input,SL06,Direct Percentage Share,10.3
2026-07,Budget,5002,D012,Input,SL03,Direct Percentage Share,25.59
2026-07,Budget,5002,D012,Input,SL02,Direct Percentage Share,1.55
2026-07,Budget,5002,D012,Input,SL07,Direct Percentage Share,12.93
2026-07,Budget,5002,D012,Input,SL05,Direct Percentage Share,25.53
2026-07,Budget,5002,D012,Input,SL06,Direct Percentage Share,34.4
2026-07,Budget,5002,D013,Input,SL08,Direct Percentage Share,12.78
2026-07,Budget,5002,D013,Input,SL02,Direct Percentage Share,33.38
2026-07,Budget,5002,D013,Input,SL05,Direct Percentage Share,19.36
2026-07,Budget,5002,D013,Input,SL07,Direct Percentage Share,34.48
2026-07,Budget,5002,D014,Input,SL08,Direct Percentage Share,39.19
2026-07,Budget,5002,D014,Input,SL04,Direct Percentage Share,32.62
2026-07,Budget,5002,D014,Input,SL03,Direct Percentage Share,12.63
2026-07,Budget,5002,D014,Input,SL07,Direct Percentage Share,15.56
2026-07,Budget,5002,D015,Input,SL05,Direct Percentage Share,26.91
2026-07,Budget,5002,D015,Input,SL01,Direct Percentage Share,20.78
2026-07,Budget,5002,D015,Input,SL06,Direct Percentage Share,52.31
2026-07,Budget,5002,D016,Input,SL05,Direct Percentage Share,73.67
2026-07,Budget,5002,D016,Input,SL01,Direct Percentage Share,26.33
2026-07,Budget,5002,D017,Input,SL07,Direct Percentage Share,31.04
2026-07,Budget,5002,D017,Input,SL01,Direct Percentage Share,33.61
2026-07,Budget,5002,D017,Input,SL02,Direct Percentage Share,35.35
2026-07,Budget,5003,D001,Input,SL01,Direct Percentage Share,34.78
2026-07,Budget,5003,D001,Input,SL04,Direct Percentage Share,7.35
2026-07,Budget,5003,D001,Input,SL05,Direct Percentage Share,20.23
2026-07,Budget,5003,D001,Input,SL03,Direct Percentage Share,28.71
2026-07,Budget,5003,D001,Input,SL02,Direct Percentage Share,8.93
2026-07,Budget,5003,D002,Input,SL03,Direct Percentage Share,30.78
2026-07,Budget,5003,D002,Input,SL02,Direct Percentage Share,15.86
2026-07,Budget,5003,D002,Input,SL01,Direct Percentage Share,27.89
2026-07,Budget,5003,D002,Input,SL08,Direct Percentage Share,25.47
2026-07,Budget,5003,D003,Input,SL08,Direct Percentage Share,8.85
2026-07,Budget,5003,D003,Input,SL05,Direct Percentage Share,28.84
2026-07,Budget,5003,D003,Input,SL01,Direct Percentage Share,18.96
2026-07,Budget,5003,D003,Input,SL06,Direct Percentage Share,25.12
2026-07,Budget,5003,D003,Input,SL07,Direct Percentage Share,18.23
2026-07,Budget,5003,D004,Input,SL05,Direct Percentage Share,86.31
2026-07,Budget,5003,D004,Input,SL02,Direct Percentage Share,13.69
2026-07,Budget,5003,D005,Input,SL08,Direct Percentage Share,28.49
2026-07,Budget,5003,D005,Input,SL01,Direct Percentage Share,25.92
2026-07,Budget,5003,D005,Input,SL07,Direct Percentage Share,32.39
2026-07,Budget,5003,D005,Input,SL04,Direct Percentage Share,13.13
2026-07,Budget,5003,D005,Input,SL06,Direct Percentage Share,0.07
2026-07,Budget,5003,D006,Input,SL04,Direct Percentage Share,37.06
2026-07,Budget,5003,D006,Input,SL05,Direct Percentage Share,4.78
2026-07,Budget,5003,D006,Input,SL08,Direct Percentage Share,54.38
2026-07,Budget,5003,D006,Input,SL02,Direct Percentage Share,3.78
2026-07,Budget,5003,D007,Input,SL07,Direct Percentage Share,42.52
2026-07,Budget,5003,D007,Input,SL08,Direct Percentage Share,57.48
2026-07,Budget,5003,D008,Input,SL05,Direct Percentage Share,31.61
2026-07,Budget,5003,D008,Input,SL06,Direct Percentage Share,13.82
2026-07,Budget,5003,D008,Input,SL01,Direct Percentage Share,29.38
2026-07,Budget,5003,D008,Input,SL03,Direct Percentage Share,25.19
2026-07,Budget,5003,D009,Input,SL03,Direct Percentage Share,13.56
2026-07,Budget,5003,D009,Input,SL01,Direct Percentage Share,25.75
2026-07,Budget,5003,D009,Input,SL08,Direct Percentage Share,33.26
2026-07,Budget,5003,D009,Input,SL05,Direct Percentage Share,27.43
2026-07,Budget,5003,D010,Input,SL03,Direct Percentage Share,1.65
2026-07,Budget,5003,D010,Input,SL07,Direct Percentage Share,9.04
2026-07,Budget,5003,D010,Input,SL02,Direct Percentage Share,35.46
2026-07,Budget,5003,D010,Input,SL01,Direct Percentage Share,39.7
2026-07,Budget,5003,D010,Input,SL04,Direct Percentage Share,14.15
2026-07,Budget,5003,D011,Input,SL07,Direct Percentage Share,16.3
2026-07,Budget,5003,D011,Input,SL08,Direct Percentage Share,48.45
2026-07,Budget,5003,D011,Input,SL05,Direct Percentage Share,12.29
2026-07,Budget,5003,D011,Input,SL04,Direct Percentage Share,22.96
2026-07,Budget,5003,D012,Input,SL06,Direct Percentage Share,25.27
2026-07,Budget,5003,D012,Input,SL03,Direct Percentage Share,74.73
2026-07,Budget,5003,D013,Input,SL08,Direct Percentage Share,31.38
2026-07,Budget,5003,D013,Input,SL04,Direct Percentage Share,16.65
2026-07,Budget,5003,D013,Input,SL03,Direct Percentage Share,36.14
2026-07,Budget,5003,D013,Input,SL02,Direct Percentage Share,12.09
2026-07,Budget,5003,D013,Input,SL07,Direct Percentage Share,3.74
2026-07,Budget,5003,D014,Input,SL02,Direct Percentage Share,16.29
2026-07,Budget,5003,D014,Input,SL04,Direct Percentage Share,4.06
2026-07,Budget,5003,D014,Input,SL05,Direct Percentage Share,33.53
2026-07,Budget,5003,D014,Input,SL08,Direct Percentage Share,15.55
2026-07,Budget,5003,D014,Input,SL03,Direct Percentage Share,30.57
2026-07,Budget,5003,D015,Input,SL03,Direct Percentage Share,1.67
2026-07,Budget,5003,D015,Input,SL06,Direct Percentage Share,34.29
2026-07,Budget,5003,D015,Input,SL04,Direct Percentage Share,13.89
2026-07,Budget,5003,D015,Input,SL08,Direct Percentage Share,39.33
2026-07,Budget,5003,D015,Input,SL07,Direct Percentage Share,10.82
2026-07,Budget,5003,D016,Input,SL02,Direct Percentage Share,63.7
2026-07,Budget,5003,D016,Input,SL06,Direct Percentage Share,36.3
2026-07,Budget,5003,D017,Input,SL01,Direct Percentage Share,54.57
2026-07,Budget,5003,D017,Input,SL02,Direct Percentage Share,35.27
2026-07,Budget,5003,D017,Input,SL05,Direct Percentage Share,10.16
2026-08,Budget,5001,D001,Input,SL06,Direct Percentage Share,83.63
2026-08,Budget,5001,D001,Input,SL03,Direct Percentage Share,2.85
2026-08,Budget,5001,D001,Input,SL04,Direct Percentage Share,13.52
2026-08,Budget,5001,D002,Input,SL06,Direct Percentage Share,27.28
2026-08,Budget,5001,D002,Input,SL03,Direct Percentage Share,20.52
2026-08,Budget,5001,D002,Input,SL04,Direct Percentage Share,33.48
2026-08,Budget,5001,D002,Input,SL01,Direct Percentage Share,12.87
2026-08,Budget,5001,D002,Input,SL02,Direct Percentage Share,5.85
2026-08,Budget,5001,D003,Input,SL08,Direct Percentage Share,50.58
2026-08,Budget,5001,D003,Input,SL05,Direct Percentage Share,6.52
2026-08,Budget,5001,D003,Input,SL04,Direct Percentage Share,42.9
2026-08,Budget,5001,D004,Input,SL04,Direct Percentage Share,4.43
2026-08,Budget,5001,D004,Input,SL05,Direct Percentage Share,30.77
2026-08,Budget,5001,D004,Input,SL03,Direct Percentage Share,16.31
2026-08,Budget,5001,D004,Input,SL08,Direct Percentage Share,32.43
2026-08,Budget,5001,D004,Input,SL02,Direct Percentage Share,16.06
2026-08,Budget,5001,D005,Input,SL06,Direct Percentage Share,84.25
2026-08,Budget,5001,D005,Input,SL08,Direct Percentage Share,15.75
2026-08,Budget,5001,D006,Input,SL05,Direct Percentage Share,48.85
2026-08,Budget,5001,D006,Input,SL07,Direct Percentage Share,31.31
2026-08,Budget,5001,D006,Input,SL02,Direct Percentage Share,7.47
2026-08,Budget,5001,D006,Input,SL06,Direct Percentage Share,12.37
2026-08,Budget,5001,D007,Input,SL04,Direct Percentage Share,2.77
2026-08,Budget,5001,D007,Input,SL07,Direct Percentage Share,58.37
2026-08,Budget,5001,D007,Input,SL08,Direct Percentage Share,38.86
2026-08,Budget,5001,D008,Input,SL02,Direct Percentage Share,24.99
2026-08,Budget,5001,D008,Input,SL01,Direct Percentage Share,44.98
2026-08,Budget,5001,D008,Input,SL03,Direct Percentage Share,30.03
2026-08,Budget,5001,D009,Input,SL07,Direct Percentage Share,31.48
2026-08,Budget,5001,D009,Input,SL08,Direct Percentage Share,20.79
2026-08,Budget,5001,D009,Input,SL05,Direct Percentage Share,14.57
2026-08,Budget,5001,D009,Input,SL01,Direct Percentage Share,22.01
2026-08,Budget,5001,D009,Input,SL02,Direct Percentage Share,11.15
2026-08,Budget,5001,D010,Input,SL03,Direct Percentage Share,83.53
2026-08,Budget,5001,D010,Input,SL04,Direct Percentage Share,5.08
2026-08,Budget,5001,D010,Input,SL05,Direct Percentage Share,11.39
2026-08,Budget,5001,D011,Input,SL05,Direct Percentage Share,23.42
2026-08,Budget,5001,D011,Input,SL02,Direct Percentage Share,51.47
2026-08,Budget,5001,D011,Input,SL07,Direct Percentage Share,25.11
2026-08,Budget,5001,D012,Input,SL02,Direct Percentage Share,17.07
2026-08,Budget,5001,D012,Input,SL03,Direct Percentage Share,38.89
2026-08,Budget,5001,D012,Input,SL08,Direct Percentage Share,38.23
2026-08,Budget,5001,D012,Input,SL05,Direct Percentage Share,5.81
2026-08,Budget,5001,D013,Input,SL03,Direct Percentage Share,33.5
2026-08,Budget,5001,D013,Input,SL02,Direct Percentage Share,48.39
2026-08,Budget,5001,D013,Input,SL06,Direct Percentage Share,18.11
2026-08,Budget,5001,D014,Input,SL01,Direct Percentage Share,6.62
2026-08,Budget,5001,D014,Input,SL08,Direct Percentage Share,93.38
2026-08,Budget,5001,D015,Input,SL04,Direct Percentage Share,29.68
2026-08,Budget,5001,D015,Input,SL07,Direct Percentage Share,1.45
2026-08,Budget,5001,D015,Input,SL05,Direct Percentage Share,42.68
2026-08,Budget,5001,D015,Input,SL08,Direct Percentage Share,26.19
2026-08,Budget,5001,D016,Input,SL08,Direct Percentage Share,34.19
2026-08,Budget,5001,D016,Input,SL02,Direct Percentage Share,8.39
2026-08,Budget,5001,D016,Input,SL06,Direct Percentage Share,6.89
2026-08,Budget,5001,D016,Input,SL04,Direct Percentage Share,50.53
2026-08,Budget,5001,D017,Input,SL08,Direct Percentage Share,8.68
2026-08,Budget,5001,D017,Input,SL02,Direct Percentage Share,19.95
2026-08,Budget,5001,D017,Input,SL03,Direct Percentage Share,20.39
2026-08,Budget,5001,D017,Input,SL05,Direct Percentage Share,23.9
2026-08,Budget,5001,D017,Input,SL07,Direct Percentage Share,27.08
2026-08,Budget,5002,D001,Input,SL06,Direct Percentage Share,22.57
2026-08,Budget,5002,D001,Input,SL05,Direct Percentage Share,51.39
2026-08,Budget,5002,D001,Input,SL07,Direct Percentage Share,26.04
2026-08,Budget,5002,D002,Input,SL04,Direct Percentage Share,23.1
2026-08,Budget,5002,D002,Input,SL02,Direct Percentage Share,21.11
2026-08,Budget,5002,D002,Input,SL01,Direct Percentage Share,10.22
2026-08,Budget,5002,D002,Input,SL06,Direct Percentage Share,23.52
2026-08,Budget,5002,D002,Input,SL03,Direct Percentage Share,22.05
2026-08,Budget,5002,D003,Input,SL06,Direct Percentage Share,35.08
2026-08,Budget,5002,D003,Input,SL02,Direct Percentage Share,16.44
2026-08,Budget,5002,D003,Input,SL07,Direct Percentage Share,30.96
2026-08,Budget,5002,D003,Input,SL04,Direct Percentage Share,17.52
2026-08,Budget,5002,D004,Input,SL07,Direct Percentage Share,65.51
2026-08,Budget,5002,D004,Input,SL05,Direct Percentage Share,34.49
2026-08,Budget,5002,D005,Input,SL01,Direct Percentage Share,24.91
2026-08,Budget,5002,D005,Input,SL08,Direct Percentage Share,35.14
2026-08,Budget,5002,D005,Input,SL03,Direct Percentage Share,28.04
2026-08,Budget,5002,D005,Input,SL04,Direct Percentage Share,11.91
2026-08,Budget,5002,D006,Input,SL02,Direct Percentage Share,33.62
2026-08,Budget,5002,D006,Input,SL04,Direct Percentage Share,66.38
2026-08,Budget,5002,D007,Input,SL07,Direct Percentage Share,4.05
2026-08,Budget,5002,D007,Input,SL03,Direct Percentage Share,44.44
2026-08,Budget,5002,D007,Input,SL01,Direct Percentage Share,28.68
2026-08,Budget,5002,D007,Input,SL04,Direct Percentage Share,22.83
2026-08,Budget,5002,D008,Input,SL08,Direct Percentage Share,6.01
2026-08,Budget,5002,D008,Input,SL07,Direct Percentage Share,4.51
2026-08,Budget,5002,D008,Input,SL05,Direct Percentage Share,17.41
2026-08,Budget,5002,D008,Input,SL03,Direct Percentage Share,46.04
2026-08,Budget,5002,D008,Input,SL01,Direct Percentage Share,26.03
2026-08,Budget,5002,D009,Input,SL03,Direct Percentage Share,33.61
2026-08,Budget,5002,D009,Input,SL02,Direct Percentage Share,3.37
2026-08,Budget,5002,D009,Input,SL05,Direct Percentage Share,3.26
2026-08,Budget,5002,D009,Input,SL06,Direct Percentage Share,59.76
2026-08,Budget,5002,D010,Input,SL08,Direct Percentage Share,11.57
2026-08,Budget,5002,D010,Input,SL02,Direct Percentage Share,21.64
2026-08,Budget,5002,D010,Input,SL05,Direct Percentage Share,5.74
2026-08,Budget,5002,D010,Input,SL06,Direct Percentage Share,34.96
2026-08,Budget,5002,D010,Input,SL07,Direct Percentage Share,26.09
2026-08,Budget,5002,D011,Input,SL06,Direct Percentage Share,31.72
2026-08,Budget,5002,D011,Input,SL05,Direct Percentage Share,36.45
2026-08,Budget,5002,D011,Input,SL07,Direct Percentage Share,30.75
2026-08,Budget,5002,D011,Input,SL08,Direct Percentage Share,1.08
2026-08,Budget,5002,D012,Input,SL02,Direct Percentage Share,35.62
2026-08,Budget,5002,D012,Input,SL04,Direct Percentage Share,32.43
2026-08,Budget,5002,D012,Input,SL05,Direct Percentage Share,30.76
2026-08,Budget,5002,D012,Input,SL03,Direct Percentage Share,1.19
2026-08,Budget,5002,D013,Input,SL05,Direct Percentage Share,26.48
2026-08,Budget,5002,D013,Input,SL06,Direct Percentage Share,21.42
2026-08,Budget,5002,D013,Input,SL08,Direct Percentage Share,6.26
2026-08,Budget,5002,D013,Input,SL07,Direct Percentage Share,23.09
2026-08,Budget,5002,D013,Input,SL02,Direct Percentage Share,22.75
2026-08,Budget,5002,D014,Input,SL03,Direct Percentage Share,24.64
2026-08,Budget,5002,D014,Input,SL07,Direct Percentage Share,30.15
2026-08,Budget,5002,D014,Input,SL06,Direct Percentage Share,8.21
2026-08,Budget,5002,D014,Input,SL02,Direct Percentage Share,18.98
2026-08,Budget,5002,D014,Input,SL01,Direct Percentage Share,18.02
2026-08,Budget,5002,D015,Input,SL04,Direct Percentage Share,43.29
2026-08,Budget,5002,D015,Input,SL08,Direct Percentage Share,36.49
2026-08,Budget,5002,D015,Input,SL05,Direct Percentage Share,3.09
2026-08,Budget,5002,D015,Input,SL06,Direct Percentage Share,6.85
2026-08,Budget,5002,D015,Input,SL07,Direct Percentage Share,10.28
2026-08,Budget,5002,D016,Input,SL08,Direct Percentage Share,38.33
2026-08,Budget,5002,D016,Input,SL05,Direct Percentage Share,18.42
2026-08,Budget,5002,D016,Input,SL04,Direct Percentage Share,21.36
2026-08,Budget,5002,D016,Input,SL03,Direct Percentage Share,21.89
2026-08,Budget,5002,D017,Input,SL08,Direct Percentage Share,27.18
2026-08,Budget,5002,D017,Input,SL02,Direct Percentage Share,10.95
2026-08,Budget,5002,D017,Input,SL07,Direct Percentage Share,47.38
2026-08,Budget,5002,D017,Input,SL03,Direct Percentage Share,14.49
2026-08,Budget,5003,D001,Input,SL04,Direct Percentage Share,13.24
2026-08,Budget,5003,D001,Input,SL06,Direct Percentage Share,14.56
2026-08,Budget,5003,D001,Input,SL07,Direct Percentage Share,38.99
2026-08,Budget,5003,D001,Input,SL08,Direct Percentage Share,33.21
2026-08,Budget,5003,D002,Input,SL05,Direct Percentage Share,12.12
2026-08,Budget,5003,D002,Input,SL01,Direct Percentage Share,31.29
2026-08,Budget,5003,D002,Input,SL08,Direct Percentage Share,26.12
2026-08,Budget,5003,D002,Input,SL06,Direct Percentage Share,30.47
2026-08,Budget,5003,D003,Input,SL05,Direct Percentage Share,48.78
2026-08,Budget,5003,D003,Input,SL01,Direct Percentage Share,4.04
2026-08,Budget,5003,D003,Input,SL03,Direct Percentage Share,47.18
2026-08,Budget,5003,D004,Input,SL08,Direct Percentage Share,22.34
2026-08,Budget,5003,D004,Input,SL02,Direct Percentage Share,46.29
2026-08,Budget,5003,D004,Input,SL07,Direct Percentage Share,22.37
2026-08,Budget,5003,D004,Input,SL05,Direct Percentage Share,9.0
2026-08,Budget,5003,D005,Input,SL04,Direct Percentage Share,66.38
2026-08,Budget,5003,D005,Input,SL01,Direct Percentage Share,16.55
2026-08,Budget,5003,D005,Input,SL06,Direct Percentage Share,17.07
2026-08,Budget,5003,D006,Input,SL07,Direct Percentage Share,87.71
2026-08,Budget,5003,D006,Input,SL03,Direct Percentage Share,12.29
2026-08,Budget,5003,D007,Input,SL01,Direct Percentage Share,18.33
2026-08,Budget,5003,D007,Input,SL05,Direct Percentage Share,42.11
2026-08,Budget,5003,D007,Input,SL02,Direct Percentage Share,39.56
2026-08,Budget,5003,D008,Input,SL04,Direct Percentage Share,23.47
2026-08,Budget,5003,D008,Input,SL07,Direct Percentage Share,32.98
2026-08,Budget,5003,D008,Input,SL03,Direct Percentage Share,3.25
2026-08,Budget,5003,D008,Input,SL06,Direct Percentage Share,20.86
2026-08,Budget,5003,D008,Input,SL05,Direct Percentage Share,19.44
2026-08,Budget,5003,D009,Input,SL03,Direct Percentage Share,83.39
2026-08,Budget,5003,D009,Input,SL04,Direct Percentage Share,16.61
2026-08,Budget,5003,D010,Input,SL07,Direct Percentage Share,34.59
2026-08,Budget,5003,D010,Input,SL08,Direct Percentage Share,65.41
2026-08,Budget,5003,D011,Input,SL01,Direct Percentage Share,25.97
2026-08,Budget,5003,D011,Input,SL08,Direct Percentage Share,40.01
2026-08,Budget,5003,D011,Input,SL03,Direct Percentage Share,14.44
2026-08,Budget,5003,D011,Input,SL05,Direct Percentage Share,19.58
2026-08,Budget,5003,D012,Input,SL03,Direct Percentage Share,16.28
2026-08,Budget,5003,D012,Input,SL07,Direct Percentage Share,9.51
2026-08,Budget,5003,D012,Input,SL05,Direct Percentage Share,13.72
2026-08,Budget,5003,D012,Input,SL04,Direct Percentage Share,38.76
2026-08,Budget,5003,D012,Input,SL08,Direct Percentage Share,21.73
2026-08,Budget,5003,D013,Input,SL01,Direct Percentage Share,37.38
2026-08,Budget,5003,D013,Input,SL06,Direct Percentage Share,26.83
2026-08,Budget,5003,D013,Input,SL03,Direct Percentage Share,35.79
2026-08,Budget,5003,D014,Input,SL07,Direct Percentage Share,40.54
2026-08,Budget,5003,D014,Input,SL08,Direct Percentage Share,6.82
2026-08,Budget,5003,D014,Input,SL04,Direct Percentage Share,52.64
2026-08,Budget,5003,D015,Input,SL03,Direct Percentage Share,70.56
2026-08,Budget,5003,D015,Input,SL04,Direct Percentage Share,0.52
2026-08,Budget,5003,D015,Input,SL08,Direct Percentage Share,28.92
2026-08,Budget,5003,D016,Input,SL05,Direct Percentage Share,13.14
2026-08,Budget,5003,D016,Input,SL03,Direct Percentage Share,18.06
2026-08,Budget,5003,D016,Input,SL07,Direct Percentage Share,11.87
2026-08,Budget,5003,D016,Input,SL08,Direct Percentage Share,33.55
2026-08,Budget,5003,D016,Input,SL01,Direct Percentage Share,23.38
2026-08,Budget,5003,D017,Input,SL07,Direct Percentage Share,35.77
2026-08,Budget,5003,D017,Input,SL06,Direct Percentage Share,34.4
2026-08,Budget,5003,D017,Input,SL05,Direct Percentage Share,29.83
2026-09,Budget,5001,D001,Input,SL05,Direct Percentage Share,73.72
2026-09,Budget,5001,D001,Input,SL03,Direct Percentage Share,26.28
2026-09,Budget,5001,D002,Input,SL08,Direct Percentage Share,42.26
2026-09,Budget,5001,D002,Input,SL02,Direct Percentage Share,34.24
2026-09,Budget,5001,D002,Input,SL04,Direct Percentage Share,23.5
2026-09,Budget,5001,D003,Input,SL04,Direct Percentage Share,21.49
2026-09,Budget,5001,D003,Input,SL07,Direct Percentage Share,21.6
2026-09,Budget,5001,D003,Input,SL02,Direct Percentage Share,14.8
2026-09,Budget,5001,D003,Input,SL05,Direct Percentage Share,37.52
2026-09,Budget,5001,D003,Input,SL01,Direct Percentage Share,4.59
2026-09,Budget,5001,D004,Input,SL03,Direct Percentage Share,43.23
2026-09,Budget,5001,D004,Input,SL02,Direct Percentage Share,22.35
2026-09,Budget,5001,D004,Input,SL08,Direct Percentage Share,34.42
2026-09,Budget,5001,D005,Input,SL02,Direct Percentage Share,5.63
2026-09,Budget,5001,D005,Input,SL05,Direct Percentage Share,17.73
2026-09,Budget,5001,D005,Input,SL04,Direct Percentage Share,24.07
2026-09,Budget,5001,D005,Input,SL01,Direct Percentage Share,23.85
2026-09,Budget,5001,D005,Input,SL06,Direct Percentage Share,28.72
2026-09,Budget,5001,D006,Input,SL01,Direct Percentage Share,43.52
2026-09,Budget,5001,D006,Input,SL04,Direct Percentage Share,33.74
2026-09,Budget,5001,D006,Input,SL03,Direct Percentage Share,2.64
2026-09,Budget,5001,D006,Input,SL08,Direct Percentage Share,20.1
2026-09,Budget,5001,D007,Input,SL01,Direct Percentage Share,67.63
2026-09,Budget,5001,D007,Input,SL08,Direct Percentage Share,32.37
2026-09,Budget,5001,D008,Input,SL07,Direct Percentage Share,14.23
2026-09,Budget,5001,D008,Input,SL02,Direct Percentage Share,33.87
2026-09,Budget,5001,D008,Input,SL08,Direct Percentage Share,17.05
2026-09,Budget,5001,D008,Input,SL04,Direct Percentage Share,34.85
2026-09,Budget,5001,D009,Input,SL07,Direct Percentage Share,29.1
2026-09,Budget,5001,D009,Input,SL01,Direct Percentage Share,15.48
2026-09,Budget,5001,D009,Input,SL06,Direct Percentage Share,7.95
2026-09,Budget,5001,D009,Input,SL05,Direct Percentage Share,23.92
2026-09,Budget,5001,D009,Input,SL02,Direct Percentage Share,23.55
2026-09,Budget,5001,D010,Input,SL01,Direct Percentage Share,45.29
2026-09,Budget,5001,D010,Input,SL07,Direct Percentage Share,21.43
2026-09,Budget,5001,D010,Input,SL08,Direct Percentage Share,33.28
2026-09,Budget,5001,D011,Input,SL07,Direct Percentage Share,14.43
2026-09,Budget,5001,D011,Input,SL08,Direct Percentage Share,11.5
2026-09,Budget,5001,D011,Input,SL02,Direct Percentage Share,39.11
2026-09,Budget,5001,D011,Input,SL06,Direct Percentage Share,30.25
2026-09,Budget,5001,D011,Input,SL04,Direct Percentage Share,4.71
2026-09,Budget,5001,D012,Input,SL01,Direct Percentage Share,20.99
2026-09,Budget,5001,D012,Input,SL02,Direct Percentage Share,15.78
2026-09,Budget,5001,D012,Input,SL07,Direct Percentage Share,23.75
2026-09,Budget,5001,D012,Input,SL08,Direct Percentage Share,30.83
2026-09,Budget,5001,D012,Input,SL05,Direct Percentage Share,8.65
2026-09,Budget,5001,D013,Input,SL07,Direct Percentage Share,51.89
2026-09,Budget,5001,D013,Input,SL04,Direct Percentage Share,48.11
2026-09,Budget,5001,D014,Input,SL03,Direct Percentage Share,80.93
2026-09,Budget,5001,D014,Input,SL05,Direct Percentage Share,19.07
2026-09,Budget,5001,D015,Input,SL06,Direct Percentage Share,44.89
2026-09,Budget,5001,D015,Input,SL02,Direct Percentage Share,23.74
2026-09,Budget,5001,D015,Input,SL03,Direct Percentage Share,18.84
2026-09,Budget,5001,D015,Input,SL07,Direct Percentage Share,12.53
2026-09,Budget,5001,D016,Input,SL07,Direct Percentage Share,4.53
2026-09,Budget,5001,D016,Input,SL05,Direct Percentage Share,33.29
2026-09,Budget,5001,D016,Input,SL04,Direct Percentage Share,62.18
2026-09,Budget,5001,D017,Input,SL06,Direct Percentage Share,20.16
2026-09,Budget,5001,D017,Input,SL08,Direct Percentage Share,12.36
2026-09,Budget,5001,D017,Input,SL04,Direct Percentage Share,36.15
2026-09,Budget,5001,D017,Input,SL07,Direct Percentage Share,16.19
2026-09,Budget,5001,D017,Input,SL02,Direct Percentage Share,15.14
2026-09,Budget,5002,D001,Input,SL08,Direct Percentage Share,30.37
2026-09,Budget,5002,D001,Input,SL01,Direct Percentage Share,30.64
2026-09,Budget,5002,D001,Input,SL05,Direct Percentage Share,38.99
2026-09,Budget,5002,D002,Input,SL04,Direct Percentage Share,33.21
2026-09,Budget,5002,D002,Input,SL03,Direct Percentage Share,30.51
2026-09,Budget,5002,D002,Input,SL02,Direct Percentage Share,3.33
2026-09,Budget,5002,D002,Input,SL07,Direct Percentage Share,26.09
2026-09,Budget,5002,D002,Input,SL01,Direct Percentage Share,6.86
2026-09,Budget,5002,D003,Input,SL07,Direct Percentage Share,2.63
2026-09,Budget,5002,D003,Input,SL06,Direct Percentage Share,4.84
2026-09,Budget,5002,D003,Input,SL05,Direct Percentage Share,53.48
2026-09,Budget,5002,D003,Input,SL08,Direct Percentage Share,39.05
2026-09,Budget,5002,D004,Input,SL08,Direct Percentage Share,21.3
2026-09,Budget,5002,D004,Input,SL02,Direct Percentage Share,63.83
2026-09,Budget,5002,D004,Input,SL03,Direct Percentage Share,14.87
2026-09,Budget,5002,D005,Input,SL02,Direct Percentage Share,39.52
2026-09,Budget,5002,D005,Input,SL06,Direct Percentage Share,30.06
2026-09,Budget,5002,D005,Input,SL04,Direct Percentage Share,30.42
2026-09,Budget,5002,D006,Input,SL04,Direct Percentage Share,17.49
2026-09,Budget,5002,D006,Input,SL05,Direct Percentage Share,24.33
2026-09,Budget,5002,D006,Input,SL03,Direct Percentage Share,11.57
2026-09,Budget,5002,D006,Input,SL06,Direct Percentage Share,13.49
2026-09,Budget,5002,D006,Input,SL08,Direct Percentage Share,33.12
2026-09,Budget,5002,D007,Input,SL02,Direct Percentage Share,36.83
2026-09,Budget,5002,D007,Input,SL07,Direct Percentage Share,14.93
2026-09,Budget,5002,D007,Input,SL06,Direct Percentage Share,16.67
2026-09,Budget,5002,D007,Input,SL04,Direct Percentage Share,22.66
2026-09,Budget,5002,D007,Input,SL03,Direct Percentage Share,8.91
2026-09,Budget,5002,D008,Input,SL01,Direct Percentage Share,48.4
2026-09,Budget,5002,D008,Input,SL03,Direct Percentage Share,29.98
2026-09,Budget,5002,D008,Input,SL05,Direct Percentage Share,21.62
2026-09,Budget,5002,D009,Input,SL04,Direct Percentage Share,22.18
2026-09,Budget,5002,D009,Input,SL03,Direct Percentage Share,48.66
2026-09,Budget,5002,D009,Input,SL02,Direct Percentage Share,29.16
2026-09,Budget,5002,D010,Input,SL05,Direct Percentage Share,27.34
2026-09,Budget,5002,D010,Input,SL07,Direct Percentage Share,43.47
2026-09,Budget,5002,D010,Input,SL04,Direct Percentage Share,20.89
2026-09,Budget,5002,D010,Input,SL06,Direct Percentage Share,8.3
2026-09,Budget,5002,D011,Input,SL03,Direct Percentage Share,46.97
2026-09,Budget,5002,D011,Input,SL05,Direct Percentage Share,4.16
2026-09,Budget,5002,D011,Input,SL06,Direct Percentage Share,45.79
2026-09,Budget,5002,D011,Input,SL01,Direct Percentage Share,2.72
2026-09,Budget,5002,D011,Input,SL07,Direct Percentage Share,0.36
2026-09,Budget,5002,D012,Input,SL04,Direct Percentage Share,18.29
2026-09,Budget,5002,D012,Input,SL01,Direct Percentage Share,26.49
2026-09,Budget,5002,D012,Input,SL06,Direct Percentage Share,55.22
2026-09,Budget,5002,D013,Input,SL08,Direct Percentage Share,98.66
2026-09,Budget,5002,D013,Input,SL06,Direct Percentage Share,1.34
2026-09,Budget,5002,D014,Input,SL01,Direct Percentage Share,0.54
2026-09,Budget,5002,D014,Input,SL08,Direct Percentage Share,25.25
2026-09,Budget,5002,D014,Input,SL05,Direct Percentage Share,20.93
2026-09,Budget,5002,D014,Input,SL03,Direct Percentage Share,25.03
2026-09,Budget,5002,D014,Input,SL06,Direct Percentage Share,28.25
2026-09,Budget,5002,D015,Input,SL02,Direct Percentage Share,43.69
2026-09,Budget,5002,D015,Input,SL05,Direct Percentage Share,56.31
2026-09,Budget,5002,D016,Input,SL06,Direct Percentage Share,15.99
2026-09,Budget,5002,D016,Input,SL03,Direct Percentage Share,17.39
2026-09,Budget,5002,D016,Input,SL04,Direct Percentage Share,24.2
2026-09,Budget,5002,D016,Input,SL01,Direct Percentage Share,42.42
2026-09,Budget,5002,D017,Input,SL05,Direct Percentage Share,28.78
2026-09,Budget,5002,D017,Input,SL06,Direct Percentage Share,37.78
2026-09,Budget,5002,D017,Input,SL01,Direct Percentage Share,33.44
2026-09,Budget,5003,D001,Input,SL07,Direct Percentage Share,44.21
2026-09,Budget,5003,D001,Input,SL04,Direct Percentage Share,55.79
2026-09,Budget,5003,D002,Input,SL03,Direct Percentage Share,53.53
2026-09,Budget,5003,D002,Input,SL01,Direct Percentage Share,46.47
2026-09,Budget,5003,D003,Input,SL02,Direct Percentage Share,8.65
2026-09,Budget,5003,D003,Input,SL05,Direct Percentage Share,35.54
2026-09,Budget,5003,D003,Input,SL01,Direct Percentage Share,36.34
2026-09,Budget,5003,D003,Input,SL08,Direct Percentage Share,19.47
2026-09,Budget,5003,D004,Input,SL02,Direct Percentage Share,50.72
2026-09,Budget,5003,D004,Input,SL06,Direct Percentage Share,49.28
2026-09,Budget,5003,D005,Input,SL03,Direct Percentage Share,24.65
2026-09,Budget,5003,D005,Input,SL07,Direct Percentage Share,75.35
2026-09,Budget,5003,D006,Input,SL07,Direct Percentage Share,13.13
2026-09,Budget,5003,D006,Input,SL01,Direct Percentage Share,19.43
2026-09,Budget,5003,D006,Input,SL03,Direct Percentage Share,67.44
2026-09,Budget,5003,D007,Input,SL06,Direct Percentage Share,17.87
2026-09,Budget,5003,D007,Input,SL04,Direct Percentage Share,34.74
2026-09,Budget,5003,D007,Input,SL08,Direct Percentage Share,1.91
2026-09,Budget,5003,D007,Input,SL02,Direct Percentage Share,15.58
2026-09,Budget,5003,D007,Input,SL01,Direct Percentage Share,29.9
2026-09,Budget,5003,D008,Input,SL07,Direct Percentage Share,30.25
2026-09,Budget,5003,D008,Input,SL08,Direct Percentage Share,37.38
2026-09,Budget,5003,D008,Input,SL03,Direct Percentage Share,21.49
2026-09,Budget,5003,D008,Input,SL01,Direct Percentage Share,10.88
2026-09,Budget,5003,D009,Input,SL07,Direct Percentage Share,3.72
2026-09,Budget,5003,D009,Input,SL02,Direct Percentage Share,26.93
2026-09,Budget,5003,D009,Input,SL06,Direct Percentage Share,34.74
2026-09,Budget,5003,D009,Input,SL05,Direct Percentage Share,31.04
2026-09,Budget,5003,D009,Input,SL04,Direct Percentage Share,3.57
2026-09,Budget,5003,D010,Input,SL07,Direct Percentage Share,17.06
2026-09,Budget,5003,D010,Input,SL06,Direct Percentage Share,43.07
2026-09,Budget,5003,D010,Input,SL08,Direct Percentage Share,39.87
2026-09,Budget,5003,D011,Input,SL01,Direct Percentage Share,36.87
2026-09,Budget,5003,D011,Input,SL03,Direct Percentage Share,63.13
2026-09,Budget,5003,D012,Input,SL03,Direct Percentage Share,29.45
2026-09,Budget,5003,D012,Input,SL01,Direct Percentage Share,70.55
2026-09,Budget,5003,D013,Input,SL02,Direct Percentage Share,22.35
2026-09,Budget,5003,D013,Input,SL01,Direct Percentage Share,29.37
2026-09,Budget,5003,D013,Input,SL07,Direct Percentage Share,32.33
2026-09,Budget,5003,D013,Input,SL03,Direct Percentage Share,0.46
2026-09,Budget,5003,D013,Input,SL06,Direct Percentage Share,15.49
2026-09,Budget,5003,D014,Input,SL04,Direct Percentage Share,43.19
2026-09,Budget,5003,D014,Input,SL05,Direct Percentage Share,56.81
2026-09,Budget,5003,D015,Input,SL03,Direct Percentage Share,46.16
2026-09,Budget,5003,D015,Input,SL08,Direct Percentage Share,25.09
2026-09,Budget,5003,D015,Input,SL07,Direct Percentage Share,28.75
2026-09,Budget,5003,D016,Input,SL07,Direct Percentage Share,14.32
2026-09,Budget,5003,D016,Input,SL03,Direct Percentage Share,37.44
2026-09,Budget,5003,D016,Input,SL04,Direct Percentage Share,28.58
2026-09,Budget,5003,D016,Input,SL01,Direct Percentage Share,19.66
2026-09,Budget,5003,D017,Input,SL08,Direct Percentage Share,19.21
2026-09,Budget,5003,D017,Input,SL01,Direct Percentage Share,59.84
2026-09,Budget,5003,D017,Input,SL02,Direct Percentage Share,20.95
2026-10,Budget,5001,D001,Input,SL06,Direct Percentage Share,13.31
2026-10,Budget,5001,D001,Input,SL04,Direct Percentage Share,26.74
2026-10,Budget,5001,D001,Input,SL03,Direct Percentage Share,30.83
2026-10,Budget,5001,D001,Input,SL07,Direct Percentage Share,21.24
2026-10,Budget,5001,D001,Input,SL02,Direct Percentage Share,7.88
2026-10,Budget,5001,D002,Input,SL06,Direct Percentage Share,12.13
2026-10,Budget,5001,D002,Input,SL03,Direct Percentage Share,10.42
2026-10,Budget,5001,D002,Input,SL08,Direct Percentage Share,29.22
2026-10,Budget,5001,D002,Input,SL04,Direct Percentage Share,13.57
2026-10,Budget,5001,D002,Input,SL02,Direct Percentage Share,34.66
2026-10,Budget,5001,D003,Input,SL03,Direct Percentage Share,1.59
2026-10,Budget,5001,D003,Input,SL06,Direct Percentage Share,42.85
2026-10,Budget,5001,D003,Input,SL05,Direct Percentage Share,55.56
2026-10,Budget,5001,D004,Input,SL08,Direct Percentage Share,47.55
2026-10,Budget,5001,D004,Input,SL07,Direct Percentage Share,3.96
2026-10,Budget,5001,D004,Input,SL03,Direct Percentage Share,48.49
2026-10,Budget,5001,D005,Input,SL08,Direct Percentage Share,15.25
2026-10,Budget,5001,D005,Input,SL02,Direct Percentage Share,9.31
2026-10,Budget,5001,D005,Input,SL06,Direct Percentage Share,25.55
2026-10,Budget,5001,D005,Input,SL03,Direct Percentage Share,22.77
2026-10,Budget,5001,D005,Input,SL07,Direct Percentage Share,27.12
2026-10,Budget,5001,D006,Input,SL07,Direct Percentage Share,24.56
2026-10,Budget,5001,D006,Input,SL05,Direct Percentage Share,11.16
2026-10,Budget,5001,D006,Input,SL08,Direct Percentage Share,27.8
2026-10,Budget,5001,D006,Input,SL04,Direct Percentage Share,16.67
2026-10,Budget,5001,D006,Input,SL01,Direct Percentage Share,19.81
2026-10,Budget,5001,D007,Input,SL02,Direct Percentage Share,27.19
2026-10,Budget,5001,D007,Input,SL07,Direct Percentage Share,72.81
2026-10,Budget,5001,D008,Input,SL01,Direct Percentage Share,37.02
2026-10,Budget,5001,D008,Input,SL05,Direct Percentage Share,21.84
2026-10,Budget,5001,D008,Input,SL06,Direct Percentage Share,41.14
2026-10,Budget,5001,D009,Input,SL02,Direct Percentage Share,19.42
2026-10,Budget,5001,D009,Input,SL01,Direct Percentage Share,19.72
2026-10,Budget,5001,D009,Input,SL07,Direct Percentage Share,22.06
2026-10,Budget,5001,D009,Input,SL03,Direct Percentage Share,21.86
2026-10,Budget,5001,D009,Input,SL08,Direct Percentage Share,16.94
2026-10,Budget,5001,D010,Input,SL08,Direct Percentage Share,18.62
2026-10,Budget,5001,D010,Input,SL07,Direct Percentage Share,1.33
2026-10,Budget,5001,D010,Input,SL06,Direct Percentage Share,5.65
2026-10,Budget,5001,D010,Input,SL05,Direct Percentage Share,22.46
2026-10,Budget,5001,D010,Input,SL02,Direct Percentage Share,51.94
2026-10,Budget,5001,D011,Input,SL03,Direct Percentage Share,40.65
2026-10,Budget,5001,D011,Input,SL08,Direct Percentage Share,59.35
2026-10,Budget,5001,D012,Input,SL08,Direct Percentage Share,7.67
2026-10,Budget,5001,D012,Input,SL03,Direct Percentage Share,56.76
2026-10,Budget,5001,D012,Input,SL04,Direct Percentage Share,35.57
2026-10,Budget,5001,D013,Input,SL05,Direct Percentage Share,87.56
2026-10,Budget,5001,D013,Input,SL01,Direct Percentage Share,12.44
2026-10,Budget,5001,D014,Input,SL02,Direct Percentage Share,28.27
2026-10,Budget,5001,D014,Input,SL06,Direct Percentage Share,30.24
2026-10,Budget,5001,D014,Input,SL08,Direct Percentage Share,18.13
2026-10,Budget,5001,D014,Input,SL07,Direct Percentage Share,23.36
2026-10,Budget,5001,D015,Input,SL04,Direct Percentage Share,33.47
2026-10,Budget,5001,D015,Input,SL07,Direct Percentage Share,22.59
2026-10,Budget,5001,D015,Input,SL08,Direct Percentage Share,1.53
2026-10,Budget,5001,D015,Input,SL02,Direct Percentage Share,32.1
2026-10,Budget,5001,D015,Input,SL05,Direct Percentage Share,10.31
2026-10,Budget,5001,D016,Input,SL07,Direct Percentage Share,8.82
2026-10,Budget,5001,D016,Input,SL01,Direct Percentage Share,22.31
2026-10,Budget,5001,D016,Input,SL06,Direct Percentage Share,25.23
2026-10,Budget,5001,D016,Input,SL02,Direct Percentage Share,18.3
2026-10,Budget,5001,D016,Input,SL05,Direct Percentage Share,25.34
2026-10,Budget,5001,D017,Input,SL06,Direct Percentage Share,28.91
2026-10,Budget,5001,D017,Input,SL03,Direct Percentage Share,16.58
2026-10,Budget,5001,D017,Input,SL02,Direct Percentage Share,54.51
2026-10,Budget,5002,D001,Input,SL07,Direct Percentage Share,10.42
2026-10,Budget,5002,D001,Input,SL05,Direct Percentage Share,32.1
2026-10,Budget,5002,D001,Input,SL04,Direct Percentage Share,41.75
2026-10,Budget,5002,D001,Input,SL08,Direct Percentage Share,15.73
2026-10,Budget,5002,D002,Input,SL02,Direct Percentage Share,9.07
2026-10,Budget,5002,D002,Input,SL06,Direct Percentage Share,23.5
2026-10,Budget,5002,D002,Input,SL08,Direct Percentage Share,14.08
2026-10,Budget,5002,D002,Input,SL03,Direct Percentage Share,53.35
2026-10,Budget,5002,D003,Input,SL07,Direct Percentage Share,12.83
2026-10,Budget,5002,D003,Input,SL05,Direct Percentage Share,14.76
2026-10,Budget,5002,D003,Input,SL02,Direct Percentage Share,16.3
2026-10,Budget,5002,D003,Input,SL08,Direct Percentage Share,27.88
2026-10,Budget,5002,D003,Input,SL04,Direct Percentage Share,28.23
2026-10,Budget,5002,D004,Input,SL03,Direct Percentage Share,15.48
2026-10,Budget,5002,D004,Input,SL04,Direct Percentage Share,34.73
2026-10,Budget,5002,D004,Input,SL08,Direct Percentage Share,49.79
2026-10,Budget,5002,D005,Input,SL06,Direct Percentage Share,71.29
2026-10,Budget,5002,D005,Input,SL01,Direct Percentage Share,28.71
2026-10,Budget,5002,D006,Input,SL08,Direct Percentage Share,26.47
2026-10,Budget,5002,D006,Input,SL04,Direct Percentage Share,16.55
2026-10,Budget,5002,D006,Input,SL06,Direct Percentage Share,6.23
2026-10,Budget,5002,D006,Input,SL07,Direct Percentage Share,21.08
2026-10,Budget,5002,D006,Input,SL05,Direct Percentage Share,29.67
2026-10,Budget,5002,D007,Input,SL05,Direct Percentage Share,17.38
2026-10,Budget,5002,D007,Input,SL01,Direct Percentage Share,22.3
2026-10,Budget,5002,D007,Input,SL03,Direct Percentage Share,60.32
2026-10,Budget,5002,D008,Input,SL02,Direct Percentage Share,19.94
2026-10,Budget,5002,D008,Input,SL05,Direct Percentage Share,27.84
2026-10,Budget,5002,D008,Input,SL01,Direct Percentage Share,27.95
2026-10,Budget,5002,D008,Input,SL03,Direct Percentage Share,16.23
2026-10,Budget,5002,D008,Input,SL07,Direct Percentage Share,8.04
2026-10,Budget,5002,D009,Input,SL02,Direct Percentage Share,41.29
2026-10,Budget,5002,D009,Input,SL06,Direct Percentage Share,1.52
2026-10,Budget,5002,D009,Input,SL07,Direct Percentage Share,12.4
2026-10,Budget,5002,D009,Input,SL08,Direct Percentage Share,40.69
2026-10,Budget,5002,D009,Input,SL03,Direct Percentage Share,4.1
2026-10,Budget,5002,D010,Input,SL04,Direct Percentage Share,57.96
2026-10,Budget,5002,D010,Input,SL02,Direct Percentage Share,42.04
2026-10,Budget,5002,D011,Input,SL07,Direct Percentage Share,26.39
2026-10,Budget,5002,D011,Input,SL02,Direct Percentage Share,27.36
2026-10,Budget,5002,D011,Input,SL05,Direct Percentage Share,27.08
2026-10,Budget,5002,D011,Input,SL08,Direct Percentage Share,19.17
2026-10,Budget,5002,D012,Input,SL03,Direct Percentage Share,12.05
2026-10,Budget,5002,D012,Input,SL08,Direct Percentage Share,11.14
2026-10,Budget,5002,D012,Input,SL06,Direct Percentage Share,35.75
2026-10,Budget,5002,D012,Input,SL07,Direct Percentage Share,41.06
2026-10,Budget,5002,D013,Input,SL03,Direct Percentage Share,46.1
2026-10,Budget,5002,D013,Input,SL07,Direct Percentage Share,53.9
2026-10,Budget,5002,D014,Input,SL03,Direct Percentage Share,9.39
2026-10,Budget,5002,D014,Input,SL06,Direct Percentage Share,20.65
2026-10,Budget,5002,D014,Input,SL02,Direct Percentage Share,15.87
2026-10,Budget,5002,D014,Input,SL07,Direct Percentage Share,54.09
2026-10,Budget,5002,D015,Input,SL08,Direct Percentage Share,15.52
2026-10,Budget,5002,D015,Input,SL02,Direct Percentage Share,3.12
2026-10,Budget,5002,D015,Input,SL05,Direct Percentage Share,32.88
2026-10,Budget,5002,D015,Input,SL03,Direct Percentage Share,31.81
2026-10,Budget,5002,D015,Input,SL04,Direct Percentage Share,16.67
2026-10,Budget,5002,D016,Input,SL06,Direct Percentage Share,24.33
2026-10,Budget,5002,D016,Input,SL04,Direct Percentage Share,36.34
2026-10,Budget,5002,D016,Input,SL07,Direct Percentage Share,35.43
2026-10,Budget,5002,D016,Input,SL03,Direct Percentage Share,3.9
2026-10,Budget,5002,D017,Input,SL06,Direct Percentage Share,11.14
2026-10,Budget,5002,D017,Input,SL07,Direct Percentage Share,21.96
2026-10,Budget,5002,D017,Input,SL01,Direct Percentage Share,10.83
2026-10,Budget,5002,D017,Input,SL05,Direct Percentage Share,13.73
2026-10,Budget,5002,D017,Input,SL04,Direct Percentage Share,42.34
2026-10,Budget,5003,D001,Input,SL03,Direct Percentage Share,38.4
2026-10,Budget,5003,D001,Input,SL05,Direct Percentage Share,32.74
2026-10,Budget,5003,D001,Input,SL04,Direct Percentage Share,1.97
2026-10,Budget,5003,D001,Input,SL08,Direct Percentage Share,26.89
2026-10,Budget,5003,D002,Input,SL01,Direct Percentage Share,0.03
2026-10,Budget,5003,D002,Input,SL08,Direct Percentage Share,48.35
2026-10,Budget,5003,D002,Input,SL02,Direct Percentage Share,10.21
2026-10,Budget,5003,D002,Input,SL04,Direct Percentage Share,34.75
2026-10,Budget,5003,D002,Input,SL05,Direct Percentage Share,6.66
2026-10,Budget,5003,D003,Input,SL03,Direct Percentage Share,30.02
2026-10,Budget,5003,D003,Input,SL07,Direct Percentage Share,11.48
2026-10,Budget,5003,D003,Input,SL08,Direct Percentage Share,17.05
2026-10,Budget,5003,D003,Input,SL01,Direct Percentage Share,41.45
2026-10,Budget,5003,D004,Input,SL01,Direct Percentage Share,24.65
2026-10,Budget,5003,D004,Input,SL04,Direct Percentage Share,56.45
2026-10,Budget,5003,D004,Input,SL06,Direct Percentage Share,18.9
2026-10,Budget,5003,D005,Input,SL02,Direct Percentage Share,73.25
2026-10,Budget,5003,D005,Input,SL01,Direct Percentage Share,26.75
2026-10,Budget,5003,D006,Input,SL08,Direct Percentage Share,27.82
2026-10,Budget,5003,D006,Input,SL01,Direct Percentage Share,32.67
2026-10,Budget,5003,D006,Input,SL07,Direct Percentage Share,39.51
2026-10,Budget,5003,D007,Input,SL03,Direct Percentage Share,5.36
2026-10,Budget,5003,D007,Input,SL04,Direct Percentage Share,48.4
2026-10,Budget,5003,D007,Input,SL01,Direct Percentage Share,6.2
2026-10,Budget,5003,D007,Input,SL02,Direct Percentage Share,22.07
2026-10,Budget,5003,D007,Input,SL07,Direct Percentage Share,17.97
2026-10,Budget,5003,D008,Input,SL03,Direct Percentage Share,22.56
2026-10,Budget,5003,D008,Input,SL06,Direct Percentage Share,0.36
2026-10,Budget,5003,D008,Input,SL07,Direct Percentage Share,27.64
2026-10,Budget,5003,D008,Input,SL02,Direct Percentage Share,18.72
2026-10,Budget,5003,D008,Input,SL01,Direct Percentage Share,30.72
2026-10,Budget,5003,D009,Input,SL07,Direct Percentage Share,28.43
2026-10,Budget,5003,D009,Input,SL05,Direct Percentage Share,13.96
2026-10,Budget,5003,D009,Input,SL06,Direct Percentage Share,57.61
2026-10,Budget,5003,D010,Input,SL02,Direct Percentage Share,23.11
2026-10,Budget,5003,D010,Input,SL05,Direct Percentage Share,57.96
2026-10,Budget,5003,D010,Input,SL06,Direct Percentage Share,18.93
2026-10,Budget,5003,D011,Input,SL04,Direct Percentage Share,6.81
2026-10,Budget,5003,D011,Input,SL03,Direct Percentage Share,44.71
2026-10,Budget,5003,D011,Input,SL06,Direct Percentage Share,48.48
2026-10,Budget,5003,D012,Input,SL01,Direct Percentage Share,14.75
2026-10,Budget,5003,D012,Input,SL07,Direct Percentage Share,43.58
2026-10,Budget,5003,D012,Input,SL06,Direct Percentage Share,13.54
2026-10,Budget,5003,D012,Input,SL03,Direct Percentage Share,28.13
2026-10,Budget,5003,D013,Input,SL04,Direct Percentage Share,61.55
2026-10,Budget,5003,D013,Input,SL08,Direct Percentage Share,38.45
2026-10,Budget,5003,D014,Input,SL01,Direct Percentage Share,87.62
2026-10,Budget,5003,D014,Input,SL03,Direct Percentage Share,12.38
2026-10,Budget,5003,D015,Input,SL06,Direct Percentage Share,46.08
2026-10,Budget,5003,D015,Input,SL05,Direct Percentage Share,37.19
2026-10,Budget,5003,D015,Input,SL08,Direct Percentage Share,0.81
2026-10,Budget,5003,D015,Input,SL02,Direct Percentage Share,3.26
2026-10,Budget,5003,D015,Input,SL04,Direct Percentage Share,12.66
2026-10,Budget,5003,D016,Input,SL01,Direct Percentage Share,58.14
2026-10,Budget,5003,D016,Input,SL07,Direct Percentage Share,41.86
2026-10,Budget,5003,D017,Input,SL07,Direct Percentage Share,13.15
2026-10,Budget,5003,D017,Input,SL06,Direct Percentage Share,14.69
2026-10,Budget,5003,D017,Input,SL04,Direct Percentage Share,24.23
2026-10,Budget,5003,D017,Input,SL01,Direct Percentage Share,9.63
2026-10,Budget,5003,D017,Input,SL02,Direct Percentage Share,38.3
2026-11,Budget,5001,D001,Input,SL07,Direct Percentage Share,16.0
2026-11,Budget,5001,D001,Input,SL05,Direct Percentage Share,22.55
2026-11,Budget,5001,D001,Input,SL06,Direct Percentage Share,49.15
2026-11,Budget,5001,D001,Input,SL01,Direct Percentage Share,12.3
2026-11,Budget,5001,D002,Input,SL02,Direct Percentage Share,33.06
2026-11,Budget,5001,D002,Input,SL04,Direct Percentage Share,44.39
2026-11,Budget,5001,D002,Input,SL01,Direct Percentage Share,22.55
2026-11,Budget,5001,D003,Input,SL02,Direct Percentage Share,21.27
2026-11,Budget,5001,D003,Input,SL01,Direct Percentage Share,1.76
2026-11,Budget,5001,D003,Input,SL06,Direct Percentage Share,76.97
2026-11,Budget,5001,D004,Input,SL05,Direct Percentage Share,30.31
2026-11,Budget,5001,D004,Input,SL02,Direct Percentage Share,35.3
2026-11,Budget,5001,D004,Input,SL03,Direct Percentage Share,29.62
2026-11,Budget,5001,D004,Input,SL07,Direct Percentage Share,4.77
2026-11,Budget,5001,D005,Input,SL06,Direct Percentage Share,45.04
2026-11,Budget,5001,D005,Input,SL07,Direct Percentage Share,54.96
2026-11,Budget,5001,D006,Input,SL02,Direct Percentage Share,20.08
2026-11,Budget,5001,D006,Input,SL04,Direct Percentage Share,27.84
2026-11,Budget,5001,D006,Input,SL07,Direct Percentage Share,31.59
2026-11,Budget,5001,D006,Input,SL05,Direct Percentage Share,20.49
2026-11,Budget,5001,D007,Input,SL02,Direct Percentage Share,13.89
2026-11,Budget,5001,D007,Input,SL05,Direct Percentage Share,30.95
2026-11,Budget,5001,D007,Input,SL06,Direct Percentage Share,2.68
2026-11,Budget,5001,D007,Input,SL01,Direct Percentage Share,52.48
2026-11,Budget,5001,D008,Input,SL01,Direct Percentage Share,26.16
2026-11,Budget,5001,D008,Input,SL04,Direct Percentage Share,10.25
2026-11,Budget,5001,D008,Input,SL03,Direct Percentage Share,63.59
2026-11,Budget,5001,D009,Input,SL07,Direct Percentage Share,43.6
2026-11,Budget,5001,D009,Input,SL02,Direct Percentage Share,56.4
2026-11,Budget,5001,D010,Input,SL05,Direct Percentage Share,19.06
2026-11,Budget,5001,D010,Input,SL07,Direct Percentage Share,25.66
2026-11,Budget,5001,D010,Input,SL01,Direct Percentage Share,46.11
2026-11,Budget,5001,D010,Input,SL08,Direct Percentage Share,9.17
2026-11,Budget,5001,D011,Input,SL07,Direct Percentage Share,50.31
2026-11,Budget,5001,D011,Input,SL01,Direct Percentage Share,49.69
2026-11,Budget,5001,D012,Input,SL06,Direct Percentage Share,0.74
2026-11,Budget,5001,D012,Input,SL01,Direct Percentage Share,18.64
2026-11,Budget,5001,D012,Input,SL05,Direct Percentage Share,52.38
2026-11,Budget,5001,D012,Input,SL04,Direct Percentage Share,28.24
2026-11,Budget,5001,D013,Input,SL08,Direct Percentage Share,35.4
2026-11,Budget,5001,D013,Input,SL03,Direct Percentage Share,36.34
2026-11,Budget,5001,D013,Input,SL05,Direct Percentage Share,28.26
2026-11,Budget,5001,D014,Input,SL03,Direct Percentage Share,1.99
2026-11,Budget,5001,D014,Input,SL01,Direct Percentage Share,45.08
2026-11,Budget,5001,D014,Input,SL04,Direct Percentage Share,52.93
2026-11,Budget,5001,D015,Input,SL06,Direct Percentage Share,66.85
2026-11,Budget,5001,D015,Input,SL01,Direct Percentage Share,33.15
2026-11,Budget,5001,D016,Input,SL02,Direct Percentage Share,16.82
2026-11,Budget,5001,D016,Input,SL08,Direct Percentage Share,38.51
2026-11,Budget,5001,D016,Input,SL05,Direct Percentage Share,38.97
2026-11,Budget,5001,D016,Input,SL07,Direct Percentage Share,5.7
2026-11,Budget,5001,D017,Input,SL02,Direct Percentage Share,16.42
2026-11,Budget,5001,D017,Input,SL01,Direct Percentage Share,35.61
2026-11,Budget,5001,D017,Input,SL08,Direct Percentage Share,18.23
2026-11,Budget,5001,D017,Input,SL05,Direct Percentage Share,29.74
2026-11,Budget,5002,D001,Input,SL03,Direct Percentage Share,91.64
2026-11,Budget,5002,D001,Input,SL06,Direct Percentage Share,8.36
2026-11,Budget,5002,D002,Input,SL07,Direct Percentage Share,80.29
2026-11,Budget,5002,D002,Input,SL06,Direct Percentage Share,19.71
2026-11,Budget,5002,D003,Input,SL06,Direct Percentage Share,36.67
2026-11,Budget,5002,D003,Input,SL07,Direct Percentage Share,31.35
2026-11,Budget,5002,D003,Input,SL04,Direct Percentage Share,8.61
2026-11,Budget,5002,D003,Input,SL03,Direct Percentage Share,23.37
2026-11,Budget,5002,D004,Input,SL03,Direct Percentage Share,26.07
2026-11,Budget,5002,D004,Input,SL01,Direct Percentage Share,73.93
2026-11,Budget,5002,D005,Input,SL02,Direct Percentage Share,20.06
2026-11,Budget,5002,D005,Input,SL05,Direct Percentage Share,17.24
2026-11,Budget,5002,D005,Input,SL03,Direct Percentage Share,7.8
2026-11,Budget,5002,D005,Input,SL08,Direct Percentage Share,10.26
2026-11,Budget,5002,D005,Input,SL04,Direct Percentage Share,44.64
2026-11,Budget,5002,D006,Input,SL04,Direct Percentage Share,85.24
2026-11,Budget,5002,D006,Input,SL07,Direct Percentage Share,14.76
2026-11,Budget,5002,D007,Input,SL06,Direct Percentage Share,4.19
2026-11,Budget,5002,D007,Input,SL04,Direct Percentage Share,25.59
2026-11,Budget,5002,D007,Input,SL05,Direct Percentage Share,70.22
2026-11,Budget,5002,D008,Input,SL01,Direct Percentage Share,46.3
2026-11,Budget,5002,D008,Input,SL04,Direct Percentage Share,45.81
2026-11,Budget,5002,D008,Input,SL07,Direct Percentage Share,7.89
2026-11,Budget,5002,D009,Input,SL03,Direct Percentage Share,1.42
2026-11,Budget,5002,D009,Input,SL01,Direct Percentage Share,98.58
2026-11,Budget,5002,D010,Input,SL03,Direct Percentage Share,22.6
2026-11,Budget,5002,D010,Input,SL02,Direct Percentage Share,38.26
2026-11,Budget,5002,D010,Input,SL04,Direct Percentage Share,39.14
2026-11,Budget,5002,D011,Input,SL02,Direct Percentage Share,37.93
2026-11,Budget,5002,D011,Input,SL01,Direct Percentage Share,18.63
2026-11,Budget,5002,D011,Input,SL07,Direct Percentage Share,5.41
2026-11,Budget,5002,D011,Input,SL08,Direct Percentage Share,38.03
2026-11,Budget,5002,D012,Input,SL02,Direct Percentage Share,8.58
2026-11,Budget,5002,D012,Input,SL01,Direct Percentage Share,29.3
2026-11,Budget,5002,D012,Input,SL04,Direct Percentage Share,41.95
2026-11,Budget,5002,D012,Input,SL07,Direct Percentage Share,20.17
2026-11,Budget,5002,D013,Input,SL07,Direct Percentage Share,54.66
2026-11,Budget,5002,D013,Input,SL06,Direct Percentage Share,45.34
2026-11,Budget,5002,D014,Input,SL05,Direct Percentage Share,57.47
2026-11,Budget,5002,D014,Input,SL03,Direct Percentage Share,2.25
2026-11,Budget,5002,D014,Input,SL04,Direct Percentage Share,40.28
2026-11,Budget,5002,D015,Input,SL05,Direct Percentage Share,60.9
2026-11,Budget,5002,D015,Input,SL04,Direct Percentage Share,33.05
2026-11,Budget,5002,D015,Input,SL07,Direct Percentage Share,6.05
2026-11,Budget,5002,D016,Input,SL03,Direct Percentage Share,15.77
2026-11,Budget,5002,D016,Input,SL04,Direct Percentage Share,20.06
2026-11,Budget,5002,D016,Input,SL02,Direct Percentage Share,19.88
2026-11,Budget,5002,D016,Input,SL05,Direct Percentage Share,24.74
2026-11,Budget,5002,D016,Input,SL06,Direct Percentage Share,19.55
2026-11,Budget,5002,D017,Input,SL08,Direct Percentage Share,46.02
2026-11,Budget,5002,D017,Input,SL05,Direct Percentage Share,25.33
2026-11,Budget,5002,D017,Input,SL04,Direct Percentage Share,19.58
2026-11,Budget,5002,D017,Input,SL03,Direct Percentage Share,9.07
2026-11,Budget,5003,D001,Input,SL04,Direct Percentage Share,36.4
2026-11,Budget,5003,D001,Input,SL01,Direct Percentage Share,21.23
2026-11,Budget,5003,D001,Input,SL03,Direct Percentage Share,16.09
2026-11,Budget,5003,D001,Input,SL07,Direct Percentage Share,26.28
2026-11,Budget,5003,D002,Input,SL03,Direct Percentage Share,37.76
2026-11,Budget,5003,D002,Input,SL01,Direct Percentage Share,15.32
2026-11,Budget,5003,D002,Input,SL02,Direct Percentage Share,46.92
2026-11,Budget,5003,D003,Input,SL04,Direct Percentage Share,51.49
2026-11,Budget,5003,D003,Input,SL05,Direct Percentage Share,48.51
2026-11,Budget,5003,D004,Input,SL03,Direct Percentage Share,15.85
2026-11,Budget,5003,D004,Input,SL02,Direct Percentage Share,36.79
2026-11,Budget,5003,D004,Input,SL07,Direct Percentage Share,17.88
2026-11,Budget,5003,D004,Input,SL05,Direct Percentage Share,29.48
2026-11,Budget,5003,D005,Input,SL03,Direct Percentage Share,66.77
2026-11,Budget,5003,D005,Input,SL05,Direct Percentage Share,21.63
2026-11,Budget,5003,D005,Input,SL02,Direct Percentage Share,4.68
2026-11,Budget,5003,D005,Input,SL04,Direct Percentage Share,6.92
2026-11,Budget,5003,D006,Input,SL01,Direct Percentage Share,0.06
2026-11,Budget,5003,D006,Input,SL05,Direct Percentage Share,81.95
2026-11,Budget,5003,D006,Input,SL04,Direct Percentage Share,17.99
2026-11,Budget,5003,D007,Input,SL06,Direct Percentage Share,44.03
2026-11,Budget,5003,D007,Input,SL08,Direct Percentage Share,40.46
2026-11,Budget,5003,D007,Input,SL02,Direct Percentage Share,15.51
2026-11,Budget,5003,D008,Input,SL03,Direct Percentage Share,83.26
2026-11,Budget,5003,D008,Input,SL05,Direct Percentage Share,16.74
2026-11,Budget,5003,D009,Input,SL06,Direct Percentage Share,28.4
2026-11,Budget,5003,D009,Input,SL01,Direct Percentage Share,71.6
2026-11,Budget,5003,D010,Input,SL02,Direct Percentage Share,29.83
2026-11,Budget,5003,D010,Input,SL03,Direct Percentage Share,22.39
2026-11,Budget,5003,D010,Input,SL07,Direct Percentage Share,13.35
2026-11,Budget,5003,D010,Input,SL06,Direct Percentage Share,19.54
2026-11,Budget,5003,D010,Input,SL08,Direct Percentage Share,14.89
2026-11,Budget,5003,D011,Input,SL03,Direct Percentage Share,44.35
2026-11,Budget,5003,D011,Input,SL06,Direct Percentage Share,12.58
2026-11,Budget,5003,D011,Input,SL05,Direct Percentage Share,33.19
2026-11,Budget,5003,D011,Input,SL07,Direct Percentage Share,9.88
2026-11,Budget,5003,D012,Input,SL05,Direct Percentage Share,28.9
2026-11,Budget,5003,D012,Input,SL02,Direct Percentage Share,28.89
2026-11,Budget,5003,D012,Input,SL07,Direct Percentage Share,11.93
2026-11,Budget,5003,D012,Input,SL01,Direct Percentage Share,30.28
2026-11,Budget,5003,D013,Input,SL03,Direct Percentage Share,28.24
2026-11,Budget,5003,D013,Input,SL05,Direct Percentage Share,71.76
2026-11,Budget,5003,D014,Input,SL02,Direct Percentage Share,43.82
2026-11,Budget,5003,D014,Input,SL04,Direct Percentage Share,10.29
2026-11,Budget,5003,D014,Input,SL08,Direct Percentage Share,45.89
2026-11,Budget,5003,D015,Input,SL03,Direct Percentage Share,43.39
2026-11,Budget,5003,D015,Input,SL06,Direct Percentage Share,25.77
2026-11,Budget,5003,D015,Input,SL01,Direct Percentage Share,24.25
2026-11,Budget,5003,D015,Input,SL08,Direct Percentage Share,6.59
2026-11,Budget,5003,D016,Input,SL02,Direct Percentage Share,12.98
2026-11,Budget,5003,D016,Input,SL06,Direct Percentage Share,24.65
2026-11,Budget,5003,D016,Input,SL01,Direct Percentage Share,32.61
2026-11,Budget,5003,D016,Input,SL07,Direct Percentage Share,29.76
2026-11,Budget,5003,D017,Input,SL07,Direct Percentage Share,26.06
2026-11,Budget,5003,D017,Input,SL03,Direct Percentage Share,24.81
2026-11,Budget,5003,D017,Input,SL05,Direct Percentage Share,18.18
2026-11,Budget,5003,D017,Input,SL04,Direct Percentage Share,23.85
2026-11,Budget,5003,D017,Input,SL01,Direct Percentage Share,7.1
2026-12,Budget,5001,D001,Input,SL02,Direct Percentage Share,16.86
2026-12,Budget,5001,D001,Input,SL07,Direct Percentage Share,50.35
2026-12,Budget,5001,D001,Input,SL01,Direct Percentage Share,3.93
2026-12,Budget,5001,D001,Input,SL03,Direct Percentage Share,9.0
2026-12,Budget,5001,D001,Input,SL06,Direct Percentage Share,19.86
2026-12,Budget,5001,D002,Input,SL02,Direct Percentage Share,49.19
2026-12,Budget,5001,D002,Input,SL03,Direct Percentage Share,50.81
2026-12,Budget,5001,D003,Input,SL01,Direct Percentage Share,11.64
2026-12,Budget,5001,D003,Input,SL04,Direct Percentage Share,7.49
2026-12,Budget,5001,D003,Input,SL06,Direct Percentage Share,15.21
2026-12,Budget,5001,D003,Input,SL02,Direct Percentage Share,14.06
2026-12,Budget,5001,D003,Input,SL07,Direct Percentage Share,51.6
2026-12,Budget,5001,D004,Input,SL05,Direct Percentage Share,3.07
2026-12,Budget,5001,D004,Input,SL03,Direct Percentage Share,35.41
2026-12,Budget,5001,D004,Input,SL02,Direct Percentage Share,52.01
2026-12,Budget,5001,D004,Input,SL01,Direct Percentage Share,9.51
2026-12,Budget,5001,D005,Input,SL01,Direct Percentage Share,40.66
2026-12,Budget,5001,D005,Input,SL04,Direct Percentage Share,30.85
2026-12,Budget,5001,D005,Input,SL08,Direct Percentage Share,23.7
2026-12,Budget,5001,D005,Input,SL03,Direct Percentage Share,4.79
2026-12,Budget,5001,D006,Input,SL03,Direct Percentage Share,62.38
2026-12,Budget,5001,D006,Input,SL06,Direct Percentage Share,30.24
2026-12,Budget,5001,D006,Input,SL08,Direct Percentage Share,7.38
2026-12,Budget,5001,D007,Input,SL08,Direct Percentage Share,32.6
2026-12,Budget,5001,D007,Input,SL04,Direct Percentage Share,19.69
2026-12,Budget,5001,D007,Input,SL06,Direct Percentage Share,18.85
2026-12,Budget,5001,D007,Input,SL03,Direct Percentage Share,19.38
2026-12,Budget,5001,D007,Input,SL01,Direct Percentage Share,9.48
2026-12,Budget,5001,D008,Input,SL05,Direct Percentage Share,67.27
2026-12,Budget,5001,D008,Input,SL04,Direct Percentage Share,32.73
2026-12,Budget,5001,D009,Input,SL01,Direct Percentage Share,4.41
2026-12,Budget,5001,D009,Input,SL02,Direct Percentage Share,17.71
2026-12,Budget,5001,D009,Input,SL06,Direct Percentage Share,27.89
2026-12,Budget,5001,D009,Input,SL08,Direct Percentage Share,49.99
2026-12,Budget,5001,D010,Input,SL01,Direct Percentage Share,46.17
2026-12,Budget,5001,D010,Input,SL07,Direct Percentage Share,23.62
2026-12,Budget,5001,D010,Input,SL04,Direct Percentage Share,30.21
2026-12,Budget,5001,D011,Input,SL04,Direct Percentage Share,23.64
2026-12,Budget,5001,D011,Input,SL08,Direct Percentage Share,18.7
2026-12,Budget,5001,D011,Input,SL03,Direct Percentage Share,13.14
2026-12,Budget,5001,D011,Input,SL01,Direct Percentage Share,23.57
2026-12,Budget,5001,D011,Input,SL07,Direct Percentage Share,20.95
2026-12,Budget,5001,D012,Input,SL02,Direct Percentage Share,8.12
2026-12,Budget,5001,D012,Input,SL07,Direct Percentage Share,46.23
2026-12,Budget,5001,D012,Input,SL04,Direct Percentage Share,45.65
2026-12,Budget,5001,D013,Input,SL03,Direct Percentage Share,8.13
2026-12,Budget,5001,D013,Input,SL01,Direct Percentage Share,70.91
2026-12,Budget,5001,D013,Input,SL04,Direct Percentage Share,20.96
2026-12,Budget,5001,D014,Input,SL05,Direct Percentage Share,66.77
2026-12,Budget,5001,D014,Input,SL03,Direct Percentage Share,4.89
2026-12,Budget,5001,D014,Input,SL06,Direct Percentage Share,28.34
2026-12,Budget,5001,D015,Input,SL06,Direct Percentage Share,30.59
2026-12,Budget,5001,D015,Input,SL07,Direct Percentage Share,0.41
2026-12,Budget,5001,D015,Input,SL03,Direct Percentage Share,23.35
2026-12,Budget,5001,D015,Input,SL05,Direct Percentage Share,19.59
2026-12,Budget,5001,D015,Input,SL04,Direct Percentage Share,26.06
2026-12,Budget,5001,D016,Input,SL07,Direct Percentage Share,20.13
2026-12,Budget,5001,D016,Input,SL02,Direct Percentage Share,79.87
2026-12,Budget,5001,D017,Input,SL02,Direct Percentage Share,49.8
2026-12,Budget,5001,D017,Input,SL05,Direct Percentage Share,50.2
2026-12,Budget,5002,D001,Input,SL07,Direct Percentage Share,35.3
2026-12,Budget,5002,D001,Input,SL03,Direct Percentage Share,29.2
2026-12,Budget,5002,D001,Input,SL04,Direct Percentage Share,10.63
2026-12,Budget,5002,D001,Input,SL06,Direct Percentage Share,24.87
2026-12,Budget,5002,D002,Input,SL01,Direct Percentage Share,21.94
2026-12,Budget,5002,D002,Input,SL04,Direct Percentage Share,27.07
2026-12,Budget,5002,D002,Input,SL03,Direct Percentage Share,26.37
2026-12,Budget,5002,D002,Input,SL02,Direct Percentage Share,0.59
2026-12,Budget,5002,D002,Input,SL08,Direct Percentage Share,24.03
2026-12,Budget,5002,D003,Input,SL05,Direct Percentage Share,43.32
2026-12,Budget,5002,D003,Input,SL03,Direct Percentage Share,10.16
2026-12,Budget,5002,D003,Input,SL04,Direct Percentage Share,13.39
2026-12,Budget,5002,D003,Input,SL01,Direct Percentage Share,33.13
2026-12,Budget,5002,D004,Input,SL05,Direct Percentage Share,34.54
2026-12,Budget,5002,D004,Input,SL06,Direct Percentage Share,10.06
2026-12,Budget,5002,D004,Input,SL04,Direct Percentage Share,11.31
2026-12,Budget,5002,D004,Input,SL08,Direct Percentage Share,44.09
2026-12,Budget,5002,D005,Input,SL06,Direct Percentage Share,2.65
2026-12,Budget,5002,D005,Input,SL07,Direct Percentage Share,28.57
2026-12,Budget,5002,D005,Input,SL01,Direct Percentage Share,16.24
2026-12,Budget,5002,D005,Input,SL05,Direct Percentage Share,31.43
2026-12,Budget,5002,D005,Input,SL02,Direct Percentage Share,21.11
2026-12,Budget,5002,D006,Input,SL03,Direct Percentage Share,81.34
2026-12,Budget,5002,D006,Input,SL02,Direct Percentage Share,18.66
2026-12,Budget,5002,D007,Input,SL04,Direct Percentage Share,33.21
2026-12,Budget,5002,D007,Input,SL01,Direct Percentage Share,66.79
2026-12,Budget,5002,D008,Input,SL05,Direct Percentage Share,39.95
2026-12,Budget,5002,D008,Input,SL03,Direct Percentage Share,50.25
2026-12,Budget,5002,D008,Input,SL04,Direct Percentage Share,9.8
2026-12,Budget,5002,D009,Input,SL04,Direct Percentage Share,52.28
2026-12,Budget,5002,D009,Input,SL03,Direct Percentage Share,47.72
2026-12,Budget,5002,D010,Input,SL06,Direct Percentage Share,12.02
2026-12,Budget,5002,D010,Input,SL03,Direct Percentage Share,16.3
2026-12,Budget,5002,D010,Input,SL02,Direct Percentage Share,6.87
2026-12,Budget,5002,D010,Input,SL07,Direct Percentage Share,24.13
2026-12,Budget,5002,D010,Input,SL01,Direct Percentage Share,40.68
2026-12,Budget,5002,D011,Input,SL04,Direct Percentage Share,38.52
2026-12,Budget,5002,D011,Input,SL06,Direct Percentage Share,58.61
2026-12,Budget,5002,D011,Input,SL02,Direct Percentage Share,2.87
2026-12,Budget,5002,D012,Input,SL08,Direct Percentage Share,51.85
2026-12,Budget,5002,D012,Input,SL02,Direct Percentage Share,48.15
2026-12,Budget,5002,D013,Input,SL04,Direct Percentage Share,39.21
2026-12,Budget,5002,D013,Input,SL03,Direct Percentage Share,60.79
2026-12,Budget,5002,D014,Input,SL07,Direct Percentage Share,11.35
2026-12,Budget,5002,D014,Input,SL04,Direct Percentage Share,21.02
2026-12,Budget,5002,D014,Input,SL03,Direct Percentage Share,30.5
2026-12,Budget,5002,D014,Input,SL08,Direct Percentage Share,37.13
2026-12,Budget,5002,D015,Input,SL02,Direct Percentage Share,14.22
2026-12,Budget,5002,D015,Input,SL01,Direct Percentage Share,5.15
2026-12,Budget,5002,D015,Input,SL05,Direct Percentage Share,3.04
2026-12,Budget,5002,D015,Input,SL03,Direct Percentage Share,47.08
2026-12,Budget,5002,D015,Input,SL06,Direct Percentage Share,30.51
2026-12,Budget,5002,D016,Input,SL05,Direct Percentage Share,18.79
2026-12,Budget,5002,D016,Input,SL06,Direct Percentage Share,51.59
2026-12,Budget,5002,D016,Input,SL07,Direct Percentage Share,23.96
2026-12,Budget,5002,D016,Input,SL03,Direct Percentage Share,5.66
2026-12,Budget,5002,D017,Input,SL06,Direct Percentage Share,47.52
2026-12,Budget,5002,D017,Input,SL08,Direct Percentage Share,12.36
2026-12,Budget,5002,D017,Input,SL02,Direct Percentage Share,19.94
2026-12,Budget,5002,D017,Input,SL01,Direct Percentage Share,18.5
2026-12,Budget,5002,D017,Input,SL04,Direct Percentage Share,1.68
2026-12,Budget,5003,D001,Input,SL06,Direct Percentage Share,14.43
2026-12,Budget,5003,D001,Input,SL08,Direct Percentage Share,34.67
2026-12,Budget,5003,D001,Input,SL07,Direct Percentage Share,50.9
2026-12,Budget,5003,D002,Input,SL05,Direct Percentage Share,27.22
2026-12,Budget,5003,D002,Input,SL07,Direct Percentage Share,14.67
2026-12,Budget,5003,D002,Input,SL02,Direct Percentage Share,19.23
2026-12,Budget,5003,D002,Input,SL08,Direct Percentage Share,38.88
2026-12,Budget,5003,D003,Input,SL06,Direct Percentage Share,16.87
2026-12,Budget,5003,D003,Input,SL08,Direct Percentage Share,16.96
2026-12,Budget,5003,D003,Input,SL01,Direct Percentage Share,66.17
2026-12,Budget,5003,D004,Input,SL06,Direct Percentage Share,25.07
2026-12,Budget,5003,D004,Input,SL03,Direct Percentage Share,6.37
2026-12,Budget,5003,D004,Input,SL07,Direct Percentage Share,2.9
2026-12,Budget,5003,D004,Input,SL05,Direct Percentage Share,34.29
2026-12,Budget,5003,D004,Input,SL08,Direct Percentage Share,31.37
2026-12,Budget,5003,D005,Input,SL08,Direct Percentage Share,36.59
2026-12,Budget,5003,D005,Input,SL02,Direct Percentage Share,63.41
2026-12,Budget,5003,D006,Input,SL05,Direct Percentage Share,23.61
2026-12,Budget,5003,D006,Input,SL04,Direct Percentage Share,8.16
2026-12,Budget,5003,D006,Input,SL01,Direct Percentage Share,23.5
2026-12,Budget,5003,D006,Input,SL02,Direct Percentage Share,21.25
2026-12,Budget,5003,D006,Input,SL08,Direct Percentage Share,23.48
2026-12,Budget,5003,D007,Input,SL06,Direct Percentage Share,30.37
2026-12,Budget,5003,D007,Input,SL07,Direct Percentage Share,13.61
2026-12,Budget,5003,D007,Input,SL08,Direct Percentage Share,56.02
2026-12,Budget,5003,D008,Input,SL06,Direct Percentage Share,0.45
2026-12,Budget,5003,D008,Input,SL08,Direct Percentage Share,26.32
2026-12,Budget,5003,D008,Input,SL01,Direct Percentage Share,73.23
2026-12,Budget,5003,D009,Input,SL03,Direct Percentage Share,13.04
2026-12,Budget,5003,D009,Input,SL04,Direct Percentage Share,43.7
2026-12,Budget,5003,D009,Input,SL01,Direct Percentage Share,43.26
2026-12,Budget,5003,D010,Input,SL08,Direct Percentage Share,18.92
2026-12,Budget,5003,D010,Input,SL04,Direct Percentage Share,24.61
2026-12,Budget,5003,D010,Input,SL01,Direct Percentage Share,23.11
2026-12,Budget,5003,D010,Input,SL06,Direct Percentage Share,19.6
2026-12,Budget,5003,D010,Input,SL02,Direct Percentage Share,13.76
2026-12,Budget,5003,D011,Input,SL01,Direct Percentage Share,76.43
2026-12,Budget,5003,D011,Input,SL06,Direct Percentage Share,23.57
2026-12,Budget,5003,D012,Input,SL05,Direct Percentage Share,54.68
2026-12,Budget,5003,D012,Input,SL02,Direct Percentage Share,33.26
2026-12,Budget,5003,D012,Input,SL01,Direct Percentage Share,7.09
2026-12,Budget,5003,D012,Input,SL04,Direct Percentage Share,4.97
2026-12,Budget,5003,D013,Input,SL08,Direct Percentage Share,29.47
2026-12,Budget,5003,D013,Input,SL06,Direct Percentage Share,24.39
2026-12,Budget,5003,D013,Input,SL05,Direct Percentage Share,38.62
2026-12,Budget,5003,D013,Input,SL07,Direct Percentage Share,7.52
2026-12,Budget,5003,D014,Input,SL06,Direct Percentage Share,1.31
2026-12,Budget,5003,D014,Input,SL07,Direct Percentage Share,15.35
2026-12,Budget,5003,D014,Input,SL02,Direct Percentage Share,67.39
2026-12,Budget,5003,D014,Input,SL08,Direct Percentage Share,14.45
2026-12,Budget,5003,D014,Input,SL04,Direct Percentage Share,1.5
2026-12,Budget,5003,D015,Input,SL02,Direct Percentage Share,41.58
2026-12,Budget,5003,D015,Input,SL03,Direct Percentage Share,2.39
2026-12,Budget,5003,D015,Input,SL06,Direct Percentage Share,56.03
2026-12,Budget,5003,D016,Input,SL01,Direct Percentage Share,36.72
2026-12,Budget,5003,D016,Input,SL05,Direct Percentage Share,1.11
2026-12,Budget,5003,D016,Input,SL08,Direct Percentage Share,38.75
2026-12,Budget,5003,D016,Input,SL06,Direct Percentage Share,23.42
2026-12,Budget,5003,D017,Input,SL02,Direct Percentage Share,14.45
2026-12,Budget,5003,D017,Input,SL05,Direct Percentage Share,48.21
2026-12,Budget,5003,D017,Input,SL03,Direct Percentage Share,0.65
2026-12,Budget,5003,D017,Input,SL04,Direct Percentage Share,29.59
2026-12,Budget,5003,D017,Input,SL08,Direct Percentage Share,7.1
2027-01,Budget,5001,D001,Input,SL03,Direct Percentage Share,68.01
2027-01,Budget,5001,D001,Input,SL04,Direct Percentage Share,11.14
2027-01,Budget,5001,D001,Input,SL01,Direct Percentage Share,10.79
2027-01,Budget,5001,D001,Input,SL05,Direct Percentage Share,10.06
2027-01,Budget,5001,D002,Input,SL04,Direct Percentage Share,38.45
2027-01,Budget,5001,D002,Input,SL07,Direct Percentage Share,45.0
2027-01,Budget,5001,D002,Input,SL03,Direct Percentage Share,16.55
2027-01,Budget,5001,D003,Input,SL05,Direct Percentage Share,39.13
2027-01,Budget,5001,D003,Input,SL02,Direct Percentage Share,29.58
2027-01,Budget,5001,D003,Input,SL01,Direct Percentage Share,20.66
2027-01,Budget,5001,D003,Input,SL08,Direct Percentage Share,10.08
2027-01,Budget,5001,D003,Input,SL04,Direct Percentage Share,0.55
2027-01,Budget,5001,D004,Input,SL02,Direct Percentage Share,53.75
2027-01,Budget,5001,D004,Input,SL07,Direct Percentage Share,46.25
2027-01,Budget,5001,D005,Input,SL02,Direct Percentage Share,44.44
2027-01,Budget,5001,D005,Input,SL06,Direct Percentage Share,55.56
2027-01,Budget,5001,D006,Input,SL08,Direct Percentage Share,62.84
2027-01,Budget,5001,D006,Input,SL03,Direct Percentage Share,13.51
2027-01,Budget,5001,D006,Input,SL07,Direct Percentage Share,23.65
2027-01,Budget,5001,D007,Input,SL05,Direct Percentage Share,71.94
2027-01,Budget,5001,D007,Input,SL03,Direct Percentage Share,28.06
2027-01,Budget,5001,D008,Input,SL02,Direct Percentage Share,94.29
2027-01,Budget,5001,D008,Input,SL07,Direct Percentage Share,5.71
2027-01,Budget,5001,D009,Input,SL03,Direct Percentage Share,42.23
2027-01,Budget,5001,D009,Input,SL08,Direct Percentage Share,45.1
2027-01,Budget,5001,D009,Input,SL07,Direct Percentage Share,12.67
2027-01,Budget,5001,D010,Input,SL06,Direct Percentage Share,75.07
2027-01,Budget,5001,D010,Input,SL07,Direct Percentage Share,24.93
2027-01,Budget,5001,D011,Input,SL08,Direct Percentage Share,28.05
2027-01,Budget,5001,D011,Input,SL03,Direct Percentage Share,34.44
2027-01,Budget,5001,D011,Input,SL04,Direct Percentage Share,4.89
2027-01,Budget,5001,D011,Input,SL06,Direct Percentage Share,30.09
2027-01,Budget,5001,D011,Input,SL05,Direct Percentage Share,2.53
2027-01,Budget,5001,D012,Input,SL02,Direct Percentage Share,32.4
2027-01,Budget,5001,D012,Input,SL04,Direct Percentage Share,38.19
2027-01,Budget,5001,D012,Input,SL05,Direct Percentage Share,29.41
2027-01,Budget,5001,D013,Input,SL06,Direct Percentage Share,52.53
2027-01,Budget,5001,D013,Input,SL05,Direct Percentage Share,6.45
2027-01,Budget,5001,D013,Input,SL01,Direct Percentage Share,23.47
2027-01,Budget,5001,D013,Input,SL02,Direct Percentage Share,2.62
2027-01,Budget,5001,D013,Input,SL04,Direct Percentage Share,14.93
2027-01,Budget,5001,D014,Input,SL01,Direct Percentage Share,26.59
2027-01,Budget,5001,D014,Input,SL06,Direct Percentage Share,19.97
2027-01,Budget,5001,D014,Input,SL07,Direct Percentage Share,19.57
2027-01,Budget,5001,D014,Input,SL05,Direct Percentage Share,33.87
2027-01,Budget,5001,D015,Input,SL02,Direct Percentage Share,24.89
2027-01,Budget,5001,D015,Input,SL04,Direct Percentage Share,34.29
2027-01,Budget,5001,D015,Input,SL06,Direct Percentage Share,33.14
2027-01,Budget,5001,D015,Input,SL08,Direct Percentage Share,7.68
2027-01,Budget,5001,D016,Input,SL01,Direct Percentage Share,64.89
2027-01,Budget,5001,D016,Input,SL06,Direct Percentage Share,35.11
2027-01,Budget,5001,D017,Input,SL08,Direct Percentage Share,16.14
2027-01,Budget,5001,D017,Input,SL07,Direct Percentage Share,16.65
2027-01,Budget,5001,D017,Input,SL02,Direct Percentage Share,14.0
2027-01,Budget,5001,D017,Input,SL01,Direct Percentage Share,25.51
2027-01,Budget,5001,D017,Input,SL04,Direct Percentage Share,27.7
2027-01,Budget,5002,D001,Input,SL07,Direct Percentage Share,23.15
2027-01,Budget,5002,D001,Input,SL08,Direct Percentage Share,29.85
2027-01,Budget,5002,D001,Input,SL02,Direct Percentage Share,4.58
2027-01,Budget,5002,D001,Input,SL01,Direct Percentage Share,25.96
2027-01,Budget,5002,D001,Input,SL04,Direct Percentage Share,16.46
2027-01,Budget,5002,D002,Input,SL01,Direct Percentage Share,29.76
2027-01,Budget,5002,D002,Input,SL08,Direct Percentage Share,0.01
2027-01,Budget,5002,D002,Input,SL04,Direct Percentage Share,4.86
2027-01,Budget,5002,D002,Input,SL06,Direct Percentage Share,32.29
2027-01,Budget,5002,D002,Input,SL07,Direct Percentage Share,33.08
2027-01,Budget,5002,D003,Input,SL04,Direct Percentage Share,59.74
2027-01,Budget,5002,D003,Input,SL06,Direct Percentage Share,22.84
2027-01,Budget,5002,D003,Input,SL07,Direct Percentage Share,3.41
2027-01,Budget,5002,D003,Input,SL08,Direct Percentage Share,14.01
2027-01,Budget,5002,D004,Input,SL06,Direct Percentage Share,31.31
2027-01,Budget,5002,D004,Input,SL05,Direct Percentage Share,15.87
2027-01,Budget,5002,D004,Input,SL07,Direct Percentage Share,19.77
2027-01,Budget,5002,D004,Input,SL08,Direct Percentage Share,4.26
2027-01,Budget,5002,D004,Input,SL04,Direct Percentage Share,28.79
2027-01,Budget,5002,D005,Input,SL06,Direct Percentage Share,46.25
2027-01,Budget,5002,D005,Input,SL03,Direct Percentage Share,53.75
2027-01,Budget,5002,D006,Input,SL06,Direct Percentage Share,30.37
2027-01,Budget,5002,D006,Input,SL08,Direct Percentage Share,16.67
2027-01,Budget,5002,D006,Input,SL01,Direct Percentage Share,27.82
2027-01,Budget,5002,D006,Input,SL07,Direct Percentage Share,25.14
2027-01,Budget,5002,D007,Input,SL02,Direct Percentage Share,5.48
2027-01,Budget,5002,D007,Input,SL03,Direct Percentage Share,38.67
2027-01,Budget,5002,D007,Input,SL05,Direct Percentage Share,9.78
2027-01,Budget,5002,D007,Input,SL08,Direct Percentage Share,37.42
2027-01,Budget,5002,D007,Input,SL06,Direct Percentage Share,8.65
2027-01,Budget,5002,D008,Input,SL02,Direct Percentage Share,29.65
2027-01,Budget,5002,D008,Input,SL07,Direct Percentage Share,26.8
2027-01,Budget,5002,D008,Input,SL04,Direct Percentage Share,18.84
2027-01,Budget,5002,D008,Input,SL01,Direct Percentage Share,24.71
2027-01,Budget,5002,D009,Input,SL08,Direct Percentage Share,35.83
2027-01,Budget,5002,D009,Input,SL06,Direct Percentage Share,0.16
2027-01,Budget,5002,D009,Input,SL05,Direct Percentage Share,27.36
2027-01,Budget,5002,D009,Input,SL07,Direct Percentage Share,20.56
2027-01,Budget,5002,D009,Input,SL02,Direct Percentage Share,16.09
2027-01,Budget,5002,D010,Input,SL03,Direct Percentage Share,4.03
2027-01,Budget,5002,D010,Input,SL06,Direct Percentage Share,25.58
2027-01,Budget,5002,D010,Input,SL05,Direct Percentage Share,23.58
2027-01,Budget,5002,D010,Input,SL02,Direct Percentage Share,12.52
2027-01,Budget,5002,D010,Input,SL07,Direct Percentage Share,34.29
2027-01,Budget,5002,D011,Input,SL04,Direct Percentage Share,18.51
2027-01,Budget,5002,D011,Input,SL03,Direct Percentage Share,5.45
2027-01,Budget,5002,D011,Input,SL08,Direct Percentage Share,16.86
2027-01,Budget,5002,D011,Input,SL07,Direct Percentage Share,28.6
2027-01,Budget,5002,D011,Input,SL05,Direct Percentage Share,30.58
2027-01,Budget,5002,D012,Input,SL06,Direct Percentage Share,36.19
2027-01,Budget,5002,D012,Input,SL08,Direct Percentage Share,11.49
2027-01,Budget,5002,D012,Input,SL07,Direct Percentage Share,35.7
2027-01,Budget,5002,D012,Input,SL05,Direct Percentage Share,16.62
2027-01,Budget,5002,D013,Input,SL03,Direct Percentage Share,30.8
2027-01,Budget,5002,D013,Input,SL06,Direct Percentage Share,42.44
2027-01,Budget,5002,D013,Input,SL07,Direct Percentage Share,19.71
2027-01,Budget,5002,D013,Input,SL02,Direct Percentage Share,7.05
2027-01,Budget,5002,D014,Input,SL08,Direct Percentage Share,22.63
2027-01,Budget,5002,D014,Input,SL05,Direct Percentage Share,30.0
2027-01,Budget,5002,D014,Input,SL07,Direct Percentage Share,17.92
2027-01,Budget,5002,D014,Input,SL04,Direct Percentage Share,29.45
2027-01,Budget,5002,D015,Input,SL01,Direct Percentage Share,7.54
2027-01,Budget,5002,D015,Input,SL05,Direct Percentage Share,34.79
2027-01,Budget,5002,D015,Input,SL08,Direct Percentage Share,10.38
2027-01,Budget,5002,D015,Input,SL06,Direct Percentage Share,38.94
2027-01,Budget,5002,D015,Input,SL04,Direct Percentage Share,8.35
2027-01,Budget,5002,D016,Input,SL05,Direct Percentage Share,13.11
2027-01,Budget,5002,D016,Input,SL02,Direct Percentage Share,34.77
2027-01,Budget,5002,D016,Input,SL01,Direct Percentage Share,23.04
2027-01,Budget,5002,D016,Input,SL03,Direct Percentage Share,29.08
2027-01,Budget,5002,D017,Input,SL07,Direct Percentage Share,41.92
2027-01,Budget,5002,D017,Input,SL02,Direct Percentage Share,42.7
2027-01,Budget,5002,D017,Input,SL05,Direct Percentage Share,15.38
2027-01,Budget,5003,D001,Input,SL07,Direct Percentage Share,34.58
2027-01,Budget,5003,D001,Input,SL04,Direct Percentage Share,65.42
2027-01,Budget,5003,D002,Input,SL01,Direct Percentage Share,8.55
2027-01,Budget,5003,D002,Input,SL08,Direct Percentage Share,36.58
2027-01,Budget,5003,D002,Input,SL06,Direct Percentage Share,36.22
2027-01,Budget,5003,D002,Input,SL03,Direct Percentage Share,18.65
2027-01,Budget,5003,D003,Input,SL06,Direct Percentage Share,28.37
2027-01,Budget,5003,D003,Input,SL07,Direct Percentage Share,31.33
2027-01,Budget,5003,D003,Input,SL05,Direct Percentage Share,40.3
2027-01,Budget,5003,D004,Input,SL05,Direct Percentage Share,48.67
2027-01,Budget,5003,D004,Input,SL04,Direct Percentage Share,3.69
2027-01,Budget,5003,D004,Input,SL02,Direct Percentage Share,47.64
2027-01,Budget,5003,D005,Input,SL07,Direct Percentage Share,43.5
2027-01,Budget,5003,D005,Input,SL01,Direct Percentage Share,56.5
2027-01,Budget,5003,D006,Input,SL03,Direct Percentage Share,0.4
2027-01,Budget,5003,D006,Input,SL05,Direct Percentage Share,33.09
2027-01,Budget,5003,D006,Input,SL08,Direct Percentage Share,66.51
2027-01,Budget,5003,D007,Input,SL03,Direct Percentage Share,43.55
2027-01,Budget,5003,D007,Input,SL08,Direct Percentage Share,56.45
2027-01,Budget,5003,D008,Input,SL08,Direct Percentage Share,21.32
2027-01,Budget,5003,D008,Input,SL07,Direct Percentage Share,46.67
2027-01,Budget,5003,D008,Input,SL05,Direct Percentage Share,18.92
2027-01,Budget,5003,D008,Input,SL06,Direct Percentage Share,13.09
2027-01,Budget,5003,D009,Input,SL02,Direct Percentage Share,14.41
2027-01,Budget,5003,D009,Input,SL07,Direct Percentage Share,49.11
2027-01,Budget,5003,D009,Input,SL05,Direct Percentage Share,36.48
2027-01,Budget,5003,D010,Input,SL04,Direct Percentage Share,15.09
2027-01,Budget,5003,D010,Input,SL02,Direct Percentage Share,13.39
2027-01,Budget,5003,D010,Input,SL06,Direct Percentage Share,43.33
2027-01,Budget,5003,D010,Input,SL03,Direct Percentage Share,28.19
2027-01,Budget,5003,D011,Input,SL01,Direct Percentage Share,11.53
2027-01,Budget,5003,D011,Input,SL08,Direct Percentage Share,30.81
2027-01,Budget,5003,D011,Input,SL06,Direct Percentage Share,44.06
2027-01,Budget,5003,D011,Input,SL03,Direct Percentage Share,11.69
2027-01,Budget,5003,D011,Input,SL04,Direct Percentage Share,1.91
2027-01,Budget,5003,D012,Input,SL07,Direct Percentage Share,16.86
2027-01,Budget,5003,D012,Input,SL08,Direct Percentage Share,47.56
2027-01,Budget,5003,D012,Input,SL01,Direct Percentage Share,1.62
2027-01,Budget,5003,D012,Input,SL04,Direct Percentage Share,33.96
2027-01,Budget,5003,D013,Input,SL08,Direct Percentage Share,35.19
2027-01,Budget,5003,D013,Input,SL04,Direct Percentage Share,7.54
2027-01,Budget,5003,D013,Input,SL01,Direct Percentage Share,20.13
2027-01,Budget,5003,D013,Input,SL03,Direct Percentage Share,37.14
2027-01,Budget,5003,D014,Input,SL01,Direct Percentage Share,20.0
2027-01,Budget,5003,D014,Input,SL06,Direct Percentage Share,59.76
2027-01,Budget,5003,D014,Input,SL08,Direct Percentage Share,20.24
2027-01,Budget,5003,D015,Input,SL02,Direct Percentage Share,41.98
2027-01,Budget,5003,D015,Input,SL08,Direct Percentage Share,8.64
2027-01,Budget,5003,D015,Input,SL05,Direct Percentage Share,25.81
2027-01,Budget,5003,D015,Input,SL04,Direct Percentage Share,18.65
2027-01,Budget,5003,D015,Input,SL01,Direct Percentage Share,4.92
2027-01,Budget,5003,D016,Input,SL03,Direct Percentage Share,78.15
2027-01,Budget,5003,D016,Input,SL07,Direct Percentage Share,21.85
2027-01,Budget,5003,D017,Input,SL05,Direct Percentage Share,38.49
2027-01,Budget,5003,D017,Input,SL04,Direct Percentage Share,34.51
2027-01,Budget,5003,D017,Input,SL07,Direct Percentage Share,27.0
2027-02,Budget,5001,D001,Input,SL02,Direct Percentage Share,24.84
2027-02,Budget,5001,D001,Input,SL05,Direct Percentage Share,19.24
2027-02,Budget,5001,D001,Input,SL01,Direct Percentage Share,23.03
2027-02,Budget,5001,D001,Input,SL07,Direct Percentage Share,2.39
2027-02,Budget,5001,D001,Input,SL06,Direct Percentage Share,30.5
2027-02,Budget,5001,D002,Input,SL05,Direct Percentage Share,53.07
2027-02,Budget,5001,D002,Input,SL07,Direct Percentage Share,46.93
2027-02,Budget,5001,D003,Input,SL08,Direct Percentage Share,30.88
2027-02,Budget,5001,D003,Input,SL04,Direct Percentage Share,34.76
2027-02,Budget,5001,D003,Input,SL07,Direct Percentage Share,8.89
2027-02,Budget,5001,D003,Input,SL01,Direct Percentage Share,25.47
2027-02,Budget,5001,D004,Input,SL03,Direct Percentage Share,48.24
2027-02,Budget,5001,D004,Input,SL08,Direct Percentage Share,0.56
2027-02,Budget,5001,D004,Input,SL06,Direct Percentage Share,44.08
2027-02,Budget,5001,D004,Input,SL07,Direct Percentage Share,7.12
2027-02,Budget,5001,D005,Input,SL01,Direct Percentage Share,52.62
2027-02,Budget,5001,D005,Input,SL05,Direct Percentage Share,47.38
2027-02,Budget,5001,D006,Input,SL05,Direct Percentage Share,45.3
2027-02,Budget,5001,D006,Input,SL02,Direct Percentage Share,54.7
2027-02,Budget,5001,D007,Input,SL04,Direct Percentage Share,11.91
2027-02,Budget,5001,D007,Input,SL08,Direct Percentage Share,15.38
2027-02,Budget,5001,D007,Input,SL06,Direct Percentage Share,51.58
2027-02,Budget,5001,D007,Input,SL05,Direct Percentage Share,21.13
2027-02,Budget,5001,D008,Input,SL03,Direct Percentage Share,48.41
2027-02,Budget,5001,D008,Input,SL06,Direct Percentage Share,51.59
2027-02,Budget,5001,D009,Input,SL02,Direct Percentage Share,5.56
2027-02,Budget,5001,D009,Input,SL03,Direct Percentage Share,40.99
2027-02,Budget,5001,D009,Input,SL06,Direct Percentage Share,27.52
2027-02,Budget,5001,D009,Input,SL01,Direct Percentage Share,18.69
2027-02,Budget,5001,D009,Input,SL07,Direct Percentage Share,7.24
2027-02,Budget,5001,D010,Input,SL02,Direct Percentage Share,9.32
2027-02,Budget,5001,D010,Input,SL03,Direct Percentage Share,25.83
2027-02,Budget,5001,D010,Input,SL05,Direct Percentage Share,64.85
2027-02,Budget,5001,D011,Input,SL05,Direct Percentage Share,33.77
2027-02,Budget,5001,D011,Input,SL06,Direct Percentage Share,21.76
2027-02,Budget,5001,D011,Input,SL08,Direct Percentage Share,18.89
2027-02,Budget,5001,D011,Input,SL02,Direct Percentage Share,25.58
2027-02,Budget,5001,D012,Input,SL06,Direct Percentage Share,52.45
2027-02,Budget,5001,D012,Input,SL02,Direct Percentage Share,47.55
2027-02,Budget,5001,D013,Input,SL05,Direct Percentage Share,34.34
2027-02,Budget,5001,D013,Input,SL07,Direct Percentage Share,18.1
2027-02,Budget,5001,D013,Input,SL03,Direct Percentage Share,14.03
2027-02,Budget,5001,D013,Input,SL02,Direct Percentage Share,11.95
2027-02,Budget,5001,D013,Input,SL06,Direct Percentage Share,21.58
2027-02,Budget,5001,D014,Input,SL02,Direct Percentage Share,55.85
2027-02,Budget,5001,D014,Input,SL07,Direct Percentage Share,9.11
2027-02,Budget,5001,D014,Input,SL03,Direct Percentage Share,35.04
2027-02,Budget,5001,D015,Input,SL02,Direct Percentage Share,29.57
2027-02,Budget,5001,D015,Input,SL06,Direct Percentage Share,21.99
2027-02,Budget,5001,D015,Input,SL01,Direct Percentage Share,28.29
2027-02,Budget,5001,D015,Input,SL07,Direct Percentage Share,20.15
2027-02,Budget,5001,D016,Input,SL01,Direct Percentage Share,26.98
2027-02,Budget,5001,D016,Input,SL05,Direct Percentage Share,49.58
2027-02,Budget,5001,D016,Input,SL03,Direct Percentage Share,23.44
2027-02,Budget,5001,D017,Input,SL06,Direct Percentage Share,38.12
2027-02,Budget,5001,D017,Input,SL04,Direct Percentage Share,25.22
2027-02,Budget,5001,D017,Input,SL02,Direct Percentage Share,36.66
2027-02,Budget,5002,D001,Input,SL08,Direct Percentage Share,19.47
2027-02,Budget,5002,D001,Input,SL05,Direct Percentage Share,78.25
2027-02,Budget,5002,D001,Input,SL07,Direct Percentage Share,2.28
2027-02,Budget,5002,D002,Input,SL03,Direct Percentage Share,16.21
2027-02,Budget,5002,D002,Input,SL07,Direct Percentage Share,18.39
2027-02,Budget,5002,D002,Input,SL05,Direct Percentage Share,65.4
2027-02,Budget,5002,D003,Input,SL08,Direct Percentage Share,28.44
2027-02,Budget,5002,D003,Input,SL03,Direct Percentage Share,63.39
2027-02,Budget,5002,D003,Input,SL01,Direct Percentage Share,8.17
2027-02,Budget,5002,D004,Input,SL04,Direct Percentage Share,19.8
2027-02,Budget,5002,D004,Input,SL01,Direct Percentage Share,30.26
2027-02,Budget,5002,D004,Input,SL06,Direct Percentage Share,14.84
2027-02,Budget,5002,D004,Input,SL02,Direct Percentage Share,35.1
2027-02,Budget,5002,D005,Input,SL01,Direct Percentage Share,31.53
2027-02,Budget,5002,D005,Input,SL06,Direct Percentage Share,68.47
2027-02,Budget,5002,D006,Input,SL05,Direct Percentage Share,9.41
2027-02,Budget,5002,D006,Input,SL08,Direct Percentage Share,35.41
2027-02,Budget,5002,D006,Input,SL07,Direct Percentage Share,19.79
2027-02,Budget,5002,D006,Input,SL06,Direct Percentage Share,35.39
2027-02,Budget,5002,D007,Input,SL05,Direct Percentage Share,81.36
2027-02,Budget,5002,D007,Input,SL04,Direct Percentage Share,18.64
2027-02,Budget,5002,D008,Input,SL06,Direct Percentage Share,36.28
2027-02,Budget,5002,D008,Input,SL07,Direct Percentage Share,0.27
2027-02,Budget,5002,D008,Input,SL03,Direct Percentage Share,36.06
2027-02,Budget,5002,D008,Input,SL04,Direct Percentage Share,17.99
2027-02,Budget,5002,D008,Input,SL05,Direct Percentage Share,9.4
2027-02,Budget,5002,D009,Input,SL04,Direct Percentage Share,25.36
2027-02,Budget,5002,D009,Input,SL02,Direct Percentage Share,50.22
2027-02,Budget,5002,D009,Input,SL07,Direct Percentage Share,8.29
2027-02,Budget,5002,D009,Input,SL06,Direct Percentage Share,16.13
2027-02,Budget,5002,D010,Input,SL02,Direct Percentage Share,22.51
2027-02,Budget,5002,D010,Input,SL04,Direct Percentage Share,27.76
2027-02,Budget,5002,D010,Input,SL06,Direct Percentage Share,30.42
2027-02,Budget,5002,D010,Input,SL07,Direct Percentage Share,19.31
2027-02,Budget,5002,D011,Input,SL01,Direct Percentage Share,47.78
2027-02,Budget,5002,D011,Input,SL02,Direct Percentage Share,10.87
2027-02,Budget,5002,D011,Input,SL05,Direct Percentage Share,41.35
2027-02,Budget,5002,D012,Input,SL01,Direct Percentage Share,50.01
2027-02,Budget,5002,D012,Input,SL02,Direct Percentage Share,28.01
2027-02,Budget,5002,D012,Input,SL03,Direct Percentage Share,21.98
2027-02,Budget,5002,D013,Input,SL05,Direct Percentage Share,26.31
2027-02,Budget,5002,D013,Input,SL01,Direct Percentage Share,73.69
2027-02,Budget,5002,D014,Input,SL08,Direct Percentage Share,29.21
2027-02,Budget,5002,D014,Input,SL02,Direct Percentage Share,30.15
2027-02,Budget,5002,D014,Input,SL07,Direct Percentage Share,6.68
2027-02,Budget,5002,D014,Input,SL04,Direct Percentage Share,24.24
2027-02,Budget,5002,D014,Input,SL06,Direct Percentage Share,9.72
2027-02,Budget,5002,D015,Input,SL08,Direct Percentage Share,24.81
2027-02,Budget,5002,D015,Input,SL05,Direct Percentage Share,41.62
2027-02,Budget,5002,D015,Input,SL07,Direct Percentage Share,11.72
2027-02,Budget,5002,D015,Input,SL01,Direct Percentage Share,21.85
2027-02,Budget,5002,D016,Input,SL03,Direct Percentage Share,24.62
2027-02,Budget,5002,D016,Input,SL05,Direct Percentage Share,16.37
2027-02,Budget,5002,D016,Input,SL01,Direct Percentage Share,23.96
2027-02,Budget,5002,D016,Input,SL02,Direct Percentage Share,14.51
2027-02,Budget,5002,D016,Input,SL04,Direct Percentage Share,20.54
2027-02,Budget,5002,D017,Input,SL08,Direct Percentage Share,17.76
2027-02,Budget,5002,D017,Input,SL06,Direct Percentage Share,82.24
2027-02,Budget,5003,D001,Input,SL07,Direct Percentage Share,32.47
2027-02,Budget,5003,D001,Input,SL05,Direct Percentage Share,67.53
2027-02,Budget,5003,D002,Input,SL04,Direct Percentage Share,20.4
2027-02,Budget,5003,D002,Input,SL07,Direct Percentage Share,25.69
2027-02,Budget,5003,D002,Input,SL08,Direct Percentage Share,26.38
2027-02,Budget,5003,D002,Input,SL06,Direct Percentage Share,24.14
2027-02,Budget,5003,D002,Input,SL03,Direct Percentage Share,3.39
2027-02,Budget,5003,D003,Input,SL05,Direct Percentage Share,57.16
2027-02,Budget,5003,D003,Input,SL04,Direct Percentage Share,5.26
2027-02,Budget,5003,D003,Input,SL02,Direct Percentage Share,37.58
2027-02,Budget,5003,D004,Input,SL05,Direct Percentage Share,22.47
2027-02,Budget,5003,D004,Input,SL02,Direct Percentage Share,16.21
2027-02,Budget,5003,D004,Input,SL01,Direct Percentage Share,8.88
2027-02,Budget,5003,D004,Input,SL06,Direct Percentage Share,34.77
2027-02,Budget,5003,D004,Input,SL08,Direct Percentage Share,17.67
2027-02,Budget,5003,D005,Input,SL03,Direct Percentage Share,71.98
2027-02,Budget,5003,D005,Input,SL04,Direct Percentage Share,28.02
2027-02,Budget,5003,D006,Input,SL06,Direct Percentage Share,15.88
2027-02,Budget,5003,D006,Input,SL05,Direct Percentage Share,30.09
2027-02,Budget,5003,D006,Input,SL03,Direct Percentage Share,18.52
2027-02,Budget,5003,D006,Input,SL04,Direct Percentage Share,14.21
2027-02,Budget,5003,D006,Input,SL02,Direct Percentage Share,21.3
2027-02,Budget,5003,D007,Input,SL05,Direct Percentage Share,24.55
2027-02,Budget,5003,D007,Input,SL08,Direct Percentage Share,28.52
2027-02,Budget,5003,D007,Input,SL03,Direct Percentage Share,21.99
2027-02,Budget,5003,D007,Input,SL04,Direct Percentage Share,24.94
2027-02,Budget,5003,D008,Input,SL03,Direct Percentage Share,26.77
2027-02,Budget,5003,D008,Input,SL01,Direct Percentage Share,27.26
2027-02,Budget,5003,D008,Input,SL02,Direct Percentage Share,20.9
2027-02,Budget,5003,D008,Input,SL05,Direct Percentage Share,23.3
2027-02,Budget,5003,D008,Input,SL04,Direct Percentage Share,1.77
2027-02,Budget,5003,D009,Input,SL01,Direct Percentage Share,53.61
2027-02,Budget,5003,D009,Input,SL07,Direct Percentage Share,25.21
2027-02,Budget,5003,D009,Input,SL08,Direct Percentage Share,3.71
2027-02,Budget,5003,D009,Input,SL02,Direct Percentage Share,12.84
2027-02,Budget,5003,D009,Input,SL04,Direct Percentage Share,4.63
2027-02,Budget,5003,D010,Input,SL07,Direct Percentage Share,54.1
2027-02,Budget,5003,D010,Input,SL04,Direct Percentage Share,45.9
2027-02,Budget,5003,D011,Input,SL03,Direct Percentage Share,97.88
2027-02,Budget,5003,D011,Input,SL06,Direct Percentage Share,2.12
2027-02,Budget,5003,D012,Input,SL04,Direct Percentage Share,54.13
2027-02,Budget,5003,D012,Input,SL01,Direct Percentage Share,24.31
2027-02,Budget,5003,D012,Input,SL05,Direct Percentage Share,17.78
2027-02,Budget,5003,D012,Input,SL06,Direct Percentage Share,3.78
2027-02,Budget,5003,D013,Input,SL01,Direct Percentage Share,46.81
2027-02,Budget,5003,D013,Input,SL02,Direct Percentage Share,36.61
2027-02,Budget,5003,D013,Input,SL08,Direct Percentage Share,16.58
2027-02,Budget,5003,D014,Input,SL07,Direct Percentage Share,36.67
2027-02,Budget,5003,D014,Input,SL05,Direct Percentage Share,3.41
2027-02,Budget,5003,D014,Input,SL02,Direct Percentage Share,4.49
2027-02,Budget,5003,D014,Input,SL08,Direct Percentage Share,14.15
2027-02,Budget,5003,D014,Input,SL01,Direct Percentage Share,41.28
2027-02,Budget,5003,D015,Input,SL06,Direct Percentage Share,26.29
2027-02,Budget,5003,D015,Input,SL07,Direct Percentage Share,8.44
2027-02,Budget,5003,D015,Input,SL03,Direct Percentage Share,40.33
2027-02,Budget,5003,D015,Input,SL02,Direct Percentage Share,24.94
2027-02,Budget,5003,D016,Input,SL03,Direct Percentage Share,36.79
2027-02,Budget,5003,D016,Input,SL04,Direct Percentage Share,33.13
2027-02,Budget,5003,D016,Input,SL05,Direct Percentage Share,22.38
2027-02,Budget,5003,D016,Input,SL01,Direct Percentage Share,7.7
2027-02,Budget,5003,D017,Input,SL05,Direct Percentage Share,18.45
2027-02,Budget,5003,D017,Input,SL06,Direct Percentage Share,25.23
2027-02,Budget,5003,D017,Input,SL04,Direct Percentage Share,24.82
2027-02,Budget,5003,D017,Input,SL07,Direct Percentage Share,31.5
2027-03,Budget,5001,D001,Input,SL08,Direct Percentage Share,10.96
2027-03,Budget,5001,D001,Input,SL05,Direct Percentage Share,16.28
2027-03,Budget,5001,D001,Input,SL01,Direct Percentage Share,33.55
2027-03,Budget,5001,D001,Input,SL04,Direct Percentage Share,9.38
2027-03,Budget,5001,D001,Input,SL06,Direct Percentage Share,29.83
2027-03,Budget,5001,D002,Input,SL07,Direct Percentage Share,0.83
2027-03,Budget,5001,D002,Input,SL03,Direct Percentage Share,70.33
2027-03,Budget,5001,D002,Input,SL05,Direct Percentage Share,20.98
2027-03,Budget,5001,D002,Input,SL06,Direct Percentage Share,7.86
2027-03,Budget,5001,D003,Input,SL02,Direct Percentage Share,24.35
2027-03,Budget,5001,D003,Input,SL05,Direct Percentage Share,16.96
2027-03,Budget,5001,D003,Input,SL08,Direct Percentage Share,44.51
2027-03,Budget,5001,D003,Input,SL04,Direct Percentage Share,14.18
2027-03,Budget,5001,D004,Input,SL08,Direct Percentage Share,31.64
2027-03,Budget,5001,D004,Input,SL06,Direct Percentage Share,32.61
2027-03,Budget,5001,D004,Input,SL02,Direct Percentage Share,35.75
2027-03,Budget,5001,D005,Input,SL04,Direct Percentage Share,42.43
2027-03,Budget,5001,D005,Input,SL07,Direct Percentage Share,18.06
2027-03,Budget,5001,D005,Input,SL02,Direct Percentage Share,39.51
2027-03,Budget,5001,D006,Input,SL02,Direct Percentage Share,65.99
2027-03,Budget,5001,D006,Input,SL06,Direct Percentage Share,34.01
2027-03,Budget,5001,D007,Input,SL01,Direct Percentage Share,43.73
2027-03,Budget,5001,D007,Input,SL07,Direct Percentage Share,56.27
2027-03,Budget,5001,D008,Input,SL05,Direct Percentage Share,17.88
2027-03,Budget,5001,D008,Input,SL04,Direct Percentage Share,33.71
2027-03,Budget,5001,D008,Input,SL02,Direct Percentage Share,5.76
2027-03,Budget,5001,D008,Input,SL08,Direct Percentage Share,23.63
2027-03,Budget,5001,D008,Input,SL03,Direct Percentage Share,19.02
2027-03,Budget,5001,D009,Input,SL06,Direct Percentage Share,52.58
2027-03,Budget,5001,D009,Input,SL04,Direct Percentage Share,47.42
2027-03,Budget,5001,D010,Input,SL02,Direct Percentage Share,37.91
2027-03,Budget,5001,D010,Input,SL06,Direct Percentage Share,0.65
2027-03,Budget,5001,D010,Input,SL05,Direct Percentage Share,11.59
2027-03,Budget,5001,D010,Input,SL04,Direct Percentage Share,31.95
2027-03,Budget,5001,D010,Input,SL03,Direct Percentage Share,17.9
2027-03,Budget,5001,D011,Input,SL03,Direct Percentage Share,15.35
2027-03,Budget,5001,D011,Input,SL05,Direct Percentage Share,54.62
2027-03,Budget,5001,D011,Input,SL08,Direct Percentage Share,19.55
2027-03,Budget,5001,D011,Input,SL02,Direct Percentage Share,10.48
2027-03,Budget,5001,D012,Input,SL04,Direct Percentage Share,42.27
2027-03,Budget,5001,D012,Input,SL08,Direct Percentage Share,13.84
2027-03,Budget,5001,D012,Input,SL06,Direct Percentage Share,8.9
2027-03,Budget,5001,D012,Input,SL03,Direct Percentage Share,6.49
2027-03,Budget,5001,D012,Input,SL05,Direct Percentage Share,28.5
2027-03,Budget,5001,D013,Input,SL02,Direct Percentage Share,36.29
2027-03,Budget,5001,D013,Input,SL06,Direct Percentage Share,25.06
2027-03,Budget,5001,D013,Input,SL03,Direct Percentage Share,38.65
2027-03,Budget,5001,D014,Input,SL03,Direct Percentage Share,13.22
2027-03,Budget,5001,D014,Input,SL07,Direct Percentage Share,71.18
2027-03,Budget,5001,D014,Input,SL06,Direct Percentage Share,15.6
2027-03,Budget,5001,D015,Input,SL03,Direct Percentage Share,30.05
2027-03,Budget,5001,D015,Input,SL07,Direct Percentage Share,11.48
2027-03,Budget,5001,D015,Input,SL06,Direct Percentage Share,21.51
2027-03,Budget,5001,D015,Input,SL05,Direct Percentage Share,21.72
2027-03,Budget,5001,D015,Input,SL08,Direct Percentage Share,15.24
2027-03,Budget,5001,D016,Input,SL01,Direct Percentage Share,30.62
2027-03,Budget,5001,D016,Input,SL02,Direct Percentage Share,40.47
2027-03,Budget,5001,D016,Input,SL03,Direct Percentage Share,28.91
2027-03,Budget,5001,D017,Input,SL05,Direct Percentage Share,26.25
2027-03,Budget,5001,D017,Input,SL03,Direct Percentage Share,38.15
2027-03,Budget,5001,D017,Input,SL07,Direct Percentage Share,16.21
2027-03,Budget,5001,D017,Input,SL08,Direct Percentage Share,19.39
2027-03,Budget,5002,D001,Input,SL04,Direct Percentage Share,8.79
2027-03,Budget,5002,D001,Input,SL05,Direct Percentage Share,39.35
2027-03,Budget,5002,D001,Input,SL07,Direct Percentage Share,17.91
2027-03,Budget,5002,D001,Input,SL06,Direct Percentage Share,33.95
2027-03,Budget,5002,D002,Input,SL08,Direct Percentage Share,12.01
2027-03,Budget,5002,D002,Input,SL01,Direct Percentage Share,24.8
2027-03,Budget,5002,D002,Input,SL04,Direct Percentage Share,22.51
2027-03,Budget,5002,D002,Input,SL05,Direct Percentage Share,16.61
2027-03,Budget,5002,D002,Input,SL03,Direct Percentage Share,24.07
2027-03,Budget,5002,D003,Input,SL07,Direct Percentage Share,13.09
2027-03,Budget,5002,D003,Input,SL08,Direct Percentage Share,11.94
2027-03,Budget,5002,D003,Input,SL01,Direct Percentage Share,24.87
2027-03,Budget,5002,D003,Input,SL06,Direct Percentage Share,27.05
2027-03,Budget,5002,D003,Input,SL02,Direct Percentage Share,23.05
2027-03,Budget,5002,D004,Input,SL05,Direct Percentage Share,20.59
2027-03,Budget,5002,D004,Input,SL04,Direct Percentage Share,9.15
2027-03,Budget,5002,D004,Input,SL03,Direct Percentage Share,1.15
2027-03,Budget,5002,D004,Input,SL08,Direct Percentage Share,36.19
2027-03,Budget,5002,D004,Input,SL07,Direct Percentage Share,32.92
2027-03,Budget,5002,D005,Input,SL04,Direct Percentage Share,80.6
2027-03,Budget,5002,D005,Input,SL02,Direct Percentage Share,19.4
2027-03,Budget,5002,D006,Input,SL01,Direct Percentage Share,4.89
2027-03,Budget,5002,D006,Input,SL08,Direct Percentage Share,29.05
2027-03,Budget,5002,D006,Input,SL04,Direct Percentage Share,3.96
2027-03,Budget,5002,D006,Input,SL05,Direct Percentage Share,43.78
2027-03,Budget,5002,D006,Input,SL07,Direct Percentage Share,18.32
2027-03,Budget,5002,D007,Input,SL04,Direct Percentage Share,40.42
2027-03,Budget,5002,D007,Input,SL06,Direct Percentage Share,11.53
2027-03,Budget,5002,D007,Input,SL03,Direct Percentage Share,48.05
2027-03,Budget,5002,D008,Input,SL01,Direct Percentage Share,16.71
2027-03,Budget,5002,D008,Input,SL08,Direct Percentage Share,42.84
2027-03,Budget,5002,D008,Input,SL06,Direct Percentage Share,40.45
2027-03,Budget,5002,D009,Input,SL05,Direct Percentage Share,19.01
2027-03,Budget,5002,D009,Input,SL08,Direct Percentage Share,14.69
2027-03,Budget,5002,D009,Input,SL04,Direct Percentage Share,24.09
2027-03,Budget,5002,D009,Input,SL02,Direct Percentage Share,28.22
2027-03,Budget,5002,D009,Input,SL07,Direct Percentage Share,13.99
2027-03,Budget,5002,D010,Input,SL06,Direct Percentage Share,42.98
2027-03,Budget,5002,D010,Input,SL04,Direct Percentage Share,23.6
2027-03,Budget,5002,D010,Input,SL05,Direct Percentage Share,19.54
2027-03,Budget,5002,D010,Input,SL02,Direct Percentage Share,13.88
2027-03,Budget,5002,D011,Input,SL01,Direct Percentage Share,19.72
2027-03,Budget,5002,D011,Input,SL08,Direct Percentage Share,26.91
2027-03,Budget,5002,D011,Input,SL05,Direct Percentage Share,0.48
2027-03,Budget,5002,D011,Input,SL02,Direct Percentage Share,52.89
2027-03,Budget,5002,D012,Input,SL05,Direct Percentage Share,27.93
2027-03,Budget,5002,D012,Input,SL01,Direct Percentage Share,19.22
2027-03,Budget,5002,D012,Input,SL04,Direct Percentage Share,6.61
2027-03,Budget,5002,D012,Input,SL03,Direct Percentage Share,30.92
2027-03,Budget,5002,D012,Input,SL02,Direct Percentage Share,15.32
2027-03,Budget,5002,D013,Input,SL03,Direct Percentage Share,38.12
2027-03,Budget,5002,D013,Input,SL06,Direct Percentage Share,48.87
2027-03,Budget,5002,D013,Input,SL07,Direct Percentage Share,13.01
2027-03,Budget,5002,D014,Input,SL07,Direct Percentage Share,23.86
2027-03,Budget,5002,D014,Input,SL06,Direct Percentage Share,76.14
2027-03,Budget,5002,D015,Input,SL05,Direct Percentage Share,35.83
2027-03,Budget,5002,D015,Input,SL06,Direct Percentage Share,18.29
2027-03,Budget,5002,D015,Input,SL07,Direct Percentage Share,37.8
2027-03,Budget,5002,D015,Input,SL08,Direct Percentage Share,8.08
2027-03,Budget,5002,D016,Input,SL02,Direct Percentage Share,23.03
2027-03,Budget,5002,D016,Input,SL06,Direct Percentage Share,35.63
2027-03,Budget,5002,D016,Input,SL04,Direct Percentage Share,25.03
2027-03,Budget,5002,D016,Input,SL05,Direct Percentage Share,16.31
2027-03,Budget,5002,D017,Input,SL01,Direct Percentage Share,33.36
2027-03,Budget,5002,D017,Input,SL05,Direct Percentage Share,18.35
2027-03,Budget,5002,D017,Input,SL08,Direct Percentage Share,48.29
2027-03,Budget,5003,D001,Input,SL01,Direct Percentage Share,16.77
2027-03,Budget,5003,D001,Input,SL02,Direct Percentage Share,11.61
2027-03,Budget,5003,D001,Input,SL08,Direct Percentage Share,10.58
2027-03,Budget,5003,D001,Input,SL07,Direct Percentage Share,27.15
2027-03,Budget,5003,D001,Input,SL06,Direct Percentage Share,33.89
2027-03,Budget,5003,D002,Input,SL01,Direct Percentage Share,11.68
2027-03,Budget,5003,D002,Input,SL03,Direct Percentage Share,17.22
2027-03,Budget,5003,D002,Input,SL08,Direct Percentage Share,23.83
2027-03,Budget,5003,D002,Input,SL02,Direct Percentage Share,7.97
2027-03,Budget,5003,D002,Input,SL06,Direct Percentage Share,39.3
2027-03,Budget,5003,D003,Input,SL07,Direct Percentage Share,31.96
2027-03,Budget,5003,D003,Input,SL08,Direct Percentage Share,23.44
2027-03,Budget,5003,D003,Input,SL01,Direct Percentage Share,12.62
2027-03,Budget,5003,D003,Input,SL06,Direct Percentage Share,31.98
2027-03,Budget,5003,D004,Input,SL01,Direct Percentage Share,49.18
2027-03,Budget,5003,D004,Input,SL02,Direct Percentage Share,6.28
2027-03,Budget,5003,D004,Input,SL04,Direct Percentage Share,44.54
2027-03,Budget,5003,D005,Input,SL08,Direct Percentage Share,46.76
2027-03,Budget,5003,D005,Input,SL04,Direct Percentage Share,45.53
2027-03,Budget,5003,D005,Input,SL06,Direct Percentage Share,7.71
2027-03,Budget,5003,D006,Input,SL02,Direct Percentage Share,61.69
2027-03,Budget,5003,D006,Input,SL03,Direct Percentage Share,38.31
2027-03,Budget,5003,D007,Input,SL01,Direct Percentage Share,58.68
2027-03,Budget,5003,D007,Input,SL07,Direct Percentage Share,14.23
2027-03,Budget,5003,D007,Input,SL06,Direct Percentage Share,26.18
2027-03,Budget,5003,D007,Input,SL02,Direct Percentage Share,0.91
2027-03,Budget,5003,D008,Input,SL02,Direct Percentage Share,33.08
2027-03,Budget,5003,D008,Input,SL04,Direct Percentage Share,19.84
2027-03,Budget,5003,D008,Input,SL08,Direct Percentage Share,23.58
2027-03,Budget,5003,D008,Input,SL01,Direct Percentage Share,23.5
2027-03,Budget,5003,D009,Input,SL06,Direct Percentage Share,17.34
2027-03,Budget,5003,D009,Input,SL07,Direct Percentage Share,34.85
2027-03,Budget,5003,D009,Input,SL01,Direct Percentage Share,47.81
2027-03,Budget,5003,D010,Input,SL01,Direct Percentage Share,37.88
2027-03,Budget,5003,D010,Input,SL08,Direct Percentage Share,42.75
2027-03,Budget,5003,D010,Input,SL03,Direct Percentage Share,6.8
2027-03,Budget,5003,D010,Input,SL02,Direct Percentage Share,12.57
2027-03,Budget,5003,D011,Input,SL08,Direct Percentage Share,33.13
2027-03,Budget,5003,D011,Input,SL06,Direct Percentage Share,17.21
2027-03,Budget,5003,D011,Input,SL02,Direct Percentage Share,6.47
2027-03,Budget,5003,D011,Input,SL01,Direct Percentage Share,43.19
2027-03,Budget,5003,D012,Input,SL08,Direct Percentage Share,10.95
2027-03,Budget,5003,D012,Input,SL05,Direct Percentage Share,10.78
2027-03,Budget,5003,D012,Input,SL03,Direct Percentage Share,20.08
2027-03,Budget,5003,D012,Input,SL07,Direct Percentage Share,42.29
2027-03,Budget,5003,D012,Input,SL04,Direct Percentage Share,15.9
2027-03,Budget,5003,D013,Input,SL02,Direct Percentage Share,24.82
2027-03,Budget,5003,D013,Input,SL05,Direct Percentage Share,45.26
2027-03,Budget,5003,D013,Input,SL08,Direct Percentage Share,29.92
2027-03,Budget,5003,D014,Input,SL01,Direct Percentage Share,22.78
2027-03,Budget,5003,D014,Input,SL07,Direct Percentage Share,27.42
2027-03,Budget,5003,D014,Input,SL06,Direct Percentage Share,19.24
2027-03,Budget,5003,D014,Input,SL05,Direct Percentage Share,11.3
2027-03,Budget,5003,D014,Input,SL04,Direct Percentage Share,19.26
2027-03,Budget,5003,D015,Input,SL02,Direct Percentage Share,10.58
2027-03,Budget,5003,D015,Input,SL06,Direct Percentage Share,38.11
2027-03,Budget,5003,D015,Input,SL05,Direct Percentage Share,42.71
2027-03,Budget,5003,D015,Input,SL04,Direct Percentage Share,8.6
2027-03,Budget,5003,D016,Input,SL06,Direct Percentage Share,7.2
2027-03,Budget,5003,D016,Input,SL04,Direct Percentage Share,34.07
2027-03,Budget,5003,D016,Input,SL08,Direct Percentage Share,4.34
2027-03,Budget,5003,D016,Input,SL03,Direct Percentage Share,54.39
2027-03,Budget,5003,D017,Input,SL03,Direct Percentage Share,25.7
2027-03,Budget,5003,D017,Input,SL07,Direct Percentage Share,61.74
2027-03,Budget,5003,D017,Input,SL01,Direct Percentage Share,12.56
